trade_date,score,rating,momentum_val,momentum_score,breadth_val,breadth_score,strength_val,strength_score,volatility_val,volatility_score,avgret_val,avgret_score
20250102,45.05,neutral,0.0433795548063586,93.37955480635868,0.1722853417768672,0.0,0.0087539579065002,58.75395790650029,0.1721391476375388,65.87438976387452,-1.7093951946358723,7.265120134103187
20250103,34.48,fear,0.0303438271964513,80.34382719645134,0.114482501861504,0.0,-0.0223380491437081,27.661950856291885,0.1761122136899605,64.40288381853313,-3.369297915115413,0.0
20250106,53.37,neutral,0.0279672050215675,77.96720502156758,0.4268156424581005,37.802607076350085,-0.0042830540037243,45.71694599627561,0.1670082610359024,67.77471813485096,-0.4966359031657356,37.58410242085661
20250107,84.97,extreme greed,0.0345776028159034,84.5776028159035,0.8177926670388982,100.0,0.023822817792667,73.82281779266704,0.1705790603993454,66.45219985209425,2.215353433835846,100.0
20250108,58.34,greed,0.0318939835709206,81.89398357092065,0.3681369812023078,28.02283020038463,0.0145170295924064,64.51702959240647,0.1668971378468706,67.81587487152939,-0.0211572864321607,49.47106783919598
20250109,65.1,greed,0.0285037801939687,78.50378019396871,0.5078154075176777,51.30256791961294,0.0178637886118347,67.86378861183475,0.1668650352937627,67.82776470601381,0.3995336248604391,59.988340621510986
20250110,35.47,fear,0.0149605350249781,64.96053502497818,0.0993488372093023,0.0,-0.0066976744186046,43.30232558139535,0.1634351689669699,69.0980855677889,-2.664830195348837,0.0
20250113,60.78,greed,0.01160408342244,61.60408342244001,0.5595459620394492,59.92432700657485,0.0044659471529586,54.46594715295869,0.1455329558039486,75.7285348874264,0.086246483066617,52.156162076665424
20250114,90.25,extreme greed,0.0374483294215561,87.44832942155618,0.9920029756369724,100.0,0.062674353728845,100.0,0.1777625915958795,63.79163274226683,4.838092356332527,100.0
20250115,52.88,neutral,0.0300676439898608,80.06764398986084,0.3097229968395613,18.287166139926875,0.0100390407138873,60.03904071388734,0.1781387782871895,63.652304338077954,-0.3052283695854247,42.36929076036438
20250116,69.27,greed,0.0305249709858894,80.52497098588947,0.6261386874883808,71.02311458139678,0.0143149284253578,64.31492842535788,0.1767415495080082,64.16979647851548,0.6522605316973416,66.30651329243354
20250117,61.19,greed,0.0330640761376197,83.06407613761975,0.4871699516548903,47.86165860914837,0.0094830792116028,59.48307921160282,0.1773688599491483,63.937459278093215,0.0650791558200074,51.62697889550019
20250120,72.51,greed,0.0370235045630802,87.02350456308024,0.6728659103589362,78.81098505982268,0.010786684024549,60.78668402454901,0.1783508735076605,63.57375055271832,0.8950527059698717,72.37631764924679
20250121,56.86,greed,0.0371188422506711,87.1188422506712,0.3690277003160438,28.171283386007307,0.0083658672615727,58.36586726157278,0.1782257833445751,63.62008024274994,-0.1182940881204685,47.04264779698829
20250122,44.04,fear,0.0269123673713236,76.91236737132363,0.1917146572543191,0.0,0.0033438603009474,53.34386030094743,0.1723652502731103,65.79064804699617,-1.0346144157532973,24.134639606167568
20250123,57.06,greed,0.0280893347338799,78.08933473387998,0.4335066864784547,38.91778107974244,0.0050148588410104,55.01485884101041,0.1727047303951737,65.66491466845414,-0.0956077080237741,47.609807299405645
20250124,76.26,extreme greed,0.0350803871657581,85.08038716575813,0.7353651737595243,89.22752895992069,0.0137520906894629,63.752090689462925,0.1760719301814056,64.41780363651642,1.152569503809701,78.81423759524253
20250127,47.24,neutral,0.0299303676599012,79.93036765990121,0.337421033073207,22.90350551220116,-0.0057599405425492,44.24005945745076,0.1762391756709516,64.35586086261051,-1.0086377926421404,24.78405518394649
20250205,69.32,greed,0.0231213894212665,73.12138942126651,0.637630014858841,72.93833580980682,0.0109583952451708,60.95839524517088,0.1749320592416646,64.83997805864271,0.9888921991084696,74.72230497771174
20250206,86.16,extreme greed,0.0350256769640286,85.02567696402869,0.891736304549675,100.0,0.0310120705663881,81.01207056638812,0.1751738972207183,64.75040843677098,2.426947335190344,100.0
20250207,85.41,extreme greed,0.0473252385058244,97.32523850582449,0.7742294838470107,95.70491397450178,0.0222799851466765,72.27998514667658,0.1475406303432433,74.98495172472467,1.470094430003713,86.75236075009283
20250210,90.52,extreme greed,0.0483744744695424,98.37447446954246,0.7698162242435493,94.96937070725822,0.0343419342862446,84.34193428624467,0.1395618335592686,77.94006164471533,1.8791967514386485,96.97991878596622
20250211,61.31,greed,0.0425682744782764,92.56827447827648,0.3405124396583736,23.41873994306226,0.0170813219457853,67.08132194578536,0.1408814365441166,77.45131979847531,-0.1588344597103602,46.029138507240994
20250212,80.4,extreme greed,0.0512984531233247,100.0,0.6611585592276272,76.8597598712712,0.0217229855180096,71.72298551800965,0.1423075371734338,76.92313438020967,1.0602746379502412,76.50686594875603
20250213,52.48,neutral,0.0461811650170191,96.18116501701918,0.2138481529608316,2.308025493471934,0.0133655095600519,63.36550956005197,0.1430975722346036,76.63052880199864,-1.0435305921663265,23.91173519584184
20250214,69.03,greed,0.0539090439567793,100.0,0.4455997029335314,40.93328382225523,0.0207946528035647,70.7946528035648,0.1444124415080621,76.14354018219919,0.2902035090976606,57.25508772744151
20250217,84.47,extreme greed,0.0547891777581177,100.0,0.6819447021710893,80.32411702851486,0.0296901094822787,79.69010948227873,0.1336738327729944,80.12080267666872,1.2876403971052144,82.19100992763035
20250218,44.43,fear,0.044264247080018,94.26424708001808,0.1356718634001484,0.0,-0.0003711952487008,49.62880475129919,0.1386659007815592,78.2718885994225,-2.371979862657758,0.0
20250219,95.14,extreme greed,0.0502316736385697,100.0,0.8621009651076467,100.0,0.0361915367483296,86.19153674832964,0.1083087384800377,89.51528204443046,2.22933079064588,100.0
20250220,81.21,extreme greed,0.0458971781769996,95.89717817699967,0.6268795247818824,71.14658746364705,0.0235752738073139,73.5752738073139,0.1055325235013896,90.54350981430014,0.9953161128643028,74.88290282160757
20250221,79.56,extreme greed,0.0576173574838203,100.0,0.532937465206903,55.48957753448383,0.0308034885878641,80.80348858786415,0.1123031825989481,88.03585829668587,0.9379506216366674,73.44876554091668
20250224,72.9,greed,0.0538734348780318,100.0,0.5157816561455626,52.630276024260425,0.0165243223171184,66.52432231711845,0.113373850499961,87.63931462964405,0.3086942629038247,57.71735657259563
20250225,58.81,greed,0.0408121845805509,90.81218458055092,0.2854754829123328,14.245913818722132,0.0150445765230312,65.04457652303121,0.1220729108304664,84.41744043316059,-0.4181954680534919,39.54511329866271
20250226,88.64,extreme greed,0.0485293484077982,98.5293484077982,0.7892293407613742,98.20489012689568,0.0265552460538532,76.5552460538533,0.1248848302274829,83.37598880463592,1.4612135933147632,86.53033983286909
20250227,67.4,greed,0.0493102461028791,99.31024610287916,0.3962474456622701,32.70790761037834,0.019134311722088,69.13431172208806,0.1179903895561884,85.92948534955983,-0.0029909158461824,49.92522710384544
20250228,36.35,fear,0.0275077712102376,77.50777121023762,0.1058889095300018,0.0,-0.0230354820731933,26.96451792680661,0.1413455878588693,77.27941190412245,-3.0547817573843585,0.0
20250303,70.22,greed,0.0258869809478041,75.88698094780418,0.5989593012451218,66.49321687418694,0.0137520906894629,63.752090689462925,0.1393140157280456,78.03184602664976,0.6771479836461625,66.92869959115406
20250304,80.33,extreme greed,0.0238109098491217,73.81090984912171,0.7523685677131711,92.06142795219516,0.0208062418725617,70.80624187256176,0.1382740975289282,78.41700091521179,1.4626546349619172,86.56636587404793
20250305,64.34,greed,0.0271065504930492,77.10655049304921,0.4381270903010033,39.687848383500544,0.0172798216276477,67.2798216276477,0.1364716479012319,79.08457485139557,0.3423672798216276,58.55918199554069
20250306,87.52,extreme greed,0.0398535927468963,89.85359274689637,0.7946096654275093,99.10161090458486,0.0299256505576208,79.92565055762083,0.1377965170093936,78.59388258911346,1.605088252788104,90.1272063197026
20250307,57.37,greed,0.035291779585983,85.29177958598306,0.3185281546181007,19.75469243635012,0.0109645047388961,60.96450473889612,0.1317003217921211,80.85173266958475,-0.4001594127485598,39.996014681286006
20250310,72.59,greed,0.0299500642142218,79.95006421422187,0.6093662887939045,68.22771479898407,0.0176547110202564,67.65471102025646,0.1325396883233219,80.54085617654744,0.6630952982716967,66.5773824567924
20250311,68.82,greed,0.0318395949493681,81.83959494936816,0.5351040118870728,55.85066864784546,0.012630014858841,62.63001485884101,0.1315399593626584,80.91112616197836,0.5155301448736997,62.888253621842495
20250312,67.73,greed,0.0267295040189479,76.72950401894792,0.488017833921605,48.002972320267496,0.0200631618056845,70.06316180568456,0.1282359029639829,82.1348507540804,0.4684774846739736,61.71193711684933
20250313,49.03,neutral,0.0213767339595876,71.37673395958761,0.2774373259052924,12.906220984215407,0.0046425255338904,54.64252553389044,0.1283307131488957,82.09973587077937,-1.035213444753946,24.11966388115135
20250314,87.03,extreme greed,0.0445588119860809,94.55881198608093,0.8347260909935005,100.0,0.0224698235840297,72.46982358402971,0.1519281736808008,73.35993567377747,1.7894792757660167,94.73698189415042
20250317,72.06,greed,0.0404421616508918,90.44216165089188,0.5847583643122677,64.1263940520446,0.0159851301115241,65.98513011152416,0.1523001462143619,73.22216806875483,0.6613040334572491,66.53260083643121
20250318,71.43,greed,0.0416498064803239,91.6498064803239,0.5541117505104882,59.01862508508136,0.016521254872842,66.52125487284202,0.1482694235647767,74.71502830934195,0.6104030443660664,65.26007610915165
20250319,51.6,neutral,0.0406572314340865,90.6572314340865,0.2773031203566122,12.883853392768696,-0.0016716196136701,48.32838038632987,0.1467058169560026,75.29414186814718,-0.7658803120356612,30.85299219910847
20250320,57.81,greed,0.0299387865141682,79.93878651416826,0.3676197549201634,27.936625820027228,0.0113256591162272,61.32565911622725,0.1501867122425902,74.00492139163325,-0.166744671370219,45.83138321574452
20250321,38.89,fear,0.0128005537440305,62.80055374403055,0.1848895489140523,0.0,0.0005568962316688,50.55689623166884,0.1531266816906522,72.91604381827696,-1.6734875440876185,8.162811397809538
20250324,43.41,fear,0.0164595786824295,66.45957868242954,0.2710228327454984,11.837138790916402,0.0009281603861147,50.92816038611472,0.1544291360130945,72.4336533284835,-1.3848579914609245,15.378550213476888
20250325,55.74,greed,0.0142359908213409,64.23599082134098,0.4641929499072356,44.0321583178726,-0.0001855287569573,49.81447124304268,0.149187772445188,74.3748990943748,-0.1506751020408163,46.23312244897959
20250326,70.07,greed,0.0093433188561549,59.34331885615492,0.6581339269152291,76.35565448587151,0.0168799851604526,66.8799851604526,0.1460582591334387,75.53397809872641,0.889612094231126,72.24030235577816
20250327,51.42,neutral,0.011094806047702,61.09480604770208,0.3529302670623145,25.48837784371909,0.0038946587537091,53.8946587537092,0.1464190592484514,75.40034842649945,-0.3506954191394659,41.23261452151336
20250328,39.97,fear,0.0051221442018849,55.12214420188495,0.1747356705620478,0.0,-0.0014839547393804,48.51604526061955,0.1287322251409312,81.95102772558104,-1.4296279910962717,14.259300222593213
20250331,40.44,fear,-0.0034452165649213,46.55478343507864,0.2401260893751159,6.687681562519314,-0.0025959577229742,47.40404227702577,0.1314320854579594,80.95107946001504,-1.1767766549230485,20.580583626923797
20250401,71.09,greed,-0.0047497072047526,45.25029279524735,0.7147626112759644,85.79376854599407,0.0146513353115727,64.6513353115727,0.1313934114255244,80.96540317573168,1.1507217544510384,78.76804386127596
20250402,58.12,greed,-0.0069599873459795,43.04001265402042,0.5113088616981831,51.88481028303051,0.0079718205413422,57.97182054134223,0.1303824669824512,81.33982704353656,0.2552685947348906,56.38171486837227
20250403,48.06,neutral,-0.0138376511805904,36.16234881940956,0.3847580196551085,30.793003275851405,0.0024105321713332,52.410532171333216,0.1207923419180449,84.89172521553891,-0.5591537363248655,36.02115659187836
20250407,5.62,extreme fear,-0.0836696529415933,0.0,0.0196624002967909,0.0,-0.8247078464106845,0.0,0.2741836548267454,28.08012784194615,-12.124413949174553,0.0
20250408,44.46,fear,-0.068216630844763,0.0,0.6118323442136498,68.6387240356083,0.0076038575667655,57.60385756676558,0.2847589351134725,24.163357365380563,0.8763837351632047,71.90959337908012
20250409,64.61,greed,-0.0589868861753392,0.0,0.839481000926784,100.0,0.0550509731232622,100.0,0.2878071641272663,23.034383656568,2.877256181649676,100.0
20250410,62.97,greed,-0.0461028289227508,3.8971710772491424,0.917516218721038,100.0,0.0400370713623725,90.03707136237257,0.2935303930473041,20.91466924173919,2.851128544949027,100.0
20250411,47.48,neutral,-0.0411790626338326,8.820937366167362,0.6103077493511309,68.38462489185513,0.0172413793103448,67.24137931034481,0.2943364888357712,20.616115246010665,0.8931847608453836,72.32961902113459
20250414,62.06,greed,-0.038586903623724,11.413096376275924,0.8440571110699054,100.0,0.0254033005748192,75.40330057481921,0.2782768116603639,26.56414382949484,1.8774689783052103,96.93672445763026
20250415,38.89,fear,-0.0375859116554583,12.414088344541677,0.4487108143201632,41.45180238669386,0.0122426265998887,62.242626599888695,0.2785642558781191,26.457683008104027,0.0762545353366722,51.90636338341681
20250416,23.09,extreme fear,-0.0343954026460711,15.6045973539289,0.1872103799814643,0.0,0.0079703429101019,57.97034291010195,0.2786589789656494,26.422600383092785,-1.3816346061167748,15.45913484708063
20250417,48.54,neutral,-0.03417453980513,15.825460194869926,0.579610750695088,63.26845844918133,0.0196478220574606,69.64782205746062,0.2785452296754597,26.464729749829743,0.6997859684893419,67.49464921223355
20250418,37.54,fear,-0.0339323254424178,16.067674557582137,0.4434556915090841,40.57594858484735,0.007415647015202,57.41564701520208,0.2778424274139272,26.72502688373065,-0.1225203930292918,46.936990174267706
20250421,62.84,greed,-0.0306750378437582,19.32496215624176,0.8088616981831664,100.0,0.0229885057471264,72.98850574712642,0.2743439345684447,28.02076497465009,1.7546423062662218,93.86605765665554
20250422,41.86,fear,-0.0309043280940485,19.09567190595148,0.4695845697329376,44.93076162215627,0.014280415430267,64.28041543026706,0.2732667103343526,28.41973691320273,0.1033806008902077,52.5845150222552
20250423,48.54,neutral,-0.0298788914331301,20.121108566869843,0.5904708935854653,65.07848226424422,0.0127919911012235,62.79199110122357,0.2733933688351419,28.37282635735484,0.6540010381905821,66.35002595476456
20250424,29.78,fear,-0.0302259515120884,19.774048487911603,0.2864293659621802,14.404894327030032,0.0085279940674823,58.52799406748239,0.2733540951511831,28.38737216622846,-0.8885364293659621,27.786589265850942
20250425,43.48,fear,-0.0292104896238705,20.789510376129485,0.5251251622473577,54.18752704122628,0.0089004264787687,58.90042647876877,0.2728828075026136,28.56192314718014,0.1991869645837196,54.97967411459299
20250428,22.23,extreme fear,-0.0302072946057359,19.7927053942641,0.2257286059031,4.288100983850009,-0.0059402264711342,44.05977352886579,0.272703920636487,28.62817754204184,-1.4248734917393726,14.378162706515685
20250429,50.41,neutral,-0.0315795257177651,18.42047428223488,0.6634956164894609,77.24926941491013,0.0069016974445066,56.901697444506624,0.2719248329079719,28.91672855260299,0.8226354598022756,70.56588649505689
20250430,51.98,neutral,-0.0323664362899661,17.633563710033844,0.6423507462686567,73.72512437810944,0.0145522388059701,64.55223880597015,0.2718742858048344,28.93544970191317,1.0012241791044774,75.03060447761194
20250506,66.37,greed,-0.0223094348425346,27.69056515746533,0.921277385815076,100.0,0.0263646490902339,76.36464909023394,0.2749049225000821,27.81299166663625,2.8180173041217973,100.0
20250507,53.26,neutral,-0.0161954459076985,33.8045540923015,0.6111729769858946,68.52882949764908,0.0172605790645879,67.26057906458797,0.2752642332379971,27.6799136155566,0.7609100593912398,69.022751484781
20250508,73.23,greed,-0.0106600817360049,39.33991826399503,0.7123770643904249,85.39617739840412,0.0159584338467248,65.9584338467248,0.0836276542051392,98.65642436846694,1.0711605678233438,76.7790141955836
20250509,44.64,fear,-0.0122996242205267,37.70037577947323,0.2250881425125255,4.181357085420916,0.0063091482649842,56.30914826498423,0.0686090724126691,100.0,-0.999059046205233,25.023523844869175
20250512,79.1,extreme greed,-0.0008852183401691,49.11478165983081,0.763035813694563,93.83930228242716,0.0174429393208387,67.44293932083875,0.0711870644092707,100.0,1.4031368714047134,85.07842178511784
20250513,57.18,greed,0.000665089565925,50.66508956592504,0.3600445186421814,26.67408644036356,0.0118716379150435,61.87163791504359,0.0596904936623792,100.0,-0.131578872194398,46.71052819514005
20250514,64.5,greed,0.0129347217393633,62.93472173936338,0.4318308291597106,38.63847152661843,0.0153960304210721,65.39603042107215,0.0691076055014157,100.0,0.2212869782971619,55.53217445742905
20250515,50.89,neutral,0.0039255942810767,53.92559428107675,0.261038961038961,10.173160173160166,0.010204081632653,60.204081632653065,0.0805517661146317,99.795642179766,-0.7861166419294991,30.34708395176252
20250516,67.01,greed,-0.0002012454808358,49.79875451916411,0.5568540159525135,59.4756693254189,0.0137265813392691,63.72658133926915,0.0837832973648432,98.59877875376176,0.5381315711370802,63.45328927842701
20250519,73.31,greed,-0.0028054413832664,47.19455861673356,0.6614699331848553,76.9116555308092,0.0200445434298441,70.0445434298441,0.0852571738313902,98.05289858096656,0.9730401447661472,74.32600361915368
20250520,76.13,extreme greed,0.0030830152151379,53.08301521513798,0.7113459399332592,85.22432332220986,0.0176121616611049,67.61216166110493,0.0862191876796364,97.69659715569018,1.0810782721542451,77.02695680385614
20250521,54.15,neutral,0.0081203664771647,58.12036647716474,0.2996289424860853,16.604823747680886,0.0098330241187384,59.8330241187384,0.0866443153308259,97.53914247006448,-0.4541763265306122,38.645591836734695
20250522,45.07,neutral,0.007881752245076,57.88175224507604,0.1646862235425176,0.0,0.0031563312291125,53.15633122911251,0.0869271953684283,97.43437208576728,-1.325836966208689,16.854075844782773
20250523,45.62,neutral,7.074684135677245e-05,50.07074684135677,0.205456570155902,0.9094283593169964,0.0077951002227171,57.795100222717146,0.0934350291088413,95.02406329302174,-1.027081997030438,24.32295007423905
20250526,72.31,greed,-0.0054167136370977,44.58328636290227,0.7051067780872795,84.18446301454658,0.0137418755803156,63.741875580315686,0.0966967692843942,93.81601137615029,1.009645088207985,75.24112720519962
20250527,60.18,greed,-0.0105263796748031,39.47362032519681,0.4896935933147632,48.28226555246054,0.0144846796657381,64.48467966573816,0.0991619398281605,92.90298524882944,0.230417548746518,55.76043871866296
20250528,50.86,neutral,-0.0110540533956818,38.94594660431812,0.3252832992754969,20.88054987924948,0.0098458108861229,59.845810886122976,0.0993175171152713,92.84536403138098,-0.3279156418354078,41.8021089541148
20250529,81.75,extreme greed,-0.0050024956829515,44.99750431704848,0.8303007797994801,100.0,0.0274786483475677,77.47864834756776,0.1006411266296469,92.35513828531592,1.757362272558485,93.93405681396212
20250530,40.69,fear,-0.0094598991693609,40.54010083063904,0.2072808320950966,1.2134720158494303,0.0022288261515601,52.228826151560185,0.1023226069572266,91.73236779361974,-1.291207187964339,17.719820300891527
20250603,68.86,greed,-0.0063932307616121,43.60676923838787,0.6301115241635687,71.68525402726145,0.0161710037174721,66.1710037174721,0.1022976227653713,91.74162119801062,0.8430032342007435,71.0750808550186
20250604,74.29,greed,-0.0021202883850962,47.87971161490374,0.7359821760118826,89.33036266864708,0.0146676568882287,64.66765688822875,0.0975373814865827,93.50467352348788,1.0423059041960638,76.05764760490159
20250605,63.25,greed,7.571115616999968e-05,50.07571115617,0.496844840386043,49.4741400643405,0.014105419450631,64.10541945063103,0.0957398597786236,94.17042230421347,0.3373112657757981,58.43278164439495
20250606,60.74,greed,-0.0007772930142837,49.22270698571624,0.4824707846410684,47.078464106844734,0.0098312001483954,59.83120014839547,0.0940541698477387,94.79475190824492,0.1107642923390836,52.76910730847709
20250609,78.5,extreme greed,0.0021012290695392,52.10122906953925,0.7649897902357528,94.16496503929211,0.0193057360311861,69.30573603118619,0.0941676182042732,94.75273399841733,1.286570243178021,82.16425607945052
20250610,48.99,neutral,-0.0028955324212928,47.10446757870719,0.2341056533827618,5.6842755637936335,0.0118628359592215,61.86283595922151,0.0865246013430794,97.58348098404468,-0.6910211121408711,32.724472196478224
20250611,70.24,greed,0.0047362515679096,54.73625156790969,0.6326417191552427,72.10695319254043,0.0114857354575768,61.48573545757687,0.090767918884289,96.01188189470776,0.6752407002593552,66.88101750648387
20250612,63.48,greed,0.0042341080239676,54.23410802396762,0.4310855872545387,38.51426454242311,0.0166728417932567,66.67284179325675,0.0788007547404897,100.0,0.3182600407558355,57.95650101889589
20250613,42.27,fear,-0.0028580022468488,47.14199775315115,0.1572804742497221,0.0,0.0075954057058169,57.59540570581697,0.0762948412901961,100.0,-1.736028399407188,6.599290014820303
20250616,72.52,greed,-0.0002787834709742,49.72121652902579,0.659074074074074,76.51234567901233,0.0144444444444444,64.44444444444444,0.0754106577745514,100.0,0.8770466296296296,71.92616574074074
20250617,58.12,greed,-0.0009485300684261,49.0514699315739,0.416204217536071,36.034036256011824,0.0083240843507214,58.32408435072141,0.0746973974417622,100.0,-0.11184008509064,47.203997872734
20250618,54.5,neutral,0.0004260799019206,50.42607990192067,0.3353681095079541,22.561351584659025,0.0077691453940066,57.76914539400666,0.0720264183507173,100.0,-0.3296620051794303,41.75844987051424
20250619,40.44,fear,-0.0074917718351137,42.50822816488626,0.1324699352451434,0.0,0.0035152636447733,53.51526364477336,0.0747461770503194,100.0,-1.7523801295097134,6.190496762257164
20250620,49.39,neutral,-0.006282235434166,43.71776456583394,0.2851858701683003,14.19764502805005,0.0048085814684668,54.8085814684668,0.0750335221721492,100.0,-0.6302620307009433,34.24344923247642
20250623,81.09,extreme greed,-0.0030225810243673,46.97741897563263,0.8230285079600148,100.0,0.0179563124768604,67.95631247686043,0.071054986280551,100.0,1.6201677711958535,90.50419427989634
20250624,84.03,extreme greed,0.0089600240825069,58.96002408250696,0.8825379208287089,100.0,0.0118386977432482,61.83869774324824,0.0803057071364515,99.88677513464756,1.9792302996670368,99.4807574916759
20250625,79.38,extreme greed,0.0233389221368605,73.3389221368605,0.724801183650823,87.46686394180384,0.0159053079341594,65.90530793415942,0.0907696722249848,96.01123250926489,0.9676533012761236,74.19133253190309
20250626,58.48,greed,0.0196584881079704,69.65848810797044,0.299630314232902,16.605052372150336,0.0133086876155268,63.30868761552679,0.0922231397616844,95.47291119937611,-0.1063244547134935,47.34188863216266
20250627,71.03,greed,0.0134313980397446,63.43139803974469,0.625531914893617,70.92198581560282,0.0129509713228492,62.95097132284921,0.0943970545462076,94.66775757547865,0.5267703977798335,63.16925994449584
20250630,81.15,extreme greed,0.0171519346894013,67.15193468940134,0.7504162812210916,91.73604687018192,0.0188714153561517,68.87141535615172,0.0924739877757704,95.38000452749245,1.3046408510638297,82.61602127659575
20250701,67.32,greed,0.0188472810977042,68.84728109770428,0.4864914877868245,47.74858129780408,0.0140636565507031,64.06365655070319,0.0922443269183988,95.46506410429672,0.4189561435973352,60.473903589933386
20250702,58.14,greed,0.0190644621102926,69.06446211029267,0.3599851934110679,26.66419890184465,0.0103646122524523,60.364612252452346,0.0915263790719839,95.73097071408004,-0.4446492319081991,38.88376920229502
20250703,73.22,greed,0.0253981640325045,75.3981640325045,0.6054044049602073,67.5674008267012,0.0135110124005182,63.51101240051823,0.0932957666674221,95.07564197502884,0.5819301869331852,64.54825467332964
20250704,52.2,neutral,0.0290583188156074,79.05831881560749,0.2162812210915818,2.713536848596977,0.0059204440333024,55.920444033302495,0.0933198712833391,95.06671433950402,-0.870694486586494,28.23263783533765
20250707,72.98,greed,0.0247050850155043,74.7050850155044,0.6024430871737924,67.07384786229872,0.0138811771238201,63.8811771238201,0.0952398047986571,94.3556278523492,0.5960739774199519,64.90184943549879
20250708,84.22,extreme greed,0.0332678019535359,83.26780195353595,0.7927077549509531,98.78462582515884,0.0146215065704238,64.62150657042383,0.0957600946843393,94.16292789468912,1.2104766426059597,80.26191606514898
20250709,61.57,greed,0.0314617418994567,81.46174189945671,0.343322234554199,23.8870390923665,0.0118386977432482,61.83869774324824,0.0939212337947278,94.84398748343412,-0.1669793747687754,45.825515630780615
20250710,71.65,greed,0.0361136020968542,86.11360209685421,0.5451350351461339,57.52250585768898,0.0125786163522012,62.57861635220125,0.0944015387834323,94.66609674687692,0.2956274139844617,57.39068534961154
20250711,73.09,greed,0.036932660294263,86.932660294263,0.547236088001479,57.87268133357984,0.0133111480865224,63.31114808652247,0.088660717220575,96.7923269553426,0.4215274172675171,60.53818543168793
20250714,74.97,greed,0.0371518601877658,87.15186018776583,0.5878328402366864,64.63880670611438,0.013128698224852,63.12869822485207,0.0887361149960272,96.76440185332324,0.5270577847633137,63.17644461908284
20250715,55.92,greed,0.0369768000827348,86.97680008273485,0.246301775147929,7.716962524654831,0.0075813609467455,57.58136094674556,0.0883423731423423,96.91023216950283,-0.7827077847633137,30.43230538091716
20250716,74.82,greed,0.0334657939643836,83.46579396438365,0.6062511559090068,67.70852598483445,0.0122063991122618,62.20639911226189,0.0899921703022325,96.29919618435832,0.5773246902163861,64.43311725540966
20250717,80.63,extreme greed,0.0399774224200064,89.97742242000646,0.6539670797114852,75.66117995191418,0.0166450896985389,66.64508969853894,0.0836072890733267,98.66396700987896,0.8888910486406508,72.22227621601627
20250718,71.55,greed,0.0455779290911233,95.57792909112337,0.4815020347761746,46.9170057960291,0.0112837587865334,61.28375878653348,0.0843010404460486,98.407022057019,0.2225241213466518,55.563103033666295
20250721,90.1,extreme greed,0.0517833858039102,100.0,0.7411176905995559,90.18628176659264,0.0288675055514433,78.86750555144337,0.0854729179249708,97.97299336112192,1.338808475203553,83.47021188008883
20250722,75.49,extreme greed,0.0595040835817193,100.0,0.4701962236208811,45.03270393681352,0.0229544613106256,72.95446131062569,0.0810787691409471,99.60045587372326,0.3943409848204368,59.85852462051092
20250723,59.94,greed,0.0590603908051956,100.0,0.2351091379948205,5.851522999136761,0.0083240843507214,58.32408435072141,0.0687128062437625,100.0,-0.5781952460229375,35.54511884942656
20250724,89.48,extreme greed,0.0658105729554487,100.0,0.8123959296947271,100.0,0.0160962072155411,66.09620721554117,0.0677285417818987,100.0,1.251423367252544,81.2855841813136
20250725,71.35,greed,0.0594802090973771,100.0,0.4684668022933235,44.74446704888724,0.0077677085259848,57.76770852598484,0.0662969991568248,100.0,0.1701706306639541,54.254265766598856
20250728,75.56,extreme greed,0.0609986673228717,100.0,0.5142381656804734,52.37302761341223,0.0136834319526627,63.68343195266272,0.0661881801226514,100.0,0.469076423816568,61.7269105954142
20250729,71.01,greed,0.0644505252638616,100.0,0.4138950480413895,35.64917467356491,0.0133037694013303,63.30376940133038,0.0663061976502084,100.0,0.2444487250554324,56.11121812638581
20250730,63.78,greed,0.0635538015259644,100.0,0.3165188470066519,19.419807834441976,0.0097930524759793,59.7930524759793,0.0665231220629869,100.0,-0.4127446969696969,39.68138257575757
20250731,54.38,neutral,0.0435771444606196,93.57714446061966,0.196154557219449,0.0,0.0092438528378628,59.24385283786282,0.0979558949331834,93.34966854326538,-0.9717444259567386,25.706389351081537
20250801,73.72,greed,0.0377524114740095,87.75241147400953,0.611275415896488,68.54590264941466,0.0077634011090573,57.7634011090573,0.1001449283085149,92.53891544129075,0.479507707948244,61.9876926987061
20250804,83.09,extreme greed,0.0412822248316273,91.28222483162736,0.7170334751248382,86.17224585413969,0.0160902533752543,66.09025337525429,0.0987052769110377,93.0721196625786,1.1541173663769189,78.85293415942297
20250805,82.65,extreme greed,0.0490442925255252,99.04429252552522,0.7217085798816568,86.95142998027612,0.0123890532544378,62.38905325443787,0.0983824676608653,93.19167864412395,0.8678546412721894,71.69636603180474
20250806,80.18,extreme greed,0.0509254318067149,100.0,0.6205175600739371,70.08626001232284,0.0158964879852125,65.89648798521259,0.0977679670438334,93.41927146524688,0.8591329759704253,71.47832439926063
20250807,67.87,greed,0.0506433761062086,100.0,0.3915696062118691,31.92826770197817,0.0123867628027361,62.38676280273617,0.0971360594441109,93.65331131699595,0.0561765021260861,51.40441255315216
20250808,69.39,greed,0.047712511110449,97.71251111044906,0.4489003880983182,41.48339801638636,0.0133062280539641,63.30622805396414,0.0980047654136094,93.33156836532984,0.0446124006653113,51.11531001663279
20250811,89.11,extreme greed,0.0517146501024241,100.0,0.7736929613892481,95.61549356487468,0.0214298910031405,71.42989100314058,0.0986172866986415,93.10470863013276,1.4158033622760022,85.39508405690006
20250812,67.51,greed,0.0565901698533062,100.0,0.3847858197932053,30.79763663220088,0.0121861152141802,62.186115214180205,0.0994769010247366,92.78633295380124,0.0711184268833087,51.77796067208271
20250813,76.86,extreme greed,0.0643839846144209,100.0,0.5049889135254989,50.83148558758314,0.0245750184774575,74.5750184774575,0.1004223924555277,92.43615094239712,0.6587660938654841,66.4691523466371
20250814,51.11,neutral,0.0629708679613099,100.0,0.1357842231664511,0.0,0.0060964345095141,56.096434509514125,0.0993003801525598,92.85171105460743,-1.734929022723074,6.626774431923149
20250815,93.16,extreme greed,0.0697935447786604,100.0,0.8545824094604583,100.0,0.0273466371027346,77.34663710273466,0.099926607986858,92.6197748196822,1.8336129157427936,95.84032289356983
20250818,92.66,extreme greed,0.0785862691039152,100.0,0.7462107208872458,91.03512014787428,0.0377079482439926,87.7079482439926,0.1016053450693002,91.9980203447036,1.7031482439926062,92.57870609981516
20250819,76.95,extreme greed,0.0738269659778372,100.0,0.5512654720118234,58.54424533530389,0.0201367079253648,70.13670792536486,0.1006344637831661,92.35760600623476,0.5487569554775541,63.71892388693885
20250820,81.61,extreme greed,0.0853056412721435,100.0,0.6793568656440584,79.89281094067638,0.0170024025133986,67.00240251339864,0.106685634382225,90.116431710287,0.8418906117168731,71.04726529292182
20250821,64.92,greed,0.0887476277750825,100.0,0.4008127077946066,33.46878463243442,0.0079423716291097,57.94237162910972,0.1051814580120717,90.67353406960304,-0.2991026782415958,42.522433043960106
20250822,74.95,greed,0.1106788260705307,100.0,0.5176361957525393,52.93936595875653,0.0195752539242843,69.5752539242844,0.1220989741387549,84.40778735601667,0.7131940535549399,67.8298513388735
20250825,79.36,extreme greed,0.1326736759975677,100.0,0.618836565096953,69.80609418282549,0.0225300092336103,72.53000923361034,0.1374517317134726,78.72158084686198,1.030624616805171,75.76561542012928
20250826,70.55,greed,0.1272543551891773,100.0,0.517725258493353,52.95420974889217,0.0160635155096011,66.06351550960117,0.1401020757931428,77.73997192846562,0.2396867983751846,55.99216995937961
20250827,46.27,neutral,0.1094701445981383,100.0,0.1168543474247738,0.0,0.0088609931696511,58.860993169651096,0.1543445633297201,72.4649765445481,-2.3573025475355363,0.0
20250828,74.07,greed,0.1279816690064736,100.0,0.5294443418866531,54.907390314442175,0.0210448587779213,71.04485877792135,0.1415994592406778,77.18538546641561,0.6894787705371977,67.23696926342994
20250829,63.27,greed,0.134922871337352,100.0,0.3688585149612117,28.143085826868607,0.014222386405615,64.22238640561507,0.1371545621627008,78.83164364344412,-0.1939054857776136,45.15236285555966
20250901,78.89,extreme greed,0.1402626958807631,100.0,0.5925378647949759,65.42297746582932,0.0262282970077576,76.22829700775766,0.1370872858636951,78.85656079122401,0.9580440155153306,73.95110038788326
20250902,49.23,neutral,0.1304997660139721,100.0,0.2325023084025854,5.417051400430897,0.0011080332409972,51.10803324099723,0.1437675308367626,76.38239598638421,-1.4697471837488458,13.256320406278856
20250903,45.57,neutral,0.1215314343774891,100.0,0.1519291120546428,0.0,0.0,50.0,0.1492287681521812,74.35971549919213,-1.8603528705925791,3.4911782351855214
20250904,55.6,greed,0.0968342447716017,100.0,0.4241137370753323,37.35228951255538,-0.0059084194977843,44.09158050221566,0.173970487476913,65.19611574929147,-0.7453581425406204,31.36604643648449
20250905,88.58,extreme greed,0.1195719334888998,100.0,0.8966217463540705,100.0,0.0317518921912497,81.75189219124977,0.1848519270203313,61.16595295543284,2.492985748569319,100.0
20250908,80.22,extreme greed,0.1201794287072997,100.0,0.730208525558221,88.36808759303682,0.0162391585163314,66.23915851633141,0.1850814502406447,61.08094435531676,1.4160296549178817,85.40074137294704
20250909,49.91,neutral,0.111224671635308,100.0,0.2396678966789668,6.61131611316113,0.0084870848708487,58.48708487084871,0.1891449376877396,59.57594900454085,-1.0058569003690037,24.85357749077491
20250910,63.43,greed,0.1123507934678005,100.0,0.450387310955367,41.73121849256117,0.0112504610844706,61.25046108447067,0.1884700781862577,59.825896968052696,0.1727186462559941,54.317966156399855
20250911,82.84,extreme greed,0.1365934144685296,100.0,0.7786386275594909,96.43977125991512,0.0247186865891901,74.71868658919018,0.2004719865929934,55.38074570629872,1.5074230215827338,87.68557553956835
20250912,58.79,greed,0.1289233040564161,100.0,0.3550884955752212,25.848082595870203,0.0154867256637168,65.48672566371681,0.2033464138550433,54.31614301665061,-0.0687411320058997,48.28147169985251
20250915,58.76,greed,0.1304730919376462,100.0,0.3533751383253412,25.56252305422352,0.0156768720029509,65.67687200295094,0.2024960004884538,54.63111093020229,-0.0826849502028771,47.93287624492807
20250916,75.65,extreme greed,0.1268901071796337,100.0,0.6693102176318702,78.21836960531168,0.0189966801918111,68.99668019181114,0.201803867801051,54.887456369981074,1.0459405569900406,76.14851392475101
20250917,65.39,greed,0.1325667055936297,100.0,0.4619073971591957,43.65123285986595,0.018446781036709,68.4467810367091,0.1999446902265797,55.57604065682231,0.3714136690647481,59.285341726618704
20250918,46.61,neutral,0.1182339387559607,100.0,0.1894833948339483,0.0,0.012730627306273,62.73062730627307,0.2067557374537446,53.05343057268714,-1.3094123431734317,17.264691420664207
20250919,55.5,greed,0.1178756932778315,100.0,0.3524529693839911,25.408828230665183,0.0066396163777203,56.6396163777204,0.1948755557380303,57.45349787480357,-0.4792127074880117,38.01968231279971
20250922,62.94,greed,0.1217031990454748,100.0,0.4014396456256921,33.57327427094868,0.0173495754891103,67.34957548911036,0.1815365081784004,62.39388585985167,0.055685418973791,51.392135474344784
20250923,48.03,neutral,0.1196961312841571,100.0,0.2042772861356932,0.7128810226155329,0.0090339233038348,59.0339233038348,0.1808779184477087,62.637807982330095,-1.2903784660766962,17.740538348082595
20250924,84.63,extreme greed,0.1297163852978262,100.0,0.8222058281077094,100.0,0.0186278126152711,68.62781261527113,0.1737573475240402,65.27505647257767,1.5697486536333456,89.24371634083363
20250925,55.94,greed,0.1350145529370008,100.0,0.2722078879469222,12.034647991153705,0.0099520825654257,59.95208256542573,0.1645105758244228,68.69978673169524,-0.4397050313306303,39.00737421673424
20250926,55.0,neutral,0.1228719683838317,100.0,0.3326575746406192,22.10959577343653,0.0049760412827128,54.97604128271286,0.1673346684942024,67.65382648362872,-0.790003243641725,30.249918908956875
20250929,75.73,extreme greed,0.1385007559591153,100.0,0.6597785977859778,76.62976629766295,0.0145756457564575,64.57564575645756,0.1744865039607773,65.00499853304544,0.8967019926199261,72.41754981549815
20250930,67.75,greed,0.1418920340949936,100.0,0.4899502120597455,48.325035343290914,0.0123547851742577,62.354785174257785,0.1719076911217014,65.96011439936984,0.4839790890650932,62.09947722662733
20251009,73.01,greed,0.1569390882860872,100.0,0.5748293042996863,62.47155071661437,0.019191732792028,69.19173279202806,0.174818764817466,64.88193895649405,0.7400102048348404,68.50025512087102
20251010,63.4,greed,0.1324979206120049,100.0,0.5116193286610107,51.936554776835095,0.0057174474363703,55.717447436370335,0.1720721923686084,65.8991880116265,-0.2627408151973441,43.43147962006639
20251013,59.67,greed,0.1246744447131118,100.0,0.3104719764011799,18.411996066863324,0.017146017699115,67.14601769911505,0.1587210645551575,70.84405016475645,-0.3211885508849557,41.97028622787611
20251014,52.85,neutral,0.1093007334520828,100.0,0.3196902654867257,19.948377581120944,0.0031342182890855,53.134218289085545,0.1657690818672556,68.23367338249791,-1.0829110250737464,22.927224373156346
20251015,83.61,extreme greed,0.1237093536850948,100.0,0.7988569321533924,99.80948869223204,0.0164085545722713,66.40855457227138,0.1700928622132196,66.6322732543631,1.407745814896755,85.19364537241887
20251016,50.68,neutral,0.1247305439956576,100.0,0.2168386145910096,2.806435765168262,0.007737656595431,57.7376565954311,0.1701106423632515,66.62568801361053,-0.951283327192336,26.2179168201916
20251017,43.11,fear,0.097724349792202,100.0,0.1108451482231633,0.0,-0.0003682563063892,49.63174369361076,0.1720786202611034,65.89680731070241,-2.191509353710182,0.0
20251020,80.89,extreme greed,0.1018869148915175,100.0,0.7484346224677716,91.40577041129526,0.0160220994475138,66.02209944751381,0.1719383809826069,65.94874778421968,1.2433685451197054,81.08421362799263
20251021,84.85,extreme greed,0.1169615204174081,100.0,0.8524590163934426,100.0,0.0184195984527537,68.41959845275373,0.1800467988096086,62.94563007051532,1.7162783938110149,92.90695984527537
20251022,61.6,greed,0.1114854885146596,100.0,0.419966844722785,36.66114078713083,0.0108675630871247,60.8675630871247,0.1803571192119752,62.83069658815731,-0.0940947504144409,47.647631239638976
20251023,67.1,greed,0.1130217056513713,100.0,0.5512796906647026,58.54661511078376,0.009758792119315,59.75879211931504,0.1794788535900938,63.15598015181709,0.1607717363284846,54.01929340821212
20251024,71.26,greed,0.1242213764540614,100.0,0.5574374079528719,59.57290132547863,0.0145434462444771,64.54344624447718,0.1774491741280013,63.907713285925446,0.7311629234167895,68.27907308541974
20251027,72.91,greed,0.1355286200749401,100.0,0.6188547228871294,69.80912048118823,0.0132572270300128,63.257227030012885,0.1809159853424756,62.62370913241643,0.7549245074571902,68.87311268642975
20251028,63.55,greed,0.1277663440531495,100.0,0.4355670103092783,39.26116838487972,0.0125184094256259,62.51840942562592,0.1826115091916021,61.99573733644366,0.1589775405007363,53.97443851251841
20251029,68.11,greed,0.1390892333958018,100.0,0.4918998527245949,48.64997545409916,0.017120765832106,67.12076583210604,0.1857020507273016,60.85109232322163,0.5574914212076584,63.93728553019146
20251030,48.9,neutral,0.127986118492029,100.0,0.2286871662677223,4.781194377953721,0.006812741668201,56.81274166820107,0.1869307468391118,60.39601968921784,-1.0990935186890076,22.52266203277481
20251031,74.56,greed,0.109588051210079,100.0,0.6921944035346097,82.03240058910161,0.0115979381443298,61.5979381443299,0.1947716323493868,57.491988018745616,0.8680366347569954,71.70091586892488
20251103,73.7,greed,0.1107807615690421,100.0,0.6505336768494663,75.0889461415777,0.013801987486198,63.80198748619801,0.1912131481019765,58.80994514741608,0.8322766838424734,70.80691709606184
20251104,53.36,neutral,0.1007235971986266,100.0,0.2999631947000368,16.660532450006126,0.0080971659919028,58.097165991902834,0.1858422362813702,60.79917174764066,-0.7503325910931175,31.241685222672068
20251105,73.24,greed,0.100964906078383,100.0,0.6220095693779905,70.33492822966507,0.0165623849834376,66.56238498343761,0.1852488064879207,61.01896056002936,0.7311748251748251,68.27937062937063
20251106,68.09,greed,0.1148254146662106,100.0,0.5299963194700037,54.99938657833394,0.0119617224880382,61.96172248803828,0.1846940927986313,61.22441007458098,0.4900832903938167,62.25208225984542
20251107,61.36,greed,0.1095691718494078,100.0,0.3864974245768948,31.08290409614913,0.0121412803532008,62.14128035320088,0.1702126032789819,66.58792471148817,-0.120779157468727,46.98052106328183
20251110,73.57,greed,0.1116482207935753,100.0,0.6207023349880493,70.11705583134153,0.0141570141570141,64.15701415701416,0.1691126440512423,66.99531701805837,0.6631511123368266,66.57877780842067
20251111,68.46,greed,0.0998151820001684,100.0,0.5120426548997977,52.00710914996628,0.0161794447508733,66.17944475087332,0.1664926692567964,67.96567805303837,0.2454047435190292,56.13511858797573
20251112,58.2,greed,0.0967691184495949,100.0,0.3231023708877045,20.51706181461741,0.0110273846719353,61.0273846719353,0.1587820988192136,70.82144488177273,-0.4556201065980518,38.6094973350487
20251113,81.44,extreme greed,0.1083415956726026,100.0,0.7266544117647059,87.77573529411762,0.0224264705882352,72.42647058823529,0.1639496831112435,68.90752477361352,1.1237520036764703,78.09380009191176
20251114,59.97,greed,0.0895071838341294,100.0,0.3606105185730048,26.76841976216746,0.0106656859139389,60.66568591393895,0.1523346207130453,73.20939973590913,-0.4310152077969842,39.22461980507539
20251117,68.34,greed,0.0810178773766838,100.0,0.475262093066029,45.87701551100484,0.0185764208203053,68.57642082030532,0.1539603473500706,72.60727875923308,0.1862137391944086,54.65534347986022
20251118,51.29,neutral,0.0726277097406236,100.0,0.2349264705882353,5.821078431372546,-0.0005514705882352,49.44852941176471,0.1456983298420718,75.66728524367709,-0.9796505147058824,25.508737132352937
20251119,51.21,neutral,0.0759098777991755,100.0,0.2205071664829107,3.417861080485112,0.0067989709665564,56.79897096655642,0.1462167046949213,75.47529455743654,-1.18490203969129,20.37744900771775
20251120,54.62,neutral,0.0690987068591477,100.0,0.2670464988053667,11.17441646756111,0.0056974820804999,55.6974820804999,0.1468284721756478,75.24871400901931,-0.7615712001470317,30.960719996324205
20251121,38.26,fear,0.0419742266619367,91.97422666193673,0.065025716385011,0.0,-0.0202057310800881,29.794268919911836,0.1622974284081271,69.51947095995291,-3.520981135194709,0.0
20251124,81.36,extreme greed,0.0396339915569903,89.63399155699032,0.7772058823529412,96.20098039215684,0.0119485294117647,61.94852941176471,0.1536381161193728,72.72662365949155,1.451875073529412,86.2968768382353
20251125,83.75,extreme greed,0.0483419240798725,98.34192407987258,0.7907318867230599,98.45531445384331,0.0174696579624862,67.46965796248622,0.1594875254809082,70.56017574781175,1.356709470393527,83.91773675983818
20251126,59.08,greed,0.0534033343300763,100.0,0.3113728376886271,18.56213961477119,0.0130658814869341,63.06588148693412,0.1539098159726928,72.62599408418782,-0.3533237210158262,41.166906974604345
20251127,68.47,greed,0.0515589842278545,100.0,0.513433934486566,52.23898908109433,0.0099374309900625,59.937430990062566,0.1526186854592729,73.10419057063964,0.283748987854251,57.09372469635628
20251128,82.68,extreme greed,0.0528267314747661,100.0,0.7586968525676422,93.116142094607,0.0158291919749677,65.8291919749678,0.1457836757939055,75.63567563188683,1.1518979017117614,78.79744754279403
20251201,75.19,extreme greed,0.0629952760267895,100.0,0.6255522827687776,70.92538046146292,0.0136229749631811,63.62297496318114,0.1515854049763829,73.48688704578407,0.7170414212076583,67.92603553019146
20251202,56.88,greed,0.0564483755138514,100.0,0.2840323767476085,14.005396124601424,0.0088300220750551,58.83002207505519,0.1503378285623803,73.94895238430357,-0.4944568984547461,37.63857753863135
20251203,54.65,neutral,0.0497240439969453,99.7240439969453,0.2651598676957001,10.859977949283348,0.0075339948548327,57.533994854832784,0.1508269697635846,73.76778897645013,-0.7447465821389195,31.38133544652701
20251204,54.58,neutral,0.0519975145179492,100.0,0.2674632352941176,11.243872549019605,0.0044117647058823,54.41176470588235,0.1408026460022736,77.48050148063938,-0.8085564338235295,29.78608915441177
20251205,86.21,extreme greed,0.0593968170145,100.0,0.8067304155939684,100.0,0.0180213313718278,68.02133137182787,0.1449354334487005,75.94983946344425,1.4822673041559398,87.0566826038985
20251208,77.55,extreme greed,0.0665227803537182,100.0,0.6266544117647059,71.10906862745098,0.0189338235294117,68.93382352941177,0.1477373719303795,74.91208447022979,0.9127748161764706,72.81937040441177
20251209,54.85,neutral,0.0596978663648131,100.0,0.2403969858481896,6.732830974698274,0.0099246462047417,59.92464620474177,0.1453706657765253,75.78864230499063,-0.7287990810512773,31.78002297371807
20251210,66.13,greed,0.0568086346183105,100.0,0.4477749172489886,41.29581954149809,0.011585141596175,61.58514159617506,0.1453741129799974,75.78736556296393,0.078497774917249,51.96244437293123
20251211,48.89,neutral,0.0464180203836979,96.41802038369792,0.1898199191473722,0.0,0.0044101433296582,54.41014332965821,0.1399973844428926,77.77874650263236,-1.3670713708195517,15.823215729511208
20251212,70.3,greed,0.0516982483396828,100.0,0.4928361498897869,48.80602498163114,0.0148787656135194,64.87876561351948,0.1321066294403978,80.7012483554082,0.2845385378398237,57.11346344599559
20251215,63.57,greed,0.0437469097195637,93.74690971956376,0.4251331986037112,37.5221997672852,0.0108396105089105,60.839610508910525,0.131990906318223,80.7441087710285,-0.2000351828036009,44.99912042990998
20251216,45.44,neutral,0.0300707871109844,80.07078711098443,0.2003673094582185,0.0612182430364214,0.0042240587695133,54.22405876951332,0.136658878371832,79.01523023265482,-1.4475537190082646,13.811157024793385
20251217,75.65,extreme greed,0.0475627834969591,97.5627834969592,0.6658097686375322,77.63496143958868,0.008079324274697,58.07932427469703,0.1516846905742569,73.45011460212704,0.8609548292324642,71.52387073081161
20251218,67.22,greed,0.04007815457121677,90.07815457121677,0.5221141493852083,53.68569156420136,0.012295834097999633,62.29583409799964,0.1520763077301602,73.30507121105177,0.27021644338410716,56.75541108460268
20251222,74.73,greed,0.05065680359472724,100.0,0.5481263776634827,58.02106294391377,0.016348273328434974,66.34827332843497,0.1251984725808959,83.25982497003855,0.6399411094783247,65.99852773695811
20251219,85.82,extreme greed,0.04221185039352404,92.21185039352405,0.8217694566813509,100.0,0.015418502202643172,65.41850220264317,0.12224218452433212,84.35474647246959,1.4851285976505137,87.12821494126284
20251223,59.03,greed,0.05127081173547854,100.0,0.27748210680858876,12.913684468098122,0.008808955771701231,58.808955771701235,0.1218756660780957,84.49049404514975,-0.44212672049917423,38.946831987520646
20251224,85.16,extreme greed,0.05290328497362906,100.0,0.7572922399559714,92.88203999266189,0.017244542285819113,67.24454228581911,0.12080117948873391,84.88845204120966,1.2318325995230233,80.79581498807558
20251225,82.46,extreme greed,0.053522459807366474,100.0,0.6917858452511918,81.9643075418653,0.02035203520352035,70.35203520352034,0.12062520168737885,84.9536290046745,1.0016815181518153,75.04203795379539
20251226,65.04,greed,0.0554964573471779,100.0,0.3421969558041445,23.69949263402408,0.017238217494956905,67.23821749495691,0.12072865658791622,84.91531237484584,-0.02589561709150926,49.35260957271227
20251229,64.19,greed,0.05008069936585713,100.0,0.36571952337305225,27.61992056217537,0.012282309807516038,62.282309807516036,0.11657080913349738,86.45525587648245,-0.21718656278643447,44.57033593033914
20251230,63.23,greed,0.05141473194567836,100.0,0.3371816016126077,22.863600268767943,0.010262048744731538,60.26204874473153,0.11484733168804903,87.09358085627814,-0.16257632398753896,45.93559190031152
20251231,68.98,greed,0.0452913738109908,95.29137381099079,0.4532795895932576,42.21326493220959,0.012092341517039208,62.09234151703921,0.11448684254938198,87.22709535208075,0.3222773543422499,58.05693385855625
20260105,88.98,extreme greed,0.06362816821032835,100.0,0.7669048927982408,94.48414879970677,0.027670881436686823,77.67088143668683,0.1307915645489263,81.1883094263236,1.6628813450613893,91.57203362653473
20180102,80.35,extreme greed,0.05138303199667016,100.0,0.7702620353443023,95.04367255738369,0.007921998781230956,57.921998781230954,0.14950347785532309,74.25797116469515,0.9820156916514321,74.5503922912858
20180103,78.67,extreme greed,0.05648586039750758,100.0,0.7014607425441266,83.5767904240211,0.013694461351186854,63.694461351186845,0.14973860289063265,74.1708878182842,0.8758262020693852,71.89565505173464
20180104,64.51,greed,0.059939831564450596,100.0,0.4059466019417476,34.32443365695793,0.010315533980582523,60.315533980582515,0.14784666043598726,74.87160724593063,0.12182184466019419,53.04554611650485
20180105,67.55,greed,0.06144781080846062,100.0,0.4749772520473157,45.82954200788594,0.009402487109493478,59.40248710949347,0.14018436335644627,77.70949505316804,0.1915186589805825,54.78796647451456
20180108,66.64,greed,0.0658358341365135,100.0,0.4477431081490457,41.29051802484094,0.010602847621932747,60.602847621932746,0.13888070065840719,78.19233308947882,0.12404450166616178,53.10111254165405
20180109,65.25,greed,0.07212409342825454,100.0,0.39975772259236825,33.2929537653947,0.01029678982434888,60.296789824348885,0.12944036779572016,81.6887526682518,0.0391397334948516,50.97849333737129
20180110,57.89,greed,0.07567992954688818,100.0,0.23744706594071385,6.24117765678564,0.01482153660012099,64.821536600121,0.11759012475407757,86.07773157256386,-0.7066668481548699,32.33332879612825
20180111,79.4,extreme greed,0.07390981283693776,100.0,0.6475385080036243,74.58975133393739,0.016913319238900635,66.91331923890063,0.11570227976765397,86.77693341938742,0.748693446088795,68.71733615221987
20180112,61.5,greed,0.07768282429430884,100.0,0.31623415811707906,19.372359686179838,0.008750754375377187,58.75075437537719,0.1122458413945773,88.05709577978618,-0.34682779118889556,41.32930522027761
20180115,47.93,neutral,0.07659651554958313,100.0,0.13913307062746286,0.0,-0.0027280994240679,47.271900575932094,0.10052211244471872,92.39921761306714,-2.590091027584116,0.0
20180116,81.72,extreme greed,0.08375026146757403,100.0,0.6761415179921378,79.3569196653563,0.01572422134865437,65.72422134865437,0.10168994790632618,91.96668596061993,0.8618938880484115,71.54734720121029
20180117,71.66,greed,0.07983740353962898,100.0,0.5273827534039335,54.563792233988906,0.005446293494704992,55.44629349470499,0.09750560326602663,93.51644323480495,0.19115570347957636,54.778892586989414
20180118,70.67,greed,0.08456552441851017,100.0,0.4625644134586238,43.76073557643729,0.010306153379812066,60.306153379812066,0.09694486376564271,93.72412453124345,0.22335095483479844,55.583773870869955
20180119,66.37,greed,0.08692800539741063,100.0,0.38031995170540295,30.053325284233818,0.009055236945366738,59.055236945366744,0.09403318849927021,94.80252277804807,-0.0816357681859342,47.95910579535165
20180122,77.19,extreme greed,0.09855947475053362,100.0,0.6509661835748792,75.16103059581319,0.003321256038647342,53.32125603864735,0.09686499524423292,93.75370546509892,0.5483383152173913,63.70845788043478
20180123,71.81,greed,0.1087800754174515,100.0,0.48077505298213746,46.795842163689564,0.012412957917045112,62.412957917045105,0.09679697572491869,93.77889787965975,0.24242452316076293,56.06061307901907
20180124,78.73,extreme greed,0.10911520483247594,100.0,0.6421020839625491,73.68368066042483,0.008456659619450317,58.45665961945031,0.097109801721892,93.66303639929926,0.714834762911507,67.87086907278767
20180125,66.92,greed,0.10137937627092652,100.0,0.39134382566585957,31.890637610976587,0.006355932203389831,56.35593220338983,0.07489708072401281,100.0,-0.145222397094431,46.36944007263922
20180126,64.49,greed,0.1039809478906133,100.0,0.34887946698970324,24.81324449828387,0.005148394912174439,55.14839491217444,0.07437627198598278,100.0,-0.3005785887341006,42.485535281647486
20180129,52.73,neutral,0.08273776001949917,100.0,0.21781278400484702,2.968797334141168,0.0012117540139351714,51.21175401393516,0.10902657478807759,89.24941674515645,-1.190389063920024,20.2402734019994
20180130,65.64,greed,0.07006502249402535,100.0,0.4460650258280158,41.01083763800263,0.0036463081130355514,53.64630811303556,0.11195584736762772,88.1645009749527,-0.18527687632938317,45.36807809176542
20180131,39.71,fear,0.07395027839342116,100.0,0.1662108781525372,0.0,-0.03980553023397144,10.194469766028565,0.11148683621159566,88.33820881052013,-2.623190671528411,0.0
20180201,37.37,fear,0.06537684548173606,100.0,0.09300911854103343,0.0,-0.07841945288753799,0.0,0.11555655318271842,86.83090622862281,-4.160416048632219,0.0
20180202,56.49,greed,0.07056604868715532,100.0,0.3714197720973206,28.569962016220092,-0.012319063751154914,37.680936248845086,0.11664380473892529,86.4282204670647,-0.8093446258084386,29.766384354789032
20180205,55.48,greed,0.07008070398415422,100.0,0.3321885732126132,22.03142886876886,-0.012488292226038089,37.51170777396191,0.11590754528208862,86.700909154782,-0.7533911645332501,31.16522088666875
20180206,31.87,fear,0.037842857604742264,87.84285760474226,0.036585365853658534,0.0,-0.18042526579111945,0.0,0.15693356269105369,71.50608789220233,-5.726816885553472,0.0
20180207,63.94,greed,0.012586053409659348,62.58605340965935,0.666038328620798,77.67305477013299,0.0018850141376060316,51.88501413760602,0.17600107852926697,64.44404498916037,0.5247840087967326,63.11960021991831
20180208,72.08,greed,0.0024105765901580867,52.41057659015809,0.8108278249921309,100.0,0.009442870632672334,59.44287063267234,0.17797754692321602,63.71201965806814,1.392626125275417,84.81565313188543
20180209,15.13,extreme fear,-0.04065154342634847,9.348456573651534,0.07846829880728186,0.0,-0.02950408035153798,20.49591964846202,0.22634916828872492,45.79660433750929,-3.385901726302574,0.0
20180212,67.94,greed,-0.028770198976915573,21.22980102308443,0.9334582942830365,100.0,0.025616994689159636,75.61699468915964,0.2343250757893605,42.84256452245907,2.6987749765698217,100.0
20180213,45.41,neutral,-0.017876074055094282,32.12392594490572,0.486284289276808,47.71404821280132,0.002493765586034912,52.49376558603491,0.23728402021391995,41.74665918002963,0.11906617830423938,52.97665445760599
20180214,49.69,neutral,-0.010573382786321694,39.426617213678306,0.5598130841121496,59.96884735202492,0.0031152647975077885,53.11526479750779,0.24093346588988843,40.39501263337465,0.2212153894080997,55.53038473520249
20180222,70.49,greed,0.010111466987616557,60.11146698761656,0.9295905707196029,100.0,0.010545905707196029,60.545905707196034,0.2551335766236361,35.13571236161624,1.865577171215881,96.63942928039702
20180223,56.3,greed,0.013979225812149831,63.979225812149835,0.5714728682170542,61.91214470284236,0.007751937984496125,57.751937984496124,0.25554935949005847,34.98171870738574,0.5159355769230769,62.89838942307693
20180226,76.01,extreme greed,0.024963416193594767,74.96341619359477,0.9563076923076923,100.0,0.019999999999999997,70.0,0.25531117220231875,35.06993622136342,2.5307754153846154,100.0
20180227,53.18,neutral,0.009531758800033874,59.53175880003387,0.47882136279926335,46.47022713321055,0.015960712093308776,65.96071209330879,0.25378610117000955,35.634777344440906,0.33155089011663597,58.2887722529159
20180228,46.79,neutral,0.00020236552934815855,50.20236552934816,0.43830570902394106,39.717618170656834,0.006752608962553714,56.75260896255371,0.25354703019896857,35.72332214853016,0.06310119705340703,51.577529926335174
20180301,70.69,greed,0.005941336657239837,55.94133665723984,0.816923076923077,100.0,0.023384615384615386,73.38461538461539,0.25620216195473383,34.739940016765246,1.5763282153846152,89.40820538461539
20180302,39.4,fear,-0.0027225635949842397,47.27743640501576,0.29941771376034326,16.569618960057205,0.009806926141587496,59.8069261415875,0.255134191391439,35.135484669837396,-0.47197578915108795,38.2006052712228
20180305,56.69,greed,-0.0027567882314949443,47.243211768505056,0.5997544505831799,66.6257417638633,0.013812154696132598,63.81215469613261,0.25018752946695755,36.9675816789046,0.7514321976672806,68.78580494168202
20180306,67.47,greed,0.008823927915574403,58.8239279155744,0.7725875845113707,95.43126408522842,0.017209588199139522,67.20958819913953,0.25426997318058275,35.455565488673045,1.2164351567301783,80.41087891825445
20180307,39.29,fear,0.0010021259632018165,51.00212596320182,0.2757352941176471,12.622549019607842,0.010416666666666666,60.416666666666664,0.2535801616701074,35.71105123329356,-0.5325776585963837,36.68555853509041
20180308,65.57,greed,0.010668152532692377,60.668152532692375,0.7145052243392748,85.75087072321243,0.020282728948985862,70.28272894898586,0.25704502705228116,34.42776775841439,1.0694773509526738,76.73693377381684
20180309,73.3,greed,0.017838700039672473,67.83870003967247,0.8411530205458448,100.0,0.021772462434835937,71.77246243483594,0.2578045971111933,34.14644551437284,1.7105839313094144,92.76459828273535
20180312,72.79,greed,0.021894318001757007,71.894318001757,0.8509659613615456,100.0,0.01931922723091076,69.31922723091076,0.2586726168409103,33.82495672558878,1.5572145967494633,88.93036491873659
20180313,42.83,fear,0.012386976882428735,62.38697688242873,0.2898773006134969,14.979550102249483,0.00950920245398773,59.50920245398773,0.2390632256144836,41.08769421685792,-0.5520887116564418,36.19778220858896
20180314,37.02,fear,0.0075240575247048636,57.524057524704865,0.2152948402948403,2.549140049140049,0.003992628992628993,53.99262899262899,0.22360961795199694,46.81125261037149,-1.0304347665847664,24.23913083538084
20180315,41.61,fear,0.01267361659353039,62.67361659353039,0.2945499081445193,15.758318024086549,0.004286589099816289,54.28658909981628,0.22117953729168152,47.71128248456239,-0.8956242804654011,27.609392988364974
20180316,54.4,neutral,0.002399724057153385,52.399724057153385,0.40789473684210525,34.649122807017534,0.01346389228886169,63.463892288861686,0.1557230324663158,71.95443241988303,-0.01857080783353734,49.53572980416156
20180319,62.89,greed,0.006310726570535774,56.31072657053578,0.5719523373052245,61.99205621753742,0.010388023220287198,60.3880232202872,0.1512784315977263,73.60058088973099,0.4857980751604033,62.14495187901008
20180320,61.89,greed,0.006663011169027122,56.66301116902712,0.5029007633587786,50.483460559796434,0.016793893129770993,66.79389312977099,0.14723769164234632,75.09715124357544,0.4168163764130767,60.42040941032691
20180321,49.34,neutral,0.0021100867986203475,52.110086798620344,0.3112602990540128,18.543383175668797,0.013426914861153494,63.42691486115349,0.14677722815528343,75.26769327582095,-0.5051238632895941,37.371903417760144
20180322,57.96,greed,-0.008281369628964752,41.718630371035246,0.47557997557997556,45.92999592999591,0.015262515262515262,65.26251526251527,0.13049809517236496,81.29700178801298,0.22312255799755798,55.57806394993895
20180323,16.46,extreme fear,-0.03689347382701946,13.10652617298054,0.06090133982947625,0.0,-0.17600487210718635,0.0,0.16318745821168498,69.18983029196852,-5.680860962241169,0.0
20180326,66.13,greed,-0.043161660090611176,6.838339909388827,0.7478710462287105,91.31184103811839,0.020985401459854013,70.98540145985402,0.15554889289406695,72.01892855775297,1.5793464416058394,89.48366104014598
20180327,73.95,greed,-0.035064176916344336,14.935823083655666,0.9425954198473282,100.0,0.03236641221374046,82.36641221374047,0.15444878033849804,72.42637765240814,2.7708472816127063,100.0
20180328,38.28,fear,-0.0524810814697948,0.0,0.33241842025007623,22.06973670834603,0.011893870082342176,61.893870082342175,0.163285741617595,69.15342903052037,-0.4686773101555352,38.28306724611162
20180329,62.33,greed,-0.03992105883964692,10.078941160353086,0.7578625954198474,92.97709923664121,0.015267175572519085,65.26717557251908,0.16995671678506377,66.68269748701341,1.066565699450214,76.66414248625534
20180330,67.33,greed,-0.03893945305417146,11.060546945828545,0.7684563758389261,94.74272930648766,0.022879804758999388,72.87980475899938,0.16866512008710172,67.16106663440677,1.6327634228187922,90.81908557046981
20180402,51.53,neutral,-0.04188681195863586,8.113188041364142,0.4898021308980213,48.30035514967021,0.021613394216133945,71.61339421613394,0.16860177803403725,67.18452665406028,0.49686910197869105,62.42172754946728
20180403,35.51,fear,-0.047994916246186015,2.005083753813988,0.26818873668188736,11.364789446981224,0.013698630136986302,63.6986301369863,0.16129762441401074,69.88976873555157,-0.7772452054794521,30.5688698630137
20180404,39.82,fear,-0.04993618680496359,0.06381319503641347,0.33677811550151976,22.79635258358662,0.016109422492401215,66.10942249240122,0.1602867266419612,70.26417531779214,-0.4054042857142857,39.864892857142856
20180409,50.33,neutral,-0.05047206707028573,0.0,0.4851154313487242,47.51923855812069,0.021567436208991497,71.5674362089915,0.1536855161838515,72.70906808005499,0.39331105710814096,59.83277642770353
20180410,50.84,neutral,-0.03237482982792472,17.62517017207528,0.5617602427921092,60.293373798684854,0.003641881638846739,53.64188163884673,0.16891424919920575,67.06879659288676,0.22365156297420338,55.59128907435509
20180411,59.75,greed,-0.02981726383386052,20.182736166139485,0.6347614706776056,72.46024511293425,0.018535399574597388,68.53539957459739,0.16810234080359363,67.36950340607643,0.8088739896687936,70.22184974171985
20180412,38.77,fear,-0.03963013765293888,10.369862347061124,0.2996969696969697,16.61616161616161,0.012121212121212121,62.121212121212125,0.16881000552960754,67.10740535940461,-0.4938518484848485,37.65370378787879
20180413,38.95,fear,-0.0463669748698643,3.6330251301357057,0.37936267071320184,29.893778452200305,0.002124430955993931,52.12443095599393,0.16950050748342088,66.8516638950293,-0.31057559939301976,42.23561001517451
20180416,34.94,fear,-0.06153607189975152,0.0,0.30461165048543687,17.43527508090614,0.009708737864077669,59.70873786407766,0.1732159128915967,65.47558781792713,-0.7162350121359223,32.094124696601945
20180417,21.63,extreme fear,-0.07607485253000068,0.0,0.1269359246887337,0.0,-0.005769814758578803,44.2301852414212,0.17739016666097662,63.92956790334199,-2.3531586091709684,0.0
20180418,58.03,greed,-0.07144366204069674,0.0,0.7173317088029242,86.22195146715401,0.010965580261955528,60.96558026195553,0.17758622129053175,63.85695507758083,1.1645735303076454,79.11433825769114
20180419,45.95,neutral,-0.060022475987528856,0.0,0.5182704019488429,53.0450669914738,0.007917174177831911,57.91717417783191,0.18584091570509725,60.79966084996398,0.31863984160828507,57.96599604020712
20180420,20.14,extreme fear,-0.07231741643477951,0.0,0.11462450592885376,0.0,-0.008817269686834904,41.182730313165095,0.18925664838431713,59.53457467247513,-2.5545306172088784,0.0
20180423,33.96,fear,-0.07064165395806243,0.0,0.38806422296273857,31.344037160456423,-0.003938200545289306,46.0617994547107,0.1886072195686531,59.775103863461815,-0.6961527112996062,32.59618221750984
20180424,67.85,greed,-0.05143701811150991,0.0,0.9339794064203513,100.0,0.026650514839491216,76.65051483949121,0.18102036177097133,62.585051195936536,2.4464341005451242,100.0
20180425,49.25,neutral,-0.05490328910284359,0.0,0.5237806725234777,53.9634454205796,0.016661617691608604,66.66161769160861,0.1801793660437309,62.89653109491448,0.5087654347167525,62.719135867918816
20180426,21.51,extreme fear,-0.07265315443827491,0.0,0.12113870381586916,0.0,-0.0024227740763173838,47.57722592368261,0.18809366095504204,59.96531075739183,-2.060595336159903,0.0
20180427,45.64,neutral,-0.0719405133934925,0.0,0.5913621262458472,65.22702104097452,-0.0036242826940501354,46.37571730594986,0.1783701998139741,63.56659266149107,0.12222180610087585,53.0555451525219
20180502,35.43,fear,-0.0698761406268753,0.0,0.39824082499241736,33.04013749873622,-0.008189262966333028,41.810737033666975,0.1705161625489065,66.47549535225684,-0.5670358507734303,35.82410373066424
20180503,58.87,greed,-0.06224991172481231,0.0,0.7087613293051359,84.79355488418929,0.01570996978851964,65.70996978851964,0.17357040394754505,65.34429483424256,1.1393393655589126,78.48348413897281
20180504,40.02,fear,-0.06634266865367311,0.0,0.3871260199456029,31.187669990933813,0.007252946509519492,57.25294650951949,0.173936602561805,65.20866571785001,-0.14266506497431247,46.43337337564219
20180507,65.4,greed,-0.05127347456849263,0.0,0.9254227053140096,100.0,0.01751207729468599,67.51207729468598,0.18312986046004914,61.80375538516698,1.9083608393719806,97.70902098429953
20180508,57.05,greed,-0.04002185810124392,9.97814189875608,0.6535789791603746,75.59649652672907,0.018725460585925703,68.72546058592572,0.18777125299835618,60.08472111171993,0.8343237088492902,70.85809272123225
20180509,45.01,neutral,-0.041532354418088335,8.467645581911668,0.4379341588643914,39.65569314406523,0.012684989429175475,62.684989429175474,0.18791119014178967,60.032892540077896,0.1681702808819088,54.20425702204772
20180510,55.71,greed,-0.036025587102395784,13.97441289760422,0.5968033775633294,66.13389626055488,0.017792521109770806,67.7925211097708,0.17544218657474878,64.6510420093523,0.6396109770808203,65.9902744270205
20180511,31.0,fear,-0.04080414898140727,9.19585101859273,0.21136500300661457,1.894167167769092,0.005411906193625977,55.41190619362598,0.17580362149838433,64.5171772228206,-1.041498556825015,23.962536079374626
20180514,37.27,fear,-0.031561108981543295,18.438891018456708,0.3134014423076923,18.900240384615376,0.00030048076923076903,50.300480769230774,0.17574172027486973,64.54010360190009,-0.6325650841346153,34.18587289663462
20180515,65.7,greed,-0.027642901906590578,22.357098093409427,0.7605887653950135,93.4314608991689,0.016521477921297687,66.52147792129767,0.17401717067873534,65.17882567454245,1.2397287774106338,80.99321943526586
20180516,40.06,fear,-0.03509040859982904,14.909591400170966,0.3073463268365817,17.891054472763614,0.0095952023988006,59.595202398800595,0.16579411568811142,68.22440159699576,-0.41214947526236884,39.696263118440775
20180517,42.62,fear,-0.04182486758761772,8.175132412382283,0.38835534213685474,31.392557022809115,0.006002400960384155,56.00240096038414,0.15682995489561183,71.54446114977338,-0.16011512605042016,45.997121848739496
20180518,57.05,greed,-0.03174959648303277,18.250403516967232,0.6400958945160323,73.34931575267204,0.0092897812406353,59.2897812406353,0.15940851545009835,70.58943872218579,0.5514501648186994,63.786254120467476
20180521,69.33,greed,-0.026840540901605703,23.1594590983943,0.8374325134973005,100.0,0.015596880623875226,65.59688062387522,0.15518670702324824,72.15307147287102,1.4304391421715656,85.76097855428915
20180522,56.79,greed,-0.03019973646028684,19.80026353971316,0.5582858855259215,59.71431425432024,0.013185495954450106,63.18549595445011,0.14654176651283235,75.35490129154357,0.6353887024273299,65.88471756068324
20180523,32.17,fear,-0.04260029576316893,7.3997042368310755,0.20372037203720372,0.6200620062006186,0.007200720072007201,57.20072007200719,0.15612391757862765,71.80595645236012,-1.0461811581158116,23.84547104710471
20180524,43.05,fear,-0.04887231570928696,1.1276842907130407,0.3810810810810811,30.180180180180173,0.010210210210210211,60.2102102102102,0.14090059578282044,77.44422378414058,-0.147773033033033,46.30567417417418
20180525,36.72,fear,-0.05096190969440029,0.0,0.29175412293853076,15.292353823088456,0.010194902548725638,60.194902548725636,0.1405874051666889,77.56022030863373,-0.7785042878560718,30.537392803598205
20180528,36.72,fear,-0.04620448508963282,3.795514910367184,0.3003290457672749,16.721507627879152,0.001495662578522284,51.495662578522285,0.12198893143427604,84.44854391323109,-0.9152346993718218,27.119132515704457
20180529,36.49,fear,-0.05270256549715291,0.0,0.3054806828391734,17.580113806528896,0.002395926924228811,52.39592692422881,0.1258286731626781,83.02641734715625,-0.8212513327343516,29.46871668164121
20180530,14.99,extreme fear,-0.07185096617611553,0.0,0.0885088508850885,0.0,-0.06420642064206421,0.0,0.14763945723441374,74.94834917243935,-4.015496519651966,0.0
20180531,66.13,greed,-0.051589816269264954,0.0,0.8812387251954299,100.0,0.015634395670475046,65.63439567047504,0.16437530199113481,68.74988815143155,1.849892784125075,96.24731960312687
20180601,31.44,fear,-0.058891768604871775,0.0,0.27932793279327933,13.221322132213217,-0.00030003000300030114,49.6999699969997,0.1662588704903446,68.05227018876126,-0.9500837083708371,26.24790729072907
20180604,39.97,fear,-0.04919947901033783,0.8005209896621707,0.45770845830833834,42.95140971805638,-0.008098380323935212,41.90161967606479,0.1599654360625396,70.38317182868903,-0.24826184763047393,43.79345380923815
20180605,66.8,greed,-0.03937177377747492,10.628226222525086,0.8683816930900389,100.0,0.009572240502542625,59.57224050254263,0.15840076678707227,70.962678967751,1.7134870774753215,92.83717693688304
20180606,48.81,neutral,-0.040946867941571874,9.05313205842813,0.47690461907618475,46.150769846030784,0.009898020395920816,59.89802039592082,0.1584334272541394,70.95058249846689,0.3206754349130174,58.016885872825426
20180607,34.07,fear,-0.042195675086988294,7.804324913011709,0.23985572587917042,6.642620979861734,0.006011421701232342,56.01142170123234,0.1569093440538078,71.51505775784896,-0.8641479410880674,28.396301472798314
20180608,30.31,fear,-0.05463239933386954,0.0,0.23093093093093092,5.1551551551551515,0.004204204204204204,54.20420420420421,0.16260439439779492,69.40577985266854,-1.0888004504504505,22.779988738738737
20180611,34.95,fear,-0.054088748049110014,0.0,0.30381266886820774,17.302111478034618,0.0039027319123386374,53.90273191233863,0.15785759129449708,71.16385507611218,-0.7056302912038427,32.35924271990393
20180612,56.78,greed,-0.042173947261266886,7.826052738733116,0.6873501199040767,81.22501998401277,0.006594724220623501,56.594724220623505,0.16433793291547955,68.76372854982239,0.780607164268585,69.51517910671463
20180613,24.04,extreme fear,-0.05115838117034832,0.0,0.13267445342917042,0.0,-0.0011979634621144056,48.8020365378856,0.16548452961872234,68.3390631041769,-1.8772769991015275,3.0680750224618136
20180614,38.37,fear,-0.05453421083412702,0.0,0.39165666266506605,31.942777110844332,0.0006002400960384152,50.60024009603842,0.1642509176732789,68.7959564173041,-0.37935420168067224,40.516144957983194
20180615,20.05,extreme fear,-0.059056929371308464,0.0,0.15001500150015,0.0,-0.020402040204020404,29.597959795979595,0.1592991092203345,70.62995954802426,-2.503118817527011,0.0
20180619,11.39,extreme fear,-0.09141030641404024,0.0,0.03351449275362319,0.0,-0.39341787439613524,0.0,0.1962094002557441,56.95948138676144,-7.427517904589371,0.0
20180620,54.88,neutral,-0.08711808136053256,0.0,0.7362240289069557,89.37067148449262,0.0,50.0,0.19818313129837825,56.22846988948953,1.1521809394760614,78.80452348690153
20180621,15.05,extreme fear,-0.09695544917100196,0.0,0.1428141006327207,0.0,-0.03133473937933112,18.66526062066888,0.1972606676148944,56.570123105594654,-2.815518348900271,0.0
20180622,60.69,greed,-0.09218762509854417,0.0,0.844578313253012,100.0,0.0075301204819277125,57.53012048192772,0.19866286214968515,56.0507917964129,1.5942363253012048,89.85590813253013
20180625,36.66,fear,-0.10361099923959749,0.0,0.36946702800361336,28.244504667268888,0.00662451068955134,56.62451068955134,0.20216704699659657,54.75294555681608,-0.2518878952122855,43.70280261969286
20180626,56.8,greed,-0.11019037425706879,0.0,0.7318318318318319,88.63863863863862,0.010810810810810808,60.810810810810814,0.2006886388562442,55.30050412731696,1.1691914414414415,79.22978603603603
20180627,34.1,fear,-0.12728223134062178,0.0,0.30978748877581563,18.297914795969266,0.009877282250823106,59.87728225082311,0.20864187752250707,52.354860176849236,-0.40032137084705177,39.99196572882371
20180628,26.59,fear,-0.13523866637799653,0.0,0.21417888124439127,2.36314687406521,0.002393060125635657,52.39306012563566,0.20062655987940023,55.323496340962876,-1.0858499551301226,22.853751121746935
20180629,65.74,greed,-0.1121479798196906,0.0,0.9645199761478831,100.0,0.02623732856290996,76.23732856290995,0.20831550713387542,52.475738098564655,3.035058467501491,100.0
20180702,23.2,extreme fear,-0.13707083727877878,0.0,0.18092691622103388,0.0,0.005347593582887699,55.3475935828877,0.22677534138715946,45.638762449200186,-1.398786660724896,15.0303334818776
20180703,59.71,greed,-0.13563049240027558,0.0,0.8120189461219657,100.0,0.011841326228537598,61.841326228537596,0.22103739975021855,47.763926018437566,1.5573023090586144,88.93255772646536
20180704,19.23,extreme fear,-0.1459796266054384,0.0,0.13799230085875036,0.0,-0.005034053893988748,44.96594610601125,0.21498437266596415,50.005787901494756,-1.9536249037607345,1.1593774059816375
20180705,17.45,extreme fear,-0.15027014940448735,0.0,0.09098966026587887,0.0,-0.012998522895125555,37.001477104874446,0.21433015355393203,50.24809127632147,-2.768791196454948,0.0
20180706,46.94,neutral,-0.14336409435309638,0.0,0.6191180822728618,69.85301371214362,0.004735128736312518,54.73512873631251,0.21905608346205166,48.49774686590678,0.4639676531518201,61.5991913287955
20180709,60.28,greed,-0.11839326290279162,0.0,0.925641782236648,100.0,0.013868397757450576,63.86839775745058,0.2486310545615376,37.54405386609718,2.271888462673355,100.0
20180710,52.04,neutral,-0.11515148762152283,0.0,0.6862860506180106,81.04767510300177,0.017657445556209538,67.65744555620952,0.2493081331572749,37.2932840158241,0.968856827545615,74.22142068864036
20180711,17.73,extreme fear,-0.1292075535137336,0.0,0.10832349468713105,0.0,0.0,50.0,0.24558919709434188,38.67066774283633,-2.500737987012987,0.0
20180712,61.15,greed,-0.10923836263445696,0.0,0.9608016504568229,100.0,0.02357795461243737,73.57795461243738,0.26319022774788886,32.1517675007819,2.716206218685529,100.0
20180713,39.71,fear,-0.1050778246030496,0.0,0.5041224970553593,50.687082842559875,0.0088339222614841,58.8339222614841,0.2645111231426212,31.662546984214373,0.29443336277974086,57.36083406949353
20180716,34.65,fear,-0.10910053169798217,0.0,0.4379219254476079,39.65365424126797,0.0026416201937188143,52.64162019371882,0.2645683453121777,31.641353588082325,-0.027177634282359853,49.32055914294101
20180717,42.26,fear,-0.1135809790179072,0.0,0.49235743680188127,48.7262394669802,0.013227513227513229,63.22751322751322,0.23747691248596198,41.67521759779186,0.30683068783068784,57.67076719576719
20180718,32.57,fear,-0.11681077249907779,0.0,0.3153258954785672,19.2209825797612,0.012037580739870817,62.03758073987081,0.2364937622048556,42.03934733153495,-0.418201145038168,39.5449713740458
20180719,23.82,extreme fear,-0.11616319136344899,0.0,0.21344685848502643,2.2411430808377353,0.004403992953611274,54.40399295361128,0.23419761178998763,42.889773411115684,-1.2182711978860834,19.543220052847914
20180720,56.56,greed,-0.09816010561949517,0.0,0.8091334894613583,100.0,0.013173302107728338,63.17330210772833,0.24496319059281593,38.90252200266075,1.228551112412178,80.71377781030445
20180723,50.14,neutral,-0.08835963531412316,0.0,0.7075886317023147,84.5981052837191,0.0073249340755933215,57.324934075593326,0.2436532587628378,39.38768193968969,0.7759743334309991,69.39935833577498
20180724,61.11,greed,-0.07259316232346125,0.0,0.8734992679355783,100.0,0.02225475841874085,72.25475841874085,0.2483173887459155,37.660226390401654,1.8256194729136164,95.64048682284042
20180725,40.85,fear,-0.07232866103211222,0.0,0.4289897510980966,38.16495851634943,0.018448023426061493,68.44802342606148,0.2356234955052535,42.361668331387584,0.21078081991215228,55.2695204978038
20180726,39.87,fear,-0.08169046271153957,0.0,0.4445095168374817,40.751586139580276,0.019619326500732066,69.61932650073207,0.23653179445339662,42.025261313556804,-0.12280111273792098,46.929972181551975
20180727,32.05,fear,-0.08413661938816885,0.0,0.30726420620972467,17.877367701620773,0.00908025776215583,59.08025776215583,0.21978705548947328,48.22701648538026,-0.596799150556532,35.0800212360867
20180730,26.1,fear,-0.08417005071954409,0.0,0.21328262141603277,2.2137702360054594,0.0,50.0,0.19039238347833062,59.113932045062725,-1.2337024283206552,19.157439291983618
20180731,45.74,neutral,-0.08184321191479971,0.0,0.5615835777126099,60.26392961876831,0.005278592375366569,55.278592375366564,0.19036662872046645,59.12347084427168,0.16103049853372434,54.025762463343106
20180801,24.64,extreme fear,-0.0984099194310194,0.0,0.13818288051416885,0.0,0.007595676307332749,57.59567630733275,0.19855495396238723,56.09075779170843,-1.619423342097575,9.514416447560626
20180802,20.83,extreme fear,-0.11656112744689695,0.0,0.12671532846715328,0.0,0.0037956204379562056,53.7956204379562,0.21399060891353697,50.37384855054185,-2.716205605839416,0.0
20180803,25.22,fear,-0.12920558766328827,0.0,0.23733255678509027,6.222092797515042,-0.00029120559114734906,49.708794408852654,0.22080447944201956,47.850192799252,-1.1068174191669093,22.329564520827265
20180806,17.63,extreme fear,-0.13837769028446378,0.0,0.16666666666666666,0.0,-0.01861547411285631,31.38452588714369,0.19678060146963644,56.74792538161613,-2.0404834496800466,0.0
20180807,61.46,greed,-0.11155386507081322,0.0,0.9534342258440046,100.0,0.011641443538998836,61.64144353899883,0.22669582207643232,45.6682140457658,2.711915977881257,100.0
20180808,20.43,extreme fear,-0.12411375898101351,0.0,0.17593941159335857,0.0,-0.0040780658316341405,45.92193416836586,0.22564561208725956,46.05718070842237,-1.5940931546752113,10.147671133119719
20180809,62.38,greed,-0.10056127478837895,0.0,0.9315942028985508,100.0,0.017681159420289857,67.68115942028986,0.23059205856958645,44.22516349274574,2.2700519420289855,100.0
20180810,49.05,neutral,-0.09692189102612192,0.0,0.6426286711253272,73.77144518755452,0.010758941552776971,60.75894155277697,0.23033569800802983,44.32011184887784,0.6559306775225356,66.39826693806339
20180813,41.34,fear,-0.09912465575748353,0.0,0.47033158813263526,45.05526468877253,0.009598603839441536,59.59860383944153,0.22997177499764865,44.454898149019016,0.3035500872600349,57.588752181500865
20180814,37.93,fear,-0.10227541388808437,0.0,0.42122093023255813,36.870155038759684,0.008720930232558141,58.720930232558146,0.22958537540910703,44.59800910773812,-0.021950406976744174,49.451239825581396
20180815,18.87,extreme fear,-0.12240015011293848,0.0,0.08599651365485184,0.0,0.004357931435212086,54.35793143521208,0.24339602059777238,39.482955334158376,-1.9803864613596747,0.49033846600813336
20180816,24.16,extreme fear,-0.12509314052289233,0.0,0.2187409341456339,3.1234890242723132,0.0031911807368726433,53.191180736872646,0.24353886349372061,39.430050557881245,-0.997631592689295,25.05921018276762
20180817,18.49,extreme fear,-0.13654423927758652,0.0,0.11658932714617169,0.0,-0.004350348027842227,45.64965197215777,0.23393947803403775,42.98537850591194,-1.847734222737819,3.806644431554523
20180820,45.64,neutral,-0.12531842154016926,0.0,0.6220677671589921,70.34462785983202,0.0023168259484506225,52.31682594845063,0.23575001412406796,42.314809583678525,0.5288797856935997,63.22199464233999
20180821,55.31,greed,-0.10825351041452769,0.0,0.7954282407407407,99.23804012345677,0.008391203703703703,58.39120370370371,0.23841986824512235,41.32597472402876,1.103307638888889,77.58269097222222
20180822,22.48,extreme fear,-0.11200982047752772,0.0,0.18189705031810294,0.0,0.0005783689994216306,50.57836899942163,0.23833662833345196,41.35680432094371,-1.1804965297860035,20.487586755349913
20180823,48.71,neutral,-0.10736484752612074,0.0,0.6719745222929936,78.66242038216559,0.006948465547191663,56.94846554719166,0.23786816515101308,41.53030920332847,0.6557845396641576,66.39461349160393
20180824,33.24,fear,-0.10450102269240957,0.0,0.36245299392536884,27.07549898756147,0.0046282904252241824,54.62829042522418,0.23838043917091564,41.340578084846044,-0.2743350303731559,43.141624240671106
20180827,58.66,greed,-0.08121472073347524,0.0,0.9462738301559792,100.0,0.008954361640670132,58.954361640670136,0.25720922546727176,34.36695353064009,2.0141741767764296,100.0
20180828,37.8,fear,-0.08163621772150997,0.0,0.462850534836658,43.80842247277633,0.006360219716681122,56.36021971668113,0.2570833010919814,34.413592188155036,0.17685180688060134,54.421295172015036
20180829,27.98,fear,-0.08404780383003096,0.0,0.265972824515756,10.995470752625994,0.004625614339404453,54.62561433940445,0.2480095280949699,37.77424885371485,-0.5388546400693842,36.52863399826539
20180830,20.36,extreme fear,-0.0922728592988038,0.0,0.12337474718289512,0.0,0.00028893383415197916,50.28893383415198,0.2378962319445955,41.51991409459425,-1.6012045073678127,9.969887315804682
20180831,23.84,extreme fear,-0.09543006135195842,0.0,0.21086077411900636,1.8101290198343913,0.000866551126516465,50.86655112651647,0.23080573375107918,44.14602453663733,-1.105093905257077,22.372652368573075
20180903,37.31,fear,-0.09750579469603038,0.0,0.4154909300316729,35.91515500527881,0.008350129570976101,58.350129570976094,0.22625116987993982,45.832900044466726,-0.14281857183990787,46.4295357040023
20180904,59.83,greed,-0.08467705877952547,0.0,0.8369878822850548,100.0,0.013560300057703404,63.560300057703415,0.2053979943731709,53.55629838030707,1.2817722446624353,82.04430611656089
20180905,25.53,fear,-0.10112467767918065,0.0,0.1386966551326413,0.0,0.008650519031141867,58.65051903114187,0.20927412849679472,52.12069314933529,-1.3245156862745098,16.887107843137255
20180906,36.21,fear,-0.10915208977560542,0.0,0.3228596137215336,20.47660228692226,0.00835975785528971,58.35975785528971,0.18970123088281501,59.36991448784629,-0.2871024791006053,42.82243802248487
20180907,47.21,neutral,-0.10349376718257086,0.0,0.5511970002884338,58.53283338140562,0.011537352177675224,61.53735217767522,0.19055235385611208,59.05468375699552,0.2770466109027978,56.92616527256995
20180910,21.56,extreme fear,-0.11476806313805443,0.0,0.1214574898785425,0.0,-0.0011567379988432613,48.84326200115674,0.19568381682997602,57.15414191482369,-1.9285032388663967,1.7874190283400815
20180911,46.23,neutral,-0.11469014669810573,0.0,0.5797979797979798,63.29966329966328,0.004040404040404041,54.040404040404034,0.19540978323229738,57.255635839889855,0.26167728715728716,56.54193217893217
20180912,44.64,fear,-0.11909619840553143,0.0,0.5147058823529411,52.45098039215684,0.00461361014994233,54.613610149942325,0.17880492553070151,63.40558313677721,0.10971381199538638,52.74284529988466
20180913,56.89,greed,-0.10790585540127928,0.0,0.7757331799884991,95.95552999808315,0.005175388154111557,55.17538815411156,0.18334117996146052,61.72548890316277,0.8646139160437033,71.61534790109259
20180914,28.57,fear,-0.10477578097450335,0.0,0.22855497985031664,4.759163308386104,-0.001151410477835348,48.84858952216465,0.17599955300504028,64.44460999813323,-1.007105785837651,24.822355354058722
20180917,24.12,extreme fear,-0.11333606322144296,0.0,0.15845577643330452,0.0,-0.0020167098818784203,47.98329011812158,0.17526523913773356,64.71657809713571,-1.6843108326130796,7.892229184673011
20180918,63.95,greed,-0.0938680731677084,0.0,0.898076370944588,100.0,0.011771461383864484,61.77146138386449,0.1781907968309452,63.633038210761036,1.7745167671547515,94.3629191788688
20180919,60.05,greed,-0.08041025713151606,0.0,0.8009778544722462,100.0,0.010641357492090884,60.64135749209088,0.1838506729566333,61.536787793839515,1.122349065286166,78.05872663215415
20180920,37.42,fear,-0.07961268932163801,0.0,0.33275762809441567,22.126271349069274,0.008923431203223949,58.92343120322394,0.18339523940941393,61.705466885402245,-0.22532858376511225,44.36678540587219
20180921,58.07,greed,-0.05066329993543017,0.0,0.8528399311531841,100.0,0.00717154331612163,57.17154331612163,0.21286284567278327,50.791538639709884,1.2961101262191626,82.40275315547908
20180925,34.61,fear,-0.0581548245614355,0.0,0.31344995698308004,18.908326163846667,0.004875250932033266,54.87525093203327,0.19729160256306574,56.55866571738305,-0.29160682535130483,42.70982936621738
20180926,46.45,neutral,-0.04666809801236471,3.331901987635291,0.520892959358901,53.48215989315016,0.009444762449914138,59.44476244991414,0.20125498590716515,55.0907459603092,0.43599470520892963,60.899867630223234
20180927,21.56,extreme fear,-0.04954495097129252,0.4550490287074799,0.14126074498567334,0.0,-0.00343839541547278,46.561604584527224,0.20125381329062147,55.09118026273278,-1.77253664756447,5.686583810888251
20180928,59.16,greed,-0.03871695022282251,11.283049777177492,0.7933008874892642,98.88348124821069,0.005439450329229888,55.43945032922989,0.20000859265733023,55.55237308987769,0.986516633266533,74.66291583166333
20181008,15.08,extreme fear,-0.07882699770146129,0.0,0.05764267278462862,0.0,-0.010037281330656726,39.962718669343275,0.25427204360544253,35.45479866465091,-3.3644243762546604,0.0
20181009,42.94,fear,-0.07821025307360463,0.0,0.5861674764218349,64.3612460703058,0.0060017147756501864,56.00171477565019,0.25398119625928584,35.56251990396821,0.3514046013146613,58.78511503286653
20181010,42.76,fear,-0.0789986709580427,0.0,0.5562214611872146,59.370243531202426,0.007705479452054794,57.705479452054796,0.24929066167587266,37.29975493486197,0.37729631849315065,59.43240796232877
20181011,4.17,extreme fear,-0.12175658452718441,0.0,0.021714285714285714,0.0,-0.4042857142857143,0.0,0.293669839571998,20.863022380741484,-7.559015914285714,0.0
20181012,24.58,extreme fear,-0.10728341010570996,0.0,0.348458904109589,24.743150684931496,0.0014269406392694063,51.426940639269404,0.29827919211938514,19.155854770598097,-0.8975171232876713,27.56207191780822
20181015,18.83,extreme fear,-0.11815846644009897,0.0,0.22104962920707358,3.5082715345122604,0.002852253280091272,52.85225328009127,0.30073202759396117,18.247397187421782,-1.2182915002852253,19.54271249286937
20181016,12.05,extreme fear,-0.12368890420117762,0.0,0.1596806387225549,0.0,-0.010835471913316224,39.164528086683774,0.29810791806616654,19.219289605123507,-1.9254807812945538,1.862980467636155
20181017,47.35,neutral,-0.11725043446571826,0.0,0.7307911212293683,88.46518687156137,0.0062606715993170185,56.26067159931702,0.2992754736572901,18.78686160841106,0.9288548662492886,73.22137165623221
20181018,6.18,extreme fear,-0.13654131092053956,0.0,0.07905251141552512,0.0,-0.03424657534246575,15.753424657534252,0.3090676409407976,15.16013298488977,-3.170771118721461,0.0
20181019,53.85,neutral,-0.10949654940383602,0.0,0.8861950941243583,100.0,0.010553337136337708,60.5533371363377,0.3265751735557296,8.675861646026064,2.1095152595550486,100.0
20181022,60.0,greed,-0.07004483185816313,0.0,0.99230330672748,100.0,0.060148232611174454,100.0,0.3629285428158294,0.0,5.015699828962371,100.0
20181023,16.46,extreme fear,-0.09353939772085174,0.0,0.18529076396807298,0.0,0.013397947548460663,63.39794754846066,0.3734301302292476,0.0,-1.2435016533637397,18.912458665906506
20181024,34.18,fear,-0.09088792705784421,0.0,0.5177142857142857,52.95238095238094,0.013142857142857144,63.14285714285713,0.3658423133811484,0.0,0.19123222857142855,54.78080571428572
20181025,21.66,extreme fear,-0.08796792749555471,0.0,0.2961483594864479,16.024726581074646,0.007703281027104137,57.70328102710414,0.3622238485381154,0.0,-0.6176750071326675,34.558124821683315
20181026,39.66,fear,-0.09264218012604919,0.0,0.6250713877784123,70.84523129640205,0.013992004568817818,63.99200456881782,0.3626204819934538,0.0,0.5382221016561964,63.45555254140491
20181029,12.33,extreme fear,-0.11875719643501648,0.0,0.18391787852865696,0.0,-0.003992015968063872,46.007984031936125,0.35522459004330004,0.0,-1.374350128314799,15.641246792130026
20181030,49.53,neutral,-0.10773053949913158,0.0,0.7877492877492878,97.9582146248813,0.017948717948717947,67.94871794871796,0.35914664355532494,0.0,1.2697133333333332,81.74283333333334
20181031,51.79,neutral,-0.0939821643997828,0.0,0.8596691386195094,100.0,0.019395322304620648,69.39532230462065,0.36091335471378516,0.0,1.5812785795778665,89.53196448944666
20181101,37.75,fear,-0.08609650596485885,0.0,0.5507411630558723,58.45686050931204,0.016248574686431014,66.248574686431,0.36305764383227224,0.0,0.5623055017103763,64.05763754275941
20181102,54.39,neutral,-0.052497868947947834,0.0,0.9709484477356879,100.0,0.02193107376815722,71.93107376815722,0.3859294428141445,0.0,2.8215209057248645,100.0
20181105,41.89,fear,-0.059242297992002535,0.0,0.6017623649801024,66.96039416335039,0.021034678794769755,71.03467879476975,0.3553589133563874,0.0,0.8572728823194996,71.43182205798749
20181106,26.06,fear,-0.06377022749065397,0.0,0.3426057337496452,23.76762229160753,0.012489355662787398,62.4893556627874,0.35596442387435895,0.0,-0.2376043428895827,44.059891427760434
20181107,26.22,fear,-0.0685848242802396,0.0,0.33550950894124326,22.584918156873872,0.013624751632131707,63.62475163213171,0.3565834153066897,0.0,-0.20366676128299746,44.90833096792507
20181108,31.33,fear,-0.06979349540253799,0.0,0.373620152844608,28.93669214076799,0.015001415227851684,65.0014152278517,0.3101163356743374,14.771727528023177,-0.08283260684970281,47.92918482875743
20181109,30.9,fear,-0.0814196660120019,0.0,0.38073654390934847,30.122757318224743,0.01359773371104816,63.597733711048164,0.3106732762309548,14.565453247794508,-0.15207722379603403,46.198069405099154
20181112,58.94,greed,-0.06900154951960902,0.0,0.961266610121572,100.0,0.029403449250777494,79.4034492507775,0.30867202173181957,15.30665861784459,2.9562735934407693,100.0
20181113,58.77,greed,-0.058245678827752,0.0,0.8598474145238768,100.0,0.028256569652444195,78.25656965244418,0.30794973167660245,15.574173453110191,2.0187148346990673,100.0
20181114,32.74,fear,-0.06615162556781484,0.0,0.39338235294117646,32.230392156862735,0.016685520361990953,66.68552036199095,0.31073567079126163,14.542344151384583,0.010573359728506796,50.264333993212674
20181115,59.11,greed,-0.0537419983452726,0.0,0.8625846501128668,100.0,0.027652370203160272,77.65237020316027,0.2977237393486879,19.361578019004483,1.9411183408577877,98.52795852144469
20181116,50.71,neutral,-0.04786427031528917,2.1357296847108325,0.62880496054115,71.46749342352499,0.028184892897406992,78.18489289740698,0.2810512334514983,25.536580203148773,1.0499610484780157,76.2490262119504
20181119,49.4,neutral,-0.035786848708265095,14.213151291734908,0.5079006772009029,51.31677953348381,0.027652370203160272,77.65237020316027,0.23886188552055626,41.162264622016195,0.5069988995485327,62.67497248871332
20181120,18.93,extreme fear,-0.05657425396262006,0.0,0.10129431626336523,0.0,0.0016882386043894203,51.688238604389426,0.2339741733465092,42.97252839018177,-2.6417137911623985,0.0
20181121,51.1,neutral,-0.05266105370569951,0.0,0.6632854325162018,77.21423875270028,0.01267962806424345,62.67962806424345,0.23405048728515238,42.94426396846208,0.9057267681036911,72.64316920259229
20181122,40.38,fear,-0.054667249230437864,0.0,0.4571267922406522,42.85446537344203,0.012369974697779028,62.36997469777903,0.23452132032816084,42.76988135994042,0.15587728422828226,53.89693210570705
20181123,13.54,extreme fear,-0.07398433174524899,0.0,0.045786516853932584,0.0,-0.02050561797752809,29.49438202247191,0.24681603012525968,38.21628513879269,-4.431903370786517,0.0
20181126,36.04,fear,-0.07314341592941931,0.0,0.42656162070906023,37.7602701181767,0.0014068655036578509,51.40686550365785,0.2197677571209318,48.23416402928451,-0.28840267304445694,42.78993317388858
20181127,51.82,neutral,-0.07283768917007516,0.0,0.6707969586032103,78.4661597672017,0.011546043368065334,61.54604336806533,0.21684988508472527,49.31485737602767,0.7901963098591549,69.75490774647888
20181128,57.47,greed,-0.05906083988780475,0.0,0.774636058230683,95.77267637178049,0.012038073908174693,62.038073908174695,0.21627261813779347,49.528659948965384,1.1995788913773797,79.9894722844345
20181129,20.32,extreme fear,-0.06981119013826631,0.0,0.09481065918653576,0.0,0.0033660589060308553,53.36605890603086,0.219724182710148,48.250302699945166,-2.442086980920315,0.0
20181130,52.57,neutral,-0.05819444077154856,0.0,0.6573033707865169,76.21722846441948,0.006460674157303371,56.46067415730337,0.17985512501477469,63.016620364898266,0.6865971340264119,67.1649283506603
20181203,68.71,greed,-0.03074837583773027,19.251624162269735,0.9820678061081536,100.0,0.021014289717007563,71.01428971700757,0.20617703775350454,53.26776379499832,3.196498402913982,100.0
20181204,58.2,greed,-0.027576518944154138,22.423481055845865,0.6894236149972021,81.57060249953366,0.011751538891997763,61.75153889199776,0.2050088488039995,53.700426368889076,0.8626947942905122,71.5673698572628
20181205,33.25,fear,-0.03096853433408009,19.031465665919914,0.2518207282913165,8.63678804855275,0.002240896358543418,52.240896358543424,0.20431100405356326,53.95888738756916,-0.7047668067226891,32.38082983193277
20181206,20.83,extreme fear,-0.050423532474272115,0.0,0.1290232297788973,0.0,-0.0013993842709207945,48.6006157290792,0.21880745898404902,48.58983000590777,-1.7217254687937307,6.956863280156734
20181207,42.33,fear,-0.048966789192298354,1.0332108077016482,0.5196188340807175,53.269805680119575,0.0030829596412556056,53.08295964125561,0.2127272504443168,50.841759094697466,0.1376572029147982,53.441430072869956
20181210,24.49,extreme fear,-0.058422297785093336,0.0,0.21638244338831422,2.7304072313857017,0.0002795638803466593,50.27956388034666,0.21207378146167166,51.08378464382531,-1.2648759440559443,18.378101398601395
20181211,55.03,greed,-0.052508701971687666,0.0,0.7242152466367713,87.3692077727952,0.011491031390134528,61.49103139013453,0.20927867614080606,52.11900883673849,0.9661164517937221,74.15291129484305
20181212,41.39,fear,-0.047880427539651826,2.1195724603481763,0.45820519988817443,43.0341999813624,0.006709533128319821,56.70953312831982,0.20713122709595921,52.914360334829915,0.08774981828347776,52.19374545708695
20181213,57.98,greed,-0.031730720104568344,18.26927989543166,0.7392277560156687,89.87129266927809,0.007554560716284275,57.55456071628428,0.21049824554742477,51.66731646391674,0.9017103525461668,72.54275881365417
20181214,20.97,extreme fear,-0.04647673544549047,3.5232645545095336,0.0718077675328304,0.0,0.0022352612461581448,52.235261246158146,0.21739033302476116,49.11469147231067,-2.531006174909192,0.0
20181217,41.76,fear,-0.04649017656300469,3.50982343699531,0.47160839160839163,45.26806526806526,0.0064335664335664336,56.433566433566426,0.21217704816762972,51.045537715692696,0.10181434965034966,52.54535874125874
20181218,31.39,fear,-0.054949310062446854,0.0,0.2728543472183394,12.142391203056563,0.004752585965893207,54.75258596589321,0.19978085062901138,55.63672198925504,-0.6235677103718199,34.4108072407045
20181219,25.75,fear,-0.06501984208558531,0.0,0.14713286713286713,0.0,0.003916083916083916,53.91608391608391,0.20263841768279875,54.57836382118565,-1.1895978181818183,20.260054545454544
20181220,48.33,neutral,-0.0709140113441108,0.0,0.6191008098296565,69.8501349716094,0.004747277296844456,54.74727729684445,0.20354786100076142,54.24153296268095,0.512069757051103,62.801743926277574
20181221,30.82,fear,-0.08117564685635115,0.0,0.26514094334356686,10.856823890594473,0.002511861568518001,52.511861568518,0.19371513364850224,57.88328383388806,-0.6851332403014234,32.871668992464414
20181224,54.8,neutral,-0.07722783900804264,0.0,0.7250139586823003,87.50232644705005,0.00614182021217197,56.141820212171964,0.1944030416240937,57.628503102187516,0.9083691513121162,72.70922878280291
20181225,28.26,fear,-0.0823695659659035,0.0,0.22334172963895885,3.8902882731598054,0.00839630562552477,58.39630562552477,0.1952981166639367,57.29699382817158,-1.1322525475923853,21.69368631019037
20181226,39.14,fear,-0.0858303430724976,0.0,0.3838836038052602,30.647267300876695,0.00867375489647454,58.67375489647454,0.18708814507995852,60.3377240444598,-0.15898214885282594,46.02544627867935
20181227,24.62,extreme fear,-0.08829938915681623,0.0,0.14885282596530497,0.0,0.00195858981533296,51.95858981533296,0.18325746124498282,61.756495835191544,-1.6247357022943478,9.381607442641304
20181228,43.6,fear,-0.0812318347194605,0.0,0.5060039095224798,51.00065158707995,0.002513264451270595,52.513264451270594,0.17956669245624307,63.12344723842849,0.05452772968444567,51.36319324211114
20190102,42.71,fear,-0.09258050006161533,0.0,0.4291701592623638,38.19502654372729,0.004470522492316289,54.470522492316285,0.1431776780591298,76.60085997810008,-0.22885037720033527,44.27874056999162
20190103,39.51,fear,-0.09303214877956023,0.0,0.38474434199497065,30.790723665828434,0.00307348421346745,53.073484213467445,0.14148628276217232,77.22730268067691,-0.5421106174909193,36.44723456272702
20190104,67.58,greed,-0.07045347720998574,0.0,0.9455155071248952,100.0,0.022911427773120982,72.91142777312099,0.17449663219956457,65.0012473334946,2.530453702151439,100.0
20190107,69.07,greed,-0.06410138360730366,0.0,0.9005586592178771,100.0,0.026256983240223464,76.25698324022346,0.16341808137740046,69.10441430466649,2.038957011173184,100.0
20190108,42.08,fear,-0.06544838743811943,0.0,0.38002232142857145,30.003720238095237,0.012834821428571428,62.834821428571416,0.16325466850383355,69.16493759117276,-0.06456420200892857,48.385894949776784
20190109,48.75,neutral,-0.05534803809046329,0.0,0.49092938878035164,48.48823146339193,0.018420318169132012,68.42031816913202,0.16469184719452198,68.63264918721407,0.3291494557633269,58.22873639408317
20190110,40.98,fear,-0.05622914149361946,0.0,0.3578007256488976,26.300120941482923,0.012559307842590009,62.55930784259001,0.1632718118763198,69.15858819395562,-0.12571855986603406,46.85703600334915
20190111,59.4,greed,-0.04857228059387364,1.4277194061263625,0.731347438752784,88.55790645879729,0.016425389755011136,66.42538975501114,0.16526928331252522,68.41878395832398,0.8870697383073497,72.17674345768374
20190114,36.21,fear,-0.05608223265965673,0.0,0.2868692500696961,14.478208344949348,0.008642319487036521,58.642319487036524,0.15495908681489068,72.23737525374419,-0.571341957067187,35.71645107332032
20190115,64.23,greed,-0.03672049590557602,13.27950409442398,0.7928053541550474,98.80089235917454,0.012269938650306747,62.26993865030674,0.16378983567878097,68.96672752637741,1.1131301255230126,77.82825313807531
20190116,43.27,fear,-0.03565196231871037,14.34803768128963,0.36705685618729095,27.842809364548486,0.008918617614269788,58.918617614269785,0.1637720258203265,68.97332377024944,-0.14863169779760244,46.28420755505994
20190117,33.06,fear,-0.040110612936522294,9.88938706347771,0.201949860724234,0.3249767873723293,0.008635097493036212,58.63509749303621,0.16075761266740393,70.08977308614669,-0.9465371030640668,26.33657242339833
20190118,59.87,greed,-0.021921923735525817,28.078076264474184,0.6889632107023411,81.49386845039017,0.006967670011148272,56.96767001114827,0.1671728186667965,67.71377086414944,0.6039691192865106,65.09922798216277
20190121,59.58,greed,-0.015933786431517882,34.06621356848212,0.6069637883008356,67.82729805013926,0.011420612813370474,61.42061281337047,0.16433263564970482,68.76569050010932,0.6321164345403899,65.80291086350975
20190122,35.24,fear,-0.028322102216619127,21.677897783380875,0.18699413898967346,0.0,0.008651967624895339,58.65196762489534,0.16538838028286482,68.37467396930933,-0.9009459670667038,27.476350823332407
20190123,50.51,neutral,-0.028176344788857666,21.823655211142338,0.4782608695652174,46.37681159420289,0.010869565217391304,60.86956521739131,0.16559625125769373,68.2976847193727,0.20701797658862878,55.175449414715715
20190124,56.62,greed,-0.021802749492924156,28.197250507075843,0.5843541202672605,64.05902004454342,0.01030066815144766,60.30066815144765,0.1629144698187034,69.29093710418393,0.44991013363028953,61.247753340757235
20190125,41.09,fear,-0.012876394230100119,37.12360576989988,0.2776850306065665,12.947505101094418,0.005843071786310518,55.84307178631052,0.16169216305026102,69.74364331471814,-0.8087882025598219,29.780294936004452
20190128,40.31,fear,-0.01212572111408583,37.87427888591417,0.29747011398387546,16.24501899731257,-0.0027800945232137886,47.21990547678621,0.16016290164419064,70.31003642807754,-0.8048520433694746,29.878698915763135
20190129,30.82,fear,-0.008120557382607863,41.87944261739214,0.17704280155642024,0.0,-0.008893829905503057,41.106170094496946,0.15961340323467585,70.51355435752745,-1.9756719566425793,0.6082010839355168
20190130,30.68,fear,-0.015172397408906524,34.82760259109347,0.18777777777777777,0.0,-0.017499999999999998,32.5,0.15288115085007153,73.00698116664017,-1.4777312222222223,13.056719444444443
20190131,29.25,fear,-0.004092441714175665,45.90755828582434,0.2415230683713174,6.920511395219564,-0.03307392996108949,16.926070038910517,0.15376512282882163,72.67958413747347,-1.8479790717065037,3.8005232073374087
20190201,79.98,extreme greed,0.010822836045118356,60.82283604511836,0.9493882091212458,100.0,0.011401557285873191,61.40155728587319,0.14027425882477948,77.67620043526685,2.7951727753058955,100.0
20190211,84.88,extreme greed,0.029572618327586397,79.5726183275864,0.9688369504730105,100.0,0.020589872008903727,70.58987200890373,0.1496108207930199,74.21821452110373,2.732014746800223,100.0
20190212,83.78,extreme greed,0.03710798806708637,87.10798806708637,0.854798331015299,100.0,0.020305980528511822,70.30598052851181,0.14817172450425456,74.75121314657238,1.4693011682892907,86.73252920723226
20190213,87.58,extreme greed,0.05766141216402065,100.0,0.9048279689234184,100.0,0.022197558268590455,72.19755826859044,0.15708256427543968,71.45090212020752,1.7700821309655939,94.25205327413984
20190214,70.39,greed,0.05891335423863708,100.0,0.5154038301415487,52.56730502359144,0.014432417429919511,64.43241742991951,0.15557331103911443,72.009884800328,0.5167048848182071,62.91762212045518
20190215,58.7,greed,0.039247134221059854,89.24713422105985,0.35825458588104503,26.3757643135075,0.015564202334630349,65.56420233463035,0.1766806772690786,64.1923417521931,-0.07445730961645357,48.13856725958866
20190218,88.04,extreme greed,0.07221537450637205,100.0,0.9905712701053799,100.0,0.033277870216306155,83.27787021630616,0.19637158652545317,56.899412397980306,3.3459011924570166,100.0
20190219,66.27,greed,0.07019361874401087,100.0,0.43484301194776326,39.14050199129387,0.0225062517365935,72.5062517365935,0.19115694922963117,58.83075954458105,0.43400541817171434,60.850135454292854
20190220,65.93,greed,0.07390129848817595,100.0,0.47554196775986657,45.923661293311085,0.017509727626459144,67.50972762645915,0.19045043165495693,59.09243272038632,0.28483793774319066,57.12094844357976
20190221,57.08,greed,0.07089285293890657,100.0,0.27658983615662314,12.764972692770518,0.0197167453485143,69.7167453485143,0.18863229976360962,59.765814902366806,-0.27324729241877255,43.168817689530684
20190222,89.84,extreme greed,0.09457196488749853,100.0,0.900360810435748,100.0,0.04107688037746323,91.07688037746323,0.1930916808400276,58.114192281471254,2.1812863447127393,100.0
20190225,85.75,extreme greed,0.15841271792078637,100.0,0.9916805324459235,100.0,0.09123682750970605,100.0,0.2724130437079703,28.735909737788774,5.020598197448696,100.0
20190226,58.41,greed,0.14334158833518784,100.0,0.42131557035803496,36.88592839300582,0.02719955592561754,77.19955592561753,0.27112346881305766,29.213530069237905,-0.04901482098251456,48.77462947543714
20190227,54.65,neutral,0.1401161906360986,100.0,0.3879933296275709,31.33222160459514,0.01556420233463035,65.56420233463035,0.27157361233759464,29.046810245335323,-0.10838593663146191,47.290351584213454
20190228,63.42,greed,0.1361869989164688,100.0,0.6222592284207604,70.37653807012673,0.0066611157368859295,56.661115736885925,0.27403979140725254,28.13341058990646,0.4761811268387455,61.90452817096864
20190301,63.51,greed,0.15984927807543192,100.0,0.5534626038781163,58.91043397968604,0.015789473684210527,65.78947368421053,0.2786713904706214,26.418003529399485,0.6568517174515235,66.4212929362881
20190304,82.82,extreme greed,0.1721696416644558,100.0,0.8590455049944506,100.0,0.041065482796892344,91.06548279689234,0.2770385707381908,27.02275157844784,1.8407970588235292,96.01992647058823
20190305,85.45,extreme greed,0.17749493296986296,100.0,0.8828254847645429,100.0,0.059833795013850416,100.0,0.2764804643505457,27.22945764794605,2.6664339612188366,100.0
20190306,85.91,extreme greed,0.1858625760048731,100.0,0.7975562343793391,99.59270572988981,0.05609552901971674,100.0,0.2690916277080819,29.966063811821513,2.2483456817550684,100.0
20190307,80.83,extreme greed,0.17260689891959013,100.0,0.6940360610263523,82.33934350439203,0.06490984743411927,100.0,0.27834977477845857,26.53712045242274,1.811637170596394,95.29092926490985
20190308,21.76,extreme fear,0.1253227027212076,100.0,0.10686600221483943,0.0,-0.06533776301218162,0.0,0.3262731020365746,8.787739986453829,-4.569255398671096,0.0
20190311,81.7,extreme greed,0.1466213096956197,100.0,0.9512195121951219,100.0,0.07926829268292683,100.0,0.3271017058202399,8.480849696207443,4.2107070121951224,100.0
20190312,80.8,extreme greed,0.1532820969430213,100.0,0.7754084741068956,95.90141235114926,0.051232345610634174,100.0,0.32708880793569556,8.485626690483116,1.9848527554693989,99.62131888673498
20190313,33.83,fear,0.14261947717354184,100.0,0.22311529933481153,3.8525498891352523,0.0030487804878048808,53.04878048780488,0.32668739314172895,8.634298836396681,-1.855807123059867,3.6048219235033265
20190314,27.22,fear,0.1336838191718963,100.0,0.15101136048766972,0.0,-0.02161263507896924,28.387364921030763,0.32916847173200386,7.715380839998559,-2.8099829038514827,0.0
20190315,74.52,greed,0.146871372270011,100.0,0.8045467147213751,100.0,0.020238425284169668,70.23842528416967,0.3186836692417151,11.598641021587,1.6312565289714447,90.78141322428613
20190318,77.97,extreme greed,0.1779626846745901,100.0,0.8905210643015521,100.0,0.02688470066518847,76.88470066518846,0.31504680998656376,12.94562593090231,2.3748518015521065,100.0
20190319,58.47,greed,0.17088750973866307,100.0,0.47880299251870323,46.46716541978386,0.021612635078969246,71.61263507896926,0.3161075712589622,12.552751385569536,0.46871496259351614,61.71787406483791
20190320,54.78,neutral,0.16974448473069081,100.0,0.41318194405981723,35.53032400996953,0.022154527831625588,72.15452783162559,0.3165852876008982,12.37581940707473,0.15334001661589589,53.833500415397395
20190321,70.02,greed,0.16845721929177726,100.0,0.6729385722191478,78.82309536985794,0.02933038184836746,79.33038184836747,0.31572918279511053,12.692895261070163,1.170703126729386,79.26757816823465
20190322,61.13,greed,0.16578488659266122,100.0,0.49444444444444446,49.07407407407407,0.02777777777777778,77.77777777777779,0.31000057798886377,14.814600744865274,0.5586671111111111,63.96667777777778
20190325,50.77,neutral,0.1366254959340789,100.0,0.2967185761957731,16.11976269929551,0.021412680756395998,71.41268075639601,0.24878757956619174,37.486081642151206,-0.8463944938820912,28.840137652947718
20190326,38.03,fear,0.12248855081145282,100.0,0.14488320355951056,0.0,0.0025027808676307012,52.50278086763069,0.24834976987584753,37.64823337931572,-2.553132675194661,0.0
20190327,68.21,greed,0.13413698620864256,100.0,0.5691622599499025,61.527043324983744,0.026161981630949065,76.16198163094906,0.2513787699227435,36.52638151009499,0.6734748956303923,66.83687239075981
20190328,42.03,fear,0.12816331103432876,100.0,0.232952964096855,5.492160682809166,0.0011132758140829386,51.11327581408294,0.25172140274343036,36.39948046539616,-1.3150725299192874,17.123186752017816
20190329,80.26,extreme greed,0.17001185976400968,100.0,0.9172452096639823,100.0,0.023882254929186338,73.88225492918635,0.27601154968028535,27.40312974804246,2.688863315745626,100.0
20190401,84.63,extreme greed,0.19878923698849604,100.0,0.9750623441396509,100.0,0.05015239678581324,100.0,0.2874794224520964,23.155769462186512,3.5736416458852864,100.0
20190402,63.77,greed,0.19608355171015646,100.0,0.5047091412742383,50.784856879039694,0.02853185595567867,78.53185595567867,0.2874075123860864,23.18240281996799,0.6542301662049863,66.35575415512466
20190403,73.23,greed,0.20962241153035732,100.0,0.6971127151582455,82.85211919304089,0.031093836757357024,81.09383675735702,0.28909868710882214,22.55604181154736,1.1869131593559135,79.67282898389783
20190404,60.61,greed,0.21967181349548714,100.0,0.4620288248337029,43.67147080561714,0.02466740576496674,74.66740576496674,0.28631700612578553,23.58629402748683,0.44456344235033257,61.11408605875831
20190408,58.66,greed,0.21630015210292775,100.0,0.35550013854253254,25.91668975708875,0.033527292878913824,83.52729287891383,0.23800126051303222,41.48101462480288,-0.30506627874757547,42.37334303131061
20190409,68.59,greed,0.2197912987401136,100.0,0.5786703601108033,63.111726685133874,0.02382271468144044,73.82271468144043,0.23176692778674074,43.79002674565158,0.48835793848711556,62.208948462177894
20190410,60.18,greed,0.22101757229713326,100.0,0.4089024053082665,34.81706755137774,0.022947193807022395,72.94719380702239,0.231706139497005,43.81254092703517,-0.0264211501244125,49.33947124688969
20190411,41.9,fear,0.19262422874645813,100.0,0.18461112648768335,0.0,0.013285358427899255,63.285358427899254,0.2457124151184844,38.625031437598366,-1.695768585662884,7.6057853584279025
20190412,58.71,greed,0.1879663244532943,100.0,0.4794255730461199,46.57092884101997,0.006904170118751727,56.90417011875173,0.24360235458528653,39.40653533878275,0.0261420049710025,50.65355012427506
20190415,48.3,neutral,0.1821123569842802,100.0,0.2672008842221608,11.200147370360131,0.00911854103343465,59.118541033434646,0.24260722316115815,39.77510253290437,-0.7445322188449849,31.38669452887538
20190416,83.24,extreme greed,0.21212641576502755,100.0,0.8603367375103506,100.0,0.026221363510902568,76.22136351090256,0.2415552993988215,40.164703926362385,1.9922716257245376,99.80679064311344
20190417,71.03,greed,0.2099249543669901,100.0,0.5855408388520972,64.25680647534952,0.027869757174392936,77.86975717439294,0.2400988502797165,40.70412952603092,0.8918065673289184,72.29516418322297
20190418,51.31,neutral,0.2027424317571378,100.0,0.2891034482758621,14.85057471264368,0.016,66.0,0.24119844913004782,40.29687069257487,-0.5846705931034483,35.3832351724138
20190419,70.46,greed,0.21415190319795685,100.0,0.6289655172413793,71.4942528735632,0.020965517241379312,70.9655172413793,0.24293926613219616,39.652123654742155,0.8069156965517242,70.17289241379311
20190422,44.68,fear,0.18362910110613329,100.0,0.24337016574585635,7.228360957642723,0.01270718232044199,62.70718232044199,0.2605876055710706,33.11570164034423,-1.185180745856354,20.370481353591153
20190423,38.61,fear,0.1789840896826147,100.0,0.2082758620689655,1.3793103448275823,-0.003310344827586206,46.689655172413794,0.24216271589992291,39.939734851880395,-1.7974683034482757,5.063292413793108
20190424,73.69,greed,0.1797570691950805,100.0,0.702784670526606,83.79744508776764,0.018196856906534328,68.19685690653434,0.23566516379718982,42.346235630670435,0.9640517783291976,74.10129445822994
20190425,33.2,fear,0.15210446496626684,100.0,0.0682886369919823,0.0,-0.02045894387614045,29.541056123859555,0.251521462257974,36.473532497046655,-3.9569336466685097,0.0
20190426,42.51,fear,0.13487481732070772,100.0,0.2809734513274336,13.495575221238933,-0.004977876106194689,45.02212389380531,0.25693957731747413,34.466823215750324,-1.217428761061947,19.564280973451325
20190429,29.76,fear,0.1362130025126147,100.0,0.16154059296203935,0.0,-0.08229426433915213,0.0,0.21824407939048,48.798489114637036,-3.5879739262953727,0.0
20190430,75.74,extreme greed,0.138057553328369,100.0,0.7596207473508088,93.27012455846811,0.0019520356943669836,51.952035694366984,0.196397566663035,56.88979012480184,1.0628512548800892,76.57128137200223
20190506,24.9,extreme fear,0.0703043347274781,100.0,0.0323472491014653,0.0,-0.3408902405308266,0.0,0.2838074665749114,24.51575312040319,-7.34090362178601,0.0
20190507,76.79,extreme greed,0.07916210712284144,100.0,0.7830658550083011,97.17764250138349,0.02379634753735473,73.79634753735472,0.28168478528203067,25.30193137702568,1.5076214443829554,87.69053610957388
20190508,54.2,neutral,0.06235499352140428,100.0,0.4195513708114096,36.59189513523493,0.011077263915812794,61.077263915812786,0.2791909196628959,26.225585310038554,-0.11588050401550817,47.102987399612296
20190509,43.05,fear,0.04165139218067937,91.65139218067937,0.2891466445733223,14.857774095553712,0.003037834852250761,53.037834852250754,0.2828317604511929,24.877125758817442,-0.7678820215410107,30.802949461474732
20190510,79.45,extreme greed,0.07810587911056777,100.0,0.9770844837106571,100.0,0.03561568194367753,85.61568194367753,0.3185291652846565,11.655864709386464,3.494055880728879,100.0
20190513,46.65,neutral,0.05934005696168687,100.0,0.3261410788381743,21.02351313969571,0.014661134163208852,64.66113416320886,0.3203521936400509,10.980669022203358,-0.5373045366528354,36.56738658367912
20190514,43.35,fear,0.051604028209000674,100.0,0.2434374136501796,7.2395689416965965,0.01409229068803537,64.09229068803538,0.31450515688986036,13.1462381889406,-0.7084412544901907,32.28896863774523
20190515,77.49,extreme greed,0.07404418864155571,100.0,0.9416804864566058,100.0,0.02957435046987286,79.57435046987285,0.3286934880269855,7.891300730746096,2.1931492537313435,100.0
20190516,64.89,greed,0.07760906373404142,100.0,0.6567328918322296,76.12214863870493,0.020695364238410598,70.6953642384106,0.32982786194980757,7.471162240812006,0.8059710540838853,70.14927635209713
20190517,32.34,fear,0.04915405217998514,99.15405217998514,0.07327823691460054,0.0,0.0008264462809917366,50.82644628099173,0.31835813563072185,11.719209025658571,-3.530064214876033,0.0
20190520,45.78,neutral,0.03917294508830471,89.17294508830472,0.4367752622860298,39.462543714338295,-0.001932633903920485,48.06736609607952,0.31776744299869614,11.93798407455698,-0.38916159580342347,40.27096010491441
20190521,74.31,greed,0.05212693228815635,100.0,0.8717948717948718,100.0,0.01902398676592225,69.02398676592225,0.32514988629176567,9.203745817864558,1.7331808105872621,93.32952026468155
20190522,44.71,fear,0.04614586284463096,96.14586284463095,0.281267217630854,13.544536271808996,0.015426997245179064,65.42699724517907,0.3189530628194883,11.498865622411728,-0.5217282093663912,36.956794765840215
20190523,27.39,fear,0.026501484262599684,76.50148426259969,0.11022320198401764,0.0,-0.0022044640396803525,47.79553596031965,0.3157897054199968,12.670479474075265,-2.191558280518049,0.0
20190524,40.08,fear,0.028522642530437237,78.52264253043724,0.35647382920110193,26.07897153351698,-0.0005509641873278244,49.44903581267218,0.3169120148442335,12.254809316950556,-0.6364146280991735,34.08963429752067
20190527,74.89,greed,0.04000595384839967,90.00595384839967,0.9448883990079912,100.0,0.023973546431523836,73.97354643152384,0.32175260639100906,10.461997632959608,2.7248208046293745,100.0
20190528,53.35,neutral,0.04912551972422596,99.12551972422597,0.40847784200385356,34.746307000642254,0.01706578585191302,67.06578585191303,0.3191389213591696,11.430029126233478,0.17597927332782826,54.39948183319571
20190529,58.08,greed,0.045674879553430525,95.67487955343053,0.5203296703296704,53.38827838827839,0.018131868131868133,68.13186813186813,0.31695510130564786,12.238851368278574,0.4377097829073921,60.9427445726848
20190530,41.79,fear,0.03820600071696534,88.20600071696533,0.2963370972183971,16.05618286973285,0.006885155604516663,56.885155604516655,0.3164493776465698,12.426156427196375,-0.5848208207105481,35.3794794822363
20190531,50.76,neutral,0.03397759854431692,83.97759854431692,0.42499311863473715,37.49885310578952,0.016515276630883566,66.51527663088356,0.315507981881036,12.774821525542208,0.1222387558491605,53.05596889622901
20190603,38.11,fear,0.033460387958430315,83.46038795843032,0.22475928473177442,4.126547455295734,-0.0022008253094910595,47.79917469050894,0.23991172649083115,40.773434633025495,-1.4239972764786797,14.400068088033008
20190604,34.36,fear,0.022850534886797114,72.8505348867971,0.18837785733957588,0.0,-0.0035802809143486644,46.41971908565134,0.23847703334060352,41.30480246644312,-1.5503190581107131,11.242023547232172
20190605,55.6,greed,0.021395415546010543,71.39541554601054,0.4955898566703418,49.26497611172362,0.010749724366041897,60.74972436604189,0.23368505621694383,43.07960880853932,0.14124186879823591,53.531046719955896
20190606,28.71,fear,0.01130157539709531,61.301575397095306,0.11788953009068426,0.0,-0.013465237702665566,36.53476229733443,0.2265330872726496,45.728486195314964,-2.4130897499312995,0.0
20190610,73.56,greed,0.023271733001888784,73.27173300188878,0.7500688136526287,91.67813560877141,0.014863748967795208,64.8637489677952,0.18821976480167818,59.91860562900808,1.1221772364437106,78.05443091109277
20190611,86.73,extreme greed,0.05272488444114276,100.0,0.9793388429752066,100.0,0.031955922865013774,81.95592286501376,0.2104043272522276,51.70210101769347,3.5773524793388427,100.0
20190612,53.23,neutral,0.04373199949295259,93.73199949295258,0.2820159735610025,13.669328926833746,0.015973561002478657,65.97356100247865,0.21096508081076215,51.49441451453254,-0.34954610300192784,41.26134742495181
20190613,72.08,greed,0.04113579422131153,91.13579422131153,0.6429947701624003,73.83246169373336,0.019267822736030827,69.26782273603082,0.19469287396774013,57.521157789725876,0.744965813377374,68.62414533443435
20190614,37.59,fear,0.03157639722836603,81.57639722836603,0.10985682819383259,0.0,-0.0008259911894273123,49.17400881057269,0.19561992794953031,57.177804463136916,-2.1323370044052865,0.0
20190617,61.51,greed,0.030459940358059878,80.45994035805988,0.5023435346015991,50.3905891002665,0.008822718500137855,58.82271850013785,0.17327914143103526,65.4521698403573,0.09610697546181418,52.40267438654536
20190618,59.08,greed,0.03293463022272003,82.93463022272003,0.4158633985128064,35.977233085467724,0.010465436518865326,60.465436518865324,0.17056723245242666,66.4565805731753,-0.017035747727898665,49.574106306802534
20190619,84.34,extreme greed,0.04519811032090382,95.19811032090382,0.8445239405613649,100.0,0.023665382498624106,73.66538249862411,0.1702084152664975,66.58947582722314,1.4499881673087507,86.24970418271877
20190620,82.37,extreme greed,0.07524609943769489,100.0,0.8472757292239956,100.0,0.017611447440836543,67.61144744083654,0.19839990818837666,56.14818215245309,1.5238801596037423,88.09700399009355
20190621,89.65,extreme greed,0.07516591325514499,100.0,0.863036303630363,100.0,0.0374037403740374,87.4037403740374,0.18333328706970287,61.72841219640634,1.9644256600660066,99.11064150165016
20190624,62.11,greed,0.0757207470334571,100.0,0.38545953360768176,30.909922267946953,0.018655692729766804,68.6556927297668,0.1834004800365393,61.70352591239285,-0.028363968166849628,49.290900795828755
20190625,50.06,neutral,0.0630180885629017,100.0,0.2225576289791438,3.759604829857298,0.007958287596048299,57.958287596048294,0.18664136017492028,60.50319993521471,-0.8765863885839735,28.08534028540066
20190626,61.6,greed,0.05956570621985491,100.0,0.4490524581159022,41.50874301931703,0.004669046965119473,54.66904696511947,0.18507294975788152,61.0840926822661,0.029652732765723687,50.74131831914309
20190627,70.77,greed,0.0691842116200303,100.0,0.5953947368421053,65.89912280701753,0.012335526315789476,62.33552631578948,0.18707901505623845,60.341105534726495,0.6100685032894737,65.25171258223685
20190628,46.53,neutral,0.06486636135210766,100.0,0.1796276013143483,0.0,0.003833515881708653,53.83351588170865,0.18525449943293412,61.01685206187625,-1.287295235487404,17.817619112814896
20190701,86.53,extreme greed,0.09343325742228892,100.0,0.9600765654908395,100.0,0.029258955427946404,79.2589554279464,0.20584828431041402,53.38952432947629,2.81790281651627,100.0
20190702,59.93,greed,0.09160801243579542,100.0,0.43338815789473684,38.898026315789465,0.0060307017543859654,56.03070175438596,0.20591119482328657,53.366224139523496,0.054739775219298244,51.36849438048245
20190703,47.4,neutral,0.07746574924368321,100.0,0.2162236229103864,2.7039371517310657,0.005480953685941353,55.48095368594136,0.20759736090708428,52.74171818256137,-0.9567932310221979,26.08016922444505
20190704,55.29,greed,0.06978462226548698,100.0,0.36810321163875925,28.017201939793203,0.004666483667307165,54.66648366730716,0.2096774576393608,51.97131198542193,-0.32762448531430144,41.80938786714247
20190705,68.15,greed,0.07322320217139855,100.0,0.5584201865057598,59.73669775095994,0.01151947339550192,61.51947339550192,0.20416664360546422,54.01235422019843,0.6185973121228743,65.46493280307186
20190708,38.47,fear,0.046424960066292265,96.42496006629227,0.0628775398132894,0.0,-0.0008237232289950583,49.17627677100494,0.22375406478790852,46.757753782256096,-3.4305406095551896,0.0
20190709,65.61,greed,0.041971960925326846,91.97196092532684,0.5684442001099506,61.40736668499175,0.009345794392523364,59.345794392523366,0.199469038778099,55.752207859963335,0.3837690764156129,59.594226910390326
20190710,49.02,neutral,0.03835167618045232,88.35167618045232,0.2552140504939627,9.202341748993776,0.006037321624588364,56.037321624588365,0.1971693414129276,56.603947624841624,-0.6038471185510429,34.90382203622393
20190711,59.19,greed,0.036070883713484214,86.07088371348422,0.4519230769230769,41.98717948717948,0.00934065934065934,59.34065934065934,0.1969880912007614,56.67107733305132,0.07556854395604395,51.889213598901094
20190712,64.99,greed,0.040744652502099576,90.74465250209957,0.5696653867251783,61.61089778752971,0.006856829402084477,56.85682940208447,0.19423076002258335,57.6923111027469,0.32194127811300055,58.04853195282501
20190715,73.69,greed,0.043212523358206356,93.21252335820635,0.7085729937003561,84.762165616726,0.00958641468090934,59.586414680909336,0.19417105041269084,57.71442577307746,0.9267332237743084,73.16833059435771
20190716,63.37,greed,0.036763881632780215,86.76388163278021,0.5204165524801315,53.40275874668857,0.010687859687585639,60.68785968758563,0.19562259336304877,57.176817272944895,0.3532712249931488,58.831780624828724
20190717,57.49,greed,0.03452621785834742,84.52621785834742,0.38569078947368424,30.9484649122807,0.011787280701754384,61.78728070175439,0.19118457013224724,58.820529580649165,0.054673629385964914,51.366840734649124
20190718,40.88,fear,0.023124701719144714,73.12470171914471,0.1162280701754386,0.0,0.005208333333333333,55.208333333333336,0.16077290607708908,70.08410886033738,-1.7600441611842106,5.998895970394735
20190719,69.14,greed,0.03226442907221605,82.26442907221605,0.6482343279496304,74.7057213249384,0.006296194908294552,56.29619490829455,0.16554957452570304,68.31497239788776,0.5654584724883658,64.13646181220915
20190722,37.97,fear,0.02355794757683438,73.55794757683438,0.09940087145969499,0.0,-0.004901960784313725,45.09803921568628,0.16694499783139385,67.7981489513356,-1.8634120642701524,3.4146983932461907
20190723,76.71,extreme greed,0.024317464366218955,74.31746436621896,0.8083718401739604,100.0,0.008154389779831475,58.154389779831476,0.16320761531170191,69.18236469936966,1.2750005708072847,81.8750142701821
20190724,79.26,extreme greed,0.03086321778737866,80.86321778737866,0.8337867247007617,100.0,0.014145810663764961,64.14581066376496,0.16547400019775488,68.34296288972041,1.3177544069640912,82.94386017410228
20190725,64.98,greed,0.037635397244518254,87.63539724451826,0.4995922805110084,49.932046751834726,0.009513454743136723,59.51345474313672,0.1636453727555934,69.02023231274318,0.3516710790975809,58.791776977439525
20190726,61.3,greed,0.0381119421284819,88.1119421284819,0.445078847199565,40.846474533260825,0.006525285481239804,56.525285481239806,0.16343345443484994,69.0987205796852,0.07579287656334965,51.89482191408374
20190729,62.01,greed,0.035465340972567816,85.46534097256782,0.3815217391304348,30.253623188405793,0.010326086956521738,60.32608695652173,0.12451195395805156,83.51409112664757,0.020300407608695645,50.50751019021739
20190730,73.11,greed,0.03815437723524129,88.15437723524128,0.6291462751495378,71.52437919158963,0.009516041326808049,59.51604132680804,0.12579700567112373,83.03814604773194,0.5330298803697662,63.32574700924416
20190731,52.42,neutral,0.027246741570344346,77.24674157034434,0.25583288117200215,9.305480195333688,0.006511123168746609,56.5111231687466,0.12377400804116577,83.78740442919786,-0.5904631578947367,35.23842105263159
20190801,54.5,neutral,0.017300327096940293,67.3003270969403,0.31268676989948385,18.781128316580638,0.009236620483564249,59.23662048356424,0.1257242528914248,83.06509152169451,-0.23575031241510458,44.106242189622385
20190802,40.19,fear,0.0011078472137433515,51.107847213743355,0.15056972327726534,0.0,0.00705371676614216,57.05371676614216,0.1326698296537382,80.49265568380066,-1.5079672002170372,12.30081999457407
20190805,40.16,fear,-0.019090865496190212,30.90913450380979,0.18600867678958785,0.0,0.010845986984815618,60.84598698481562,0.12450594896144655,83.51631519946423,-0.9793450108459871,25.516374728850323
20190806,30.19,fear,-0.030510085821786936,19.489914178213066,0.11822125813449023,0.0,-0.0005422993492407817,49.457700650759215,0.1285733144544633,82.00988353538396,-2.81164807483731,0.0
20190807,44.22,fear,-0.035413927868788164,14.58607213121184,0.35219274499187875,25.365457498646453,0.005955603681645912,55.955603681645904,0.12876060882775284,81.94051524898043,-0.27083267460747157,43.22918313481321
20190808,60.64,greed,-0.023638441030114254,26.361558969885746,0.6488611713665944,74.81019522776572,0.00623644251626898,56.23644251626898,0.13987450459022166,77.82425755917716,0.7183854934924078,67.9596373373102
20190809,34.34,fear,-0.03394893864048654,16.051061359513465,0.1735828586927041,0.0,0.005153241117439653,55.153241117439656,0.13965021059447183,77.90732940945487,-1.0972531597504747,22.568671006238134
20190812,72.01,greed,-0.01733504487517501,32.66495512482499,0.8720803910917979,100.0,0.012221618685497012,62.221618685497006,0.15598986748320326,71.85560463585064,1.7319101846822378,93.29775461705594
20190813,39.92,fear,-0.026888960328351752,23.11103967164825,0.26213065871509894,10.35510978584982,0.007047980482515587,57.047980482515584,0.15790175607427542,71.14749775026836,-0.4829761995120629,37.92559501219843
20190814,59.89,greed,-0.023061115605207294,26.938884394792705,0.6504065040650406,75.06775067750677,0.011382113821138212,61.382113821138205,0.15948247006280641,70.56204812488652,0.6194137940379404,65.48534485094851
20190815,52.46,neutral,-0.02059056961329009,29.40943038670991,0.46393709327548804,43.989515545914664,0.009219088937093277,59.219088937093275,0.1574451270766237,71.31661960125048,0.33531784164859,58.382946041214744
20190816,57.42,greed,-0.016981061505526918,33.01893849447308,0.5563380281690141,59.38967136150234,0.01056338028169014,60.56338028169014,0.15302934893202702,72.95209298813813,0.44689983748645723,61.17249593716143
20190819,79.63,extreme greed,0.0036257429526522778,53.625742952652274,0.9534253994042784,100.0,0.02843216896831844,78.43216896831845,0.17159355238214652,66.07646208068647,2.98422799891687,100.0
20190820,55.84,greed,0.0019969082349258205,51.99690823492582,0.4386345163912219,39.77241939853698,0.014901110810078569,64.90111081007856,0.1714652676523055,66.12397494359055,0.2560799241397995,56.40199810349499
20190821,52.99,neutral,-0.0002813943392915297,49.71860566070847,0.42768147345612134,37.94691224268688,0.009209100758396533,59.209100758396524,0.16897910673997305,67.04477528149147,0.04213047128927411,51.05326178223185
20190822,60.19,greed,0.0020808514730557004,52.0808514730557,0.5430660888407367,57.17768147345611,0.013271939328277357,63.27193932827736,0.1664872049291001,67.96770187811107,0.4179217768147346,60.44804442036836
20190823,50.6,neutral,0.008666516731962615,58.666516731962616,0.3336950623982637,22.28251039971061,0.01166576234400434,61.665762344004335,0.16863242809927137,67.17317477804764,-0.2722258003255562,43.1943549918611
20190826,42.51,fear,-0.005917033511867009,44.08296648813299,0.2527800379712503,8.796672995208382,0.011120151885001357,61.12015188500136,0.17576487560589996,64.53152755337038,-0.6385916192026037,34.03520951993491
20190827,77.13,extreme greed,0.007273405584911741,57.27340558491174,0.8918406072106262,100.0,0.019517484413120085,69.51748441312007,0.18252373772565522,62.02824528679436,1.8729408511791814,96.82352127947954
20190828,54.96,neutral,0.0032204414790926172,53.220441479092614,0.4413755754129434,40.2292625688239,0.016788518819388032,66.78851881938803,0.18025101884119535,62.8699930217795,0.06731735716219876,51.68293392905496
20190829,50.4,neutral,-0.0003053116589357696,49.69468834106423,0.3677384490678195,27.95640817796991,0.012969467711429343,62.96946771142934,0.17817653038849757,63.638322078334234,-0.09095017562820859,47.726245609294786
20190830,37.36,fear,0.0020684634876102503,52.06846348761025,0.18432432432432433,0.0,0.003243243243243242,53.24324324324324,0.1697237895743075,66.76896682433055,-1.410999135135135,14.725021621621625
20190902,81.97,extreme greed,0.014804914651682877,64.80491465168288,0.9241770102536427,100.0,0.023745277927684834,73.74527792768484,0.15753071117565884,71.28492178679302,2.331006233135456,100.0
20190903,67.12,greed,0.016119508474902178,66.11950847490218,0.5735135135135135,62.25225225225225,0.015405405405405408,65.4054054054054,0.14990692659836274,74.10854570431009,0.7079947297297298,67.69986824324324
20190904,72.82,greed,0.02457832111698144,74.57832111698144,0.6739541160593793,78.9923526765632,0.015384615384615385,65.38461538461539,0.14867783030220477,74.56376655473898,0.8222838056680162,70.55709514170042
20190905,77.18,extreme greed,0.0346916622974236,84.69166229742359,0.7174851592012952,86.24752653354919,0.016999460334592553,66.99946033459256,0.14640227317328677,75.40656549137526,0.9020917431192661,72.55229357798166
20190906,70.01,greed,0.04016482075292904,90.16482075292905,0.5462162162162162,57.70270270270269,0.011621621621621623,61.62162162162163,0.1380377229856945,78.50454704233536,0.48303708108108107,62.07592702702702
20190909,90.65,extreme greed,0.04606765503197141,96.06765503197141,0.9071274298056156,100.0,0.025107991360691147,75.10799136069114,0.1283389422915169,82.09668804017892,2.05648909287257,100.0
20190910,69.35,greed,0.042017283285728624,92.01728328572862,0.481611681990265,46.93528033171082,0.0167658193618172,66.76581936181721,0.12245814456087357,84.27476127375053,0.26991692806922657,56.747923201730664
20190911,55.53,greed,0.0338932567605017,83.8932567605017,0.28482721382289417,14.137868970482357,0.01052915766738661,60.52915766738661,0.12874709219387032,81.94552140967765,-0.5142017008639308,37.14495747840173
20190912,76.09,extreme greed,0.04441384756202993,94.41384756202993,0.6719719449689776,78.66199082816291,0.01132991637442676,61.329916374426766,0.131440405413306,80.94799799507184,0.6033538171027785,65.08384542756946
20190916,68.42,greed,0.04009293052496821,90.09293052496821,0.506612685560054,51.10211426000899,0.01106612685560054,61.066126855600544,0.13395097522288524,80.01815732485731,0.39326059379217276,59.831514844804325
20190917,42.07,fear,0.022533201964362926,72.53320196436293,0.10688259109311742,0.0,0.007557354925775978,57.55735492577598,0.1333632674473708,80.23582687134416,-2.1749717678812415,0.0
20190918,62.91,greed,0.027325588797091793,77.3255887970918,0.46407347379794706,44.01224563299117,0.009454349000540247,59.454349000540255,0.13364762919690304,80.13050770485071,0.14531518098325227,53.63287952458131
20190919,78.66,extreme greed,0.030889643897754393,80.8896438977544,0.7441295546558705,90.68825910931172,0.014304993252361675,64.30499325236167,0.13327537799389283,80.26837852078043,1.0860550337381916,77.1513758434548
20190920,63.21,greed,0.03363530152033101,83.63530152033101,0.4306903991370011,38.44839985616684,0.011057173678532902,61.05717367853289,0.13324944175695302,80.27798453446184,0.10487613268608416,52.62190331715211
20190923,48.86,neutral,0.02169747510130149,71.69747510130149,0.23905996758508913,6.5099945975148525,0.00864397622906537,58.643976229065366,0.1396254733887248,77.91649133750933,-0.818289249054565,29.542768773635874
20190924,63.55,greed,0.02409180459450222,74.09180459450222,0.45668016194331984,42.780026990553296,0.011605937921727396,61.605937921727396,0.12738657725622346,82.44941583102835,0.2719842914979757,56.79960728744939
20190925,41.75,fear,0.01582833586637178,65.82833586637177,0.14855756268535994,0.0,0.0026961445133459154,52.69614451334592,0.12366699093624167,83.82704039398456,-1.7443682663790778,6.390793340523055
20190926,33.47,fear,0.007789586200827703,57.7895862008277,0.11011904761904762,0.0,-0.023268398268398265,26.731601731601735,0.1263347625476989,82.83897683418559,-2.710303923160173,0.0
20190927,71.84,greed,0.010547080843883672,60.54708084388367,0.7028556034482759,83.80926724137929,0.00889008620689655,58.89008620689654,0.1257932715548983,83.03952905374138,0.9159692887931035,72.8992322198276
20190930,41.69,fear,0.0006682749383775111,50.66827493837751,0.21815243738217074,3.025406230361788,-0.00269323996768112,47.30676003231888,0.13121689508279,81.03077959896666,-0.9428617829248587,26.428455426878532
20191008,59.44,greed,0.007029417557188111,57.02941755718811,0.48649378714208535,47.74896452368088,0.005402485143165857,55.40248514316586,0.12464055729597005,83.46646026075183,0.141945434900054,53.54863587250135
20191009,73.2,greed,0.008759575005333309,58.75957500533331,0.7556695464362851,92.61159107271416,0.007289416846652267,57.289416846652266,0.12465251587582717,83.46203115710105,0.9555697624190065,73.88924406047516
20191010,79.37,extreme greed,0.017316430411385753,67.31643041138575,0.8066432622198217,100.0,0.015122873345935728,65.12287334593573,0.12444224405613784,83.53990960883783,1.2356707534431541,80.89176883607885
20191011,65.66,greed,0.02737848520173869,77.37848520173868,0.48759439050701187,47.9323984178353,0.012405609492988133,62.405609492988134,0.12385895011460768,83.75594440199716,0.2722503775620281,56.8062594390507
20191014,85.73,extreme greed,0.03850913098457087,88.50913098457087,0.8507140932363244,100.0,0.019671247642144975,69.67124764214498,0.12796737996531168,82.23430371655122,1.5288688763136622,88.22172190784156
20191015,49.37,neutral,0.03434809392900351,84.34809392900351,0.2411194833153929,6.853247219232148,-0.0008073196986006451,49.192680301399356,0.12674705779090906,82.68627489225591,-1.0495421151776103,23.761447120559744
20191016,52.9,neutral,0.031137386942103218,81.13738694210322,0.26770805278750337,11.284675464583891,0.004847831941826018,54.84783194182602,0.12674764983744302,82.68605561576184,-0.6189396175599247,34.52650956100188
20191017,58.49,greed,0.031961088182624664,81.96108818262466,0.3608191862031797,26.803197700529946,0.004850444624090542,54.850444624090535,0.12409841197452773,83.66725482424899,-0.19427138237671787,45.143215440582054
20191018,45.61,neutral,0.01753462374504955,67.53462374504954,0.18733153638814015,0.0,0.007008086253369272,57.00808625336927,0.1269413398028392,82.61431859154104,-1.1652143126684635,20.869642183288413
20191021,55.52,greed,0.02075215337205094,70.75215337205094,0.39282825559449985,32.1380425990833,0.002156915610676732,52.156915610676734,0.12746253297568524,82.42128408307954,-0.3956141008358048,40.10964747910488
20191022,78.99,extreme greed,0.02511795626179314,75.11795626179314,0.7638814016172507,93.9802336028751,0.011051212938005392,61.05121293800539,0.11375089073735234,87.4996700972769,1.0922133153638816,77.30533288409704
20191023,52.83,neutral,0.019057075299004023,69.05707529900403,0.26198169089929996,10.33028181654999,0.009693053311793215,59.69305331179322,0.11448397593378412,87.22815706156143,-0.4864311254711901,37.839221863220246
20191024,60.39,greed,0.019379682512528973,69.37968251252897,0.4504843918191604,41.747398636526725,0.004843918191603874,54.84391819160387,0.11345663628609624,87.60865322737176,-0.0654421959095802,48.363945102260494
20191025,72.75,greed,0.026743998841945116,76.74399884194511,0.657258064516129,76.20967741935482,0.008064516129032258,58.06451612903226,0.11586898389586436,86.71519114967987,0.6398247849462366,65.99561962365593
20191028,92.84,extreme greed,0.0348099109243063,84.8099109243063,0.8208835341365461,100.0,0.0428380187416332,92.83801874163319,0.11164484516943965,88.27968697428162,1.930151512717537,98.25378781793843
20191029,48.24,neutral,0.030735059521796115,80.73505952179612,0.17220139260846276,0.0,0.006963042313872523,56.96304231387253,0.11250070925391478,87.96270027632785,-1.3787612479914302,15.530968800214245
20191030,47.42,neutral,0.026026986391275875,76.02698639127587,0.23169750603378922,5.2829176722982005,-0.0029498525073746312,47.05014749262537,0.11029187839570362,88.78078577936903,-1.2009314829713058,19.976712925717354
20191031,47.21,neutral,0.024966453657472076,74.96645365747207,0.24430142129257174,7.38357021542862,-0.008045052292839904,41.9549477071601,0.10637439598404777,90.23170519109341,-1.1388138106731027,21.529654733172432
20191101,80.37,extreme greed,0.04213623242136921,92.13623242136921,0.757364756293519,92.8941260489198,0.007766470273165506,57.7664702731655,0.12093482721584592,84.83895288302003,0.9681451258703803,74.2036281467595
20191104,69.28,greed,0.04874960582060717,98.74960582060717,0.473034612288704,45.505768714784,0.007512744834987926,57.51274483498793,0.11463717377211147,87.1714171214402,0.2992629997316877,57.48157499329219
20191105,68.76,greed,0.055059552691879565,100.0,0.4797966283114798,46.63277138524663,0.005351886540005351,55.35188654000536,0.11470096624171909,87.14779028084479,0.18677968959058067,54.669492239764516
20191106,56.0,greed,0.049668658326536885,99.66865832653689,0.23850267379679144,6.417112299465237,0.006951871657754011,56.951871657754005,0.11707616401165619,86.2680874030903,-0.7714389304812835,30.714026737967913
20191107,77.16,extreme greed,0.05091017287923982,100.0,0.6235325506937033,70.58875844895054,0.010939167556029882,60.939167556029886,0.11466324767343511,87.16176012094996,0.6845886072572038,67.1147151814301
20191108,62.73,greed,0.04527128163856453,95.27128163856453,0.34878763655742073,24.797939426236784,0.007993605115907274,57.993605115907265,0.11255333800015124,87.94320814809213,-0.09502435385025314,47.62439115374367
20191111,42.67,fear,0.02619120641478556,76.19120641478557,0.0950479233226837,0.0,0.0034611288604898824,53.46112886048988,0.12396291774283531,83.71743787302395,-2.4030173322683703,0.0
20191112,72.38,greed,0.026004151159366273,76.00415115936627,0.5584242746872504,59.737379114541724,0.007186585041256321,57.18658504125632,0.12321315412789273,83.99512810078048,1.3993309821666224,84.98327455416556
20191113,54.76,neutral,0.024531588356248912,74.53158835624892,0.3064817284609229,17.746954743487148,0.0058682315284075744,55.86823152840758,0.12270863506607799,84.18198701256371,-0.34113753000800207,41.471561749799946
20191114,70.39,greed,0.02551320846620131,75.5132084662013,0.5908726981585268,65.1454496930878,0.011208967173738992,61.20896717373899,0.12283097755281819,84.1366749804377,0.6376540165465706,65.94135041366427
20191115,45.73,neutral,0.01763937792263892,67.63937792263891,0.1817456093666844,0.0,0.0021287919105907405,52.12879191059074,0.11459056818323701,87.18867845065296,-1.1324909792442788,21.687725518893032
20191118,74.08,greed,0.0253810501085312,75.3810501085312,0.6798829164449175,79.9804860741529,0.009579563597658328,59.57956359765832,0.11756197178294095,86.08815859891075,0.7744629856306546,69.36157464076636
20191119,85.82,extreme greed,0.03499492432097151,84.9949243209715,0.9098666666666667,100.0,0.01626666666666667,66.26666666666667,0.12191896799334716,84.47445629876032,1.7345978933333335,93.36494733333333
20191120,51.72,neutral,0.02409924011395126,74.09924011395125,0.2422145328719723,7.0357554786620495,0.008517434122970454,58.51743412297046,0.12525719253288625,83.23807683967175,-0.5707181527814746,35.732046180463136
20191121,59.69,greed,0.018836462730184023,68.83646273018402,0.43610223642172524,39.3503727369542,0.007987220447284346,57.98722044728435,0.12659393833977975,82.74298580008157,-0.018914962726304583,49.527125931842384
20191122,46.81,neutral,0.008039079049896536,58.039079049896536,0.2657621707901037,10.960361798350617,0.0029263101888800215,52.926310188880024,0.1293439636406141,81.72445791088367,-0.7849045224793828,30.377386938015427
20191125,57.66,greed,0.01480015799729606,64.80015799729605,0.4845580404685836,47.426340078097255,0.0005324813631522891,50.53248136315228,0.12908079706400072,81.82192701333307,-0.25163242811501596,43.7091892971246
20191126,56.22,greed,0.017684560198538257,67.68456019853826,0.38574088853418464,30.956814755697437,0.0037243947858473,53.72439478584731,0.12911844751157942,81.80798240311873,-0.12342144187283853,46.91446395317904
20191127,55.39,greed,0.012986151655628664,62.98615165562866,0.3806228373702422,30.1038062283737,0.004524886877828055,54.52488687782805,0.12879153813958993,81.92905994830002,-0.10286121905775886,47.428469523556025
20191128,51.92,neutral,0.009104777888711224,59.104777888711226,0.32338043188483073,20.56340531413845,0.004798720341242335,54.79872034124234,0.12927699365369613,81.74926160974218,-0.26546696880831777,43.363325779792056
20191129,59.99,greed,-2.671017674527043e-05,49.97328982325473,0.5178286322511975,52.9714387085329,0.006386375731772219,56.38637573177222,0.11536374732161048,86.90231580681093,0.14881939861628524,53.72048496540713
20191202,58.72,greed,0.001495178013650733,51.49517801365073,0.4658484525080043,44.308075418000705,0.006670224119530417,56.67022411953041,0.11221386193270293,88.06894002492484,0.122734151547492,53.0683537886873
20191203,69.3,greed,0.00495421122186257,54.95421122186257,0.6550531914893617,75.84219858156027,0.010106382978723405,60.1063829787234,0.11032785861282735,88.7674597730269,0.6725379787234043,66.81344946808511
20191204,59.52,greed,0.004166651187861969,54.16665118786197,0.4637064610475937,43.95107684126561,0.006115394841797394,56.1153948417974,0.11002757021930212,88.87867769655477,0.1798255585106383,54.49563896276596
20191205,76.18,extreme greed,0.011280208427875138,61.28020842787514,0.7921318447634237,98.68864079390393,0.009835194045720362,59.835194045720364,0.11441155841378339,87.2549783652654,0.953922062732589,73.84805156831472
20191206,70.57,greed,0.0166342597193172,66.6342597193172,0.6280244615793672,71.33741026322785,0.011964902951342728,61.96490295134273,0.11654385721446103,86.46523806871814,0.6572395373570858,66.43098843392714
20191209,64.52,greed,0.014127564359620148,64.12756435962015,0.49122807017543857,48.53801169590642,0.007442849548112707,57.442849548112704,0.09850309544654827,93.1470016864636,0.37324080276448696,59.33102006911217
20191210,67.48,greed,0.014800815301437842,64.80081530143784,0.5187450146237703,53.124169103961705,0.012762563148098911,62.76256314809891,0.09861643316717966,93.10502475289643,0.5440674554639723,63.60168638659931
20191211,56.74,greed,0.015028486846188072,65.02848684618807,0.34006376195536664,23.343960325894432,0.006907545164718384,56.907545164718385,0.09857737872504123,93.11948936109584,-0.1889378586609989,45.27655353347503
20191212,55.31,greed,0.011558256574732084,61.558256574732084,0.3226149348923731,20.43582248206218,0.006909380813180972,56.909380813180974,0.09899520467779518,92.964739008224,-0.21255716183895826,44.68607095402604
20191213,81.01,extreme greed,0.031020841130392496,81.0208411303925,0.8235606261607854,100.0,0.009286282833642877,59.28628283364288,0.11804347159685472,85.90982533449825,1.153179013000796,78.8294753250199
20191216,85.83,extreme greed,0.03532603662194611,85.32603662194612,0.8678145695364239,100.0,0.016158940397350992,66.15894039735099,0.11619192772033915,86.59558232580031,1.6436467549668874,91.09116887417218
20191217,86.17,extreme greed,0.04856949801383159,98.56949801383159,0.8227680929741151,100.0,0.01531959852086635,65.31959852086635,0.12049921109406313,85.00029218738402,1.2792884574749075,81.98221143687269
20191218,68.56,greed,0.04543788902001,95.43788902001,0.42096902303415407,36.828170505692334,0.015885623510722795,65.88562351072281,0.11398444074217698,87.41317009549,0.2900190362721737,57.25047590680434
20191219,78.26,extreme greed,0.04330422907739773,93.30422907739772,0.6847682119205298,80.79470198675496,0.01271523178807947,62.71523178807947,0.11217143876015809,88.08465231105257,0.6553490596026489,66.38372649006622
20191220,55.71,greed,0.04033335154771578,90.33335154771578,0.24191838897721252,6.98639816286875,0.010863804981452039,60.86380498145203,0.10433980910639919,90.98525588651881,-0.8240894011658718,29.397764970853203
20191223,42.37,fear,0.02706117214179482,77.06117214179483,0.12404125892621,0.0,-0.003438243850833113,46.56175614916689,0.1145042844826547,87.22063537679455,-1.9592037291721764,1.0199067706955889
20191224,85.1,extreme greed,0.03343200506589805,83.43200506589805,0.8813111287338091,100.0,0.014274385408406028,64.27438540840603,0.11582527693383061,86.73137891339607,1.6416649748876553,91.0416243721914
20191225,66.03,greed,0.03248559568968834,82.48559568968834,0.4486500794070937,41.44167990118228,0.011381683430386447,61.381683430386445,0.11428176215891354,87.30305105225423,0.3014330598200106,57.53582649550027
20191226,80.15,extreme greed,0.04107261930283146,91.07261930283146,0.7042328042328042,84.03880070546734,0.014814814814814814,64.81481481481481,0.11553255988562046,86.83979263495539,0.9583784126984127,73.95946031746033
20191227,57.55,greed,0.03964594680250699,89.645946802507,0.27702881311128735,12.838135518547888,0.011366640232619614,61.366640232619616,0.10901623701810603,89.25324554884962,-0.6146325138778747,34.634187153053134
20191230,76.21,extreme greed,0.054494946819099166,100.0,0.6129712628526233,68.82854380877053,0.011863959926179803,61.8639599261798,0.11741775136858006,86.14157356719257,0.569382757711574,64.23456894278935
20191231,76.8,extreme greed,0.058005405436510005,100.0,0.6022128556375131,67.03547593958551,0.014488935721812434,64.48893572181244,0.11739863028451958,86.14865545017793,0.6537789515279242,66.3444737881981
20200102,91.66,extreme greed,0.07190380559700715,100.0,0.9025546484066368,100.0,0.02607321569660258,76.07321569660257,0.12226613047087587,84.34587760337931,1.9160564392941797,97.90141098235449
20200103,75.1,extreme greed,0.06947019792918252,100.0,0.5494853523357086,58.24755872261809,0.017946687780416998,67.946687780417,0.12289809500761914,84.11181666384476,0.6070299551332806,65.17574887833202
20200106,78.15,extreme greed,0.06486408622460194,100.0,0.5537450722733246,58.95751204555408,0.025492772667542705,75.4927726675427,0.12500321639357845,83.33214207645243,0.9179099342969775,72.94774835742443
20200107,87.85,extreme greed,0.07225015557952941,100.0,0.7965834428383706,99.43057380639507,0.022864651773981604,72.8646517739816,0.12477235525485925,83.41764620190398,1.3419964520367937,83.54991130091985
20200108,51.94,neutral,0.059225843774459275,100.0,0.19489070318672636,0.0,0.013168290755859888,63.16829075585989,0.1353669352807006,79.49372767381459,-1.3181124835396367,17.04718791150908
20200109,86.43,extreme greed,0.07181330316978873,100.0,0.8541721505659384,100.0,0.016583311397736247,66.58331139773624,0.13960713702698507,77.92328258259812,1.5052130034219533,87.63032508554883
20200110,61.33,greed,0.07067847096952451,100.0,0.3464587737843552,24.40979563072586,0.009778012684989429,59.77801268498942,0.13830956255853888,78.40386571905967,-0.23684471458773781,44.07888213530655
20200113,82.44,extreme greed,0.0802414814913226,100.0,0.7091244725738397,84.85407876230661,0.019251054852320672,69.25105485232066,0.12659951910508338,82.74091884996912,1.0138911919831224,75.34727979957806
20200114,66.43,greed,0.07577496425749208,100.0,0.40394218134034166,33.9903635567236,0.013929040735873848,63.929040735873855,0.1282744165524941,82.12058646203921,0.08444993429697766,52.111248357424444
20200115,60.19,greed,0.06907841099236811,100.0,0.30042127435492366,16.73687905915394,0.009741969457609268,59.741969457609265,0.12423601309109766,83.6162914477416,-0.36483463260468785,40.8791341848828
20200116,60.44,greed,0.06379214589452853,100.0,0.2902547938008931,15.042465633482177,0.01182033096926714,61.82033096926715,0.12525149855176684,83.24018572156783,-0.31643428796636885,42.089142800840776
20200117,62.36,greed,0.0645170053118731,100.0,0.33289611752360965,22.149352920601604,0.009181532004197272,59.181532004197265,0.12480054089097804,83.40720707741553,-0.1183857292759706,47.040356768100736
20200120,80.86,extreme greed,0.07153693745117673,100.0,0.6669289273537896,77.82148789229825,0.01940729084710202,69.40729084710202,0.1254937684312418,83.1504561365771,0.9576469708890637,73.94117427222659
20200121,53.49,neutral,0.052567568797824205,100.0,0.21692428608855122,2.820714348091867,0.011003405816085932,61.00340581608593,0.13339467346882017,80.22419501154809,-1.063507283206707,23.412317919832326
20200122,67.06,greed,0.05631877047821199,100.0,0.4559477124183007,42.65795206971677,0.008366013071895424,58.36601307189543,0.13259194532952834,80.52150172980431,0.15092949019607843,53.773237254901964
20200123,34.87,fear,0.02314047260817409,73.1404726081741,0.08569182389937106,0.0,-0.013102725366876311,36.897274633123686,0.176368332435371,64.30802502393666,-3.237397693920335,0.0
20200203,1.6,extreme fear,-0.05723882790752344,0.0,0.045168067226890755,0.0,-0.8101365546218487,0.0,0.3284516613161008,7.98086617922192,-8.7643412552521,0.0
20200204,50.45,neutral,-0.03224418738710755,17.755812612892456,0.4,33.33333333333333,0.049606299212598425,99.60629921259842,0.34585451018795194,1.535366597054832,28.2781919160105,100.0
20200205,66.22,greed,-0.02121980729628381,28.78019270371619,0.8901991614255765,100.0,0.05372117400419287,100.0,0.34371271227488537,2.3286250833757833,2.8584392819706497,100.0
20200206,69.38,greed,-0.0030977408619244917,46.90225913807551,0.8985317252228632,100.0,0.06974305191400106,100.0,0.35154127554846876,0.0,2.5770444677503934,100.0
20200207,58.78,greed,-0.003133905628533329,46.86609437146667,0.6038330270412182,67.3055045068697,0.04778156996587031,97.7815699658703,0.3467177193254194,1.215659509103915,1.228844289839853,80.72110724599632
20200210,63.33,greed,0.0008256250449203417,50.82562504492034,0.7554390563564876,92.57317605941456,0.032241153342070776,82.24115334207077,0.34760453083329246,0.8872108024842618,1.6039644560943644,90.09911140235911
20200211,36.33,fear,0.009835961520010095,59.835961520010095,0.363254593175853,27.20909886264216,0.0049868766404199474,54.98687664041994,0.35011232347958093,0.0,-0.4150285564304462,39.62428608923885
20200212,69.17,greed,0.01751079525968624,67.51079525968623,0.834989539748954,100.0,0.033995815899581595,83.9958158995816,0.3503322203060193,0.0,1.7735413702928868,94.33853425732217
20200213,32.26,fear,0.010663825998148413,60.66382599814841,0.225130890052356,4.188481675392666,0.016492146596858638,66.49214659685865,0.3488973087728433,0.4084041582061815,-0.8180924345549739,29.547689136125655
20200214,46.05,neutral,0.01703325012823864,67.03325012823865,0.4424083769633508,40.401396160558456,0.017277486910994764,67.27748691099475,0.34639766427757496,1.3341984157129758,0.16764115183246076,54.191028795811526
20200217,77.55,extreme greed,0.03894119332988666,88.94119332988666,0.9655352480417755,100.0,0.04882506527415143,98.82506527415144,0.35710196925501203,0.0,3.425869712793734,100.0
20200218,70.37,greed,0.0330497121869906,83.0497121869906,0.7374053771861133,89.56756286435221,0.03576089793787523,85.76089793787523,0.3551236408284564,0.0,1.738953536935526,93.47383842338814
20200219,41.79,fear,0.03059417873957937,80.59417873957938,0.3235984354628422,20.599739243807033,0.020078226857887876,70.07822685788787,0.35505806792504213,0.0,-0.49351812255541067,37.662046936114734
20200220,75.0,greed,0.053384743191602135,100.0,0.838162359697207,100.0,0.031062385800052203,81.06238580005221,0.3650317061922316,0.0,1.7567620203602194,93.91905050900549
20200221,64.98,greed,0.053577125993529595,100.0,0.6050091312288025,67.50152187146708,0.029480824419514738,79.48082441951473,0.3647033670564674,0.0,1.115771458387686,77.89428645969215
20200224,67.38,greed,0.04839000247673231,98.3900024767323,0.5645833333333333,60.76388888888887,0.04635416666666666,96.35416666666666,0.36498586013557793,0.0,1.2563690364583333,81.40922591145834
20200225,54.8,neutral,0.045199109103171375,95.19910910317138,0.3062288246025541,17.704804100425676,0.0401355225436539,90.13552254365389,0.363973949474102,0.0,0.838020615063852,70.9505153765963
20200226,32.35,fear,0.03155568204908632,81.55568204908631,0.36015625,26.692708333333332,-0.013020833333333332,36.97916666666667,0.3614790152283257,0.0,-1.3400263802083332,16.49934049479167
20200227,51.27,neutral,0.03394414935644208,83.94414935644208,0.48921237327787886,48.202062212979804,0.016636340005198858,66.63634000519886,0.3612836718497798,0.0,0.30201294851794075,57.55032371294851
20200228,9.4,extreme fear,-0.0030212868320986797,46.97871316790132,0.06404582140067691,0.0,-0.08747721947409529,0.0,0.36662381820406237,0.0,-5.207935589690185,0.0
20200302,83.66,extreme greed,0.02917691383903276,79.17691383903276,0.9565443663804319,100.0,0.062451209992193606,100.0,0.2443793810606083,39.118747755330254,4.101705126203487,100.0
20200303,74.2,greed,0.03404032384401945,84.04032384401945,0.6986479459178367,83.1079909863061,0.02860114404576183,78.60114404576183,0.2310707908692574,44.04785523360837,1.2490321112844514,81.22580278211129
20200304,72.07,greed,0.039409640317097816,89.40964031709781,0.6576553158305173,76.27588597175287,0.024174681570054587,74.17468157005459,0.22956937553175888,44.60393498823745,1.0349599739921977,75.87399934980495
20200305,85.8,extreme greed,0.061619351939330436,100.0,0.7931392931392931,98.85654885654884,0.04054054054054054,90.54054054054053,0.23306810955371712,43.30810757269735,1.852543814968815,96.31359537422037
20200306,58.03,greed,0.04372613027712724,93.72613027712724,0.39537301793605406,32.562169656009004,0.027553938133610605,77.55393813361061,0.2435423395015637,39.42876314756899,-0.1243887704704965,46.890280738237585
20200309,25.18,fear,0.007676083688336721,57.67608368833672,0.14508580343213728,0.0,-0.008840353614144567,41.15964638585544,0.27699397093035216,27.03927002579549,-3.1585254290171605,0.0
20200310,76.26,extreme greed,0.028648663179771328,78.64866317977133,0.8258499870230989,100.0,0.028549182455229694,78.5491824552297,0.2849305333225571,24.099802473127014,2.123376252270958,100.0
20200311,39.12,fear,0.014499118798546373,64.49911879854638,0.2733402489626556,12.223374827109259,0.01711618257261411,67.11618257261411,0.2887359195747223,22.690400157510254,-0.8371798236514523,29.070504408713692
20200312,25.93,fear,-0.005228179086398721,44.77182091360128,0.15476499610490782,0.0,0.009867566865749158,59.867566865749154,0.2964949698839242,19.816677820768803,-1.7914887821345107,5.2127804466372325
20200313,27.49,fear,-0.019309257066004615,30.690742933995384,0.22632674297606659,4.387790496011095,0.012226847034339232,62.22684703433923,0.2993583708969593,18.7561589270521,-1.1442359521331946,21.394101196670135
20200316,3.08,extreme fear,-0.06117348658777,0.0,0.09218384835107764,0.0,-0.04544274214489742,4.557257855102581,0.32068178644242146,10.85859761391798,-3.7016405089587123,0.0
20200317,29.88,fear,-0.06534026076547816,0.0,0.39158660088288755,31.931100147147916,0.013243313425084393,63.24331342508439,0.3206814638156726,10.858717105306454,-0.2663073766233766,43.34231558441559
20200318,16.19,extreme fear,-0.0832629980600097,0.0,0.17910834629341627,0.0,0.010368066355624674,60.36806635562467,0.325128564481035,9.211642784801839,-1.5456088669950738,11.359778325123154
20200319,42.7,fear,-0.09445242661582509,0.0,0.5909090909090909,65.15151515151516,0.014805194805194804,64.80519480519482,0.3083530162850132,15.42480878332843,0.723835090909091,68.09587727272728
20200320,54.2,neutral,-0.07770202295246209,0.0,0.7822141560798548,97.0356926799758,0.023852735286492094,73.85273528649209,0.3197030957423957,11.22107565096455,1.556165447470817,88.90413618677042
20200323,3.5,extreme fear,-0.10801385345013736,0.0,0.08850246561121204,0.0,-0.03841162730339995,11.588372696600056,0.3340523636558423,5.906531979317663,-3.782807372793354,0.0
20200324,53.38,neutral,-0.0834155664698708,0.0,0.8548846851515937,100.0,0.017621145374449337,67.62114537444933,0.3555499204455048,0.0,1.971856232184504,99.2964058046126
20200325,55.34,greed,-0.058339795611282996,0.0,0.9067357512953368,100.0,0.026683937823834197,76.6839378238342,0.373346229781006,0.0,2.307574792746114,100.0
20200326,19.28,extreme fear,-0.06416419047182742,0.0,0.2614667012179321,10.244450202988679,0.009069707178025396,59.069707178025396,0.3724583970702141,0.0,-0.9174318994558176,27.064202513604563
20200327,26.32,fear,-0.06074373036699188,0.0,0.38513338513338513,30.855564188897517,0.008547008547008548,58.54700854700854,0.3549994152944028,0.0,-0.31205104895104896,42.19872377622378
20200330,11.26,extreme fear,-0.06937320918053325,0.0,0.19190095434614393,0.0,-0.001289656951250967,48.71034304874903,0.32953051240814896,7.5812917006855685,-2.1101924684034046,0.0
20200331,31.26,fear,-0.0658501981916686,0.0,0.39710069893864874,32.850116489774784,0.015014237639140565,65.01423763914056,0.3287653887708427,7.8646708256138,0.022052977731745194,50.55132444329363
20200401,24.96,extreme fear,-0.06825068594532524,0.0,0.3383225806451613,23.053763440860212,0.00567741935483871,55.67741935483871,0.3264118315893493,8.73635867061138,-0.5065840774193549,37.33539806451613
20200402,57.26,greed,-0.05285705026727339,0.0,0.8690046415678184,100.0,0.02527075812274368,75.27075812274367,0.32020217347339763,11.036232046889765,2.142405777663141,100.0
20200403,26.69,fear,-0.05796068241841856,0.0,0.30675954592363264,17.793257653938767,0.0152218782249742,65.22187822497419,0.31780627678808965,11.923601189596425,-0.4590169762641899,38.52457559339525
20200407,63.08,greed,-0.036361902439300486,13.638097560699517,0.9630872483221476,100.0,0.03820340733092411,88.2034073309241,0.3133249575023234,13.58334907321354,3.0617226639132675,100.0
20200408,44.17,fear,-0.040706108737514346,9.293891262485657,0.5648815653964985,60.813594232749736,0.01879505664263646,68.79505664263647,0.30048396130492994,18.33927359076668,0.543430921730175,63.58577304325438
20200409,48.46,neutral,-0.03750032239894152,12.499677601058481,0.6037151702786377,67.28586171310627,0.021671826625386997,71.671826625387,0.2992011445784024,18.814390896887986,0.8803595870967742,72.00898967741935
20200410,15.12,extreme fear,-0.04336444275133766,6.635557248662341,0.1431513903192585,0.0,-0.002059732234809474,47.940267765190534,0.29324540972634566,21.02021861987197,-2.1799601596703577,0.0
20200413,25.6,fear,-0.04723134664430961,2.7686533556903896,0.3095360824742268,18.256013745704465,0.004896907216494845,54.89690721649484,0.2900180874027537,22.215523184165292,-0.8047346649484536,29.88163337628866
20200414,64.65,greed,-0.02874520093566013,21.25479906433987,0.868089483157624,100.0,0.020827976343533044,70.82797634353305,0.2544896198482463,35.37421487101989,1.8309124485596708,95.77281121399177
20200415,32.71,fear,-0.03571526945278636,14.284730547213645,0.2757731958762887,12.628865979381443,0.014175257731958761,64.17525773195875,0.2554782139856643,35.0080688941984,-0.5021611755607115,37.445970610982215
20200416,48.04,neutral,-0.03414493925673601,15.855060743263996,0.514754939697203,52.45915661620049,0.02027200410572235,70.27200410572235,0.24305800525874188,39.60814620046597,0.47958870926353614,61.9897177315884
20200417,44.12,fear,-0.024527587374763793,25.472412625236206,0.41786447638603696,36.31074606433949,0.014630390143737166,64.63039014373717,0.2373839085029781,41.70966351741551,0.09883493326488708,52.47087333162218
20200420,62.25,greed,-0.02084105406257275,29.158945937427248,0.6834016393442623,80.56693989071037,0.02535860655737705,75.35860655737704,0.23124183101830595,43.98450703025705,1.2870990778688527,82.17747694672131
20200421,40.24,fear,-0.0321485703071559,17.851429692844103,0.3072381930184805,17.873032169746743,0.017197125256673513,67.1971252566735,0.19589450496465263,57.07610927235087,-0.3517593990755008,41.20601502311248
20200422,63.92,greed,-0.024124712757057853,25.875287242942147,0.6548106448311156,75.80177413851925,0.027379733879222108,77.37973387922212,0.17716328940795595,64.01359651557186,1.061218449334698,76.53046123336745
20200423,45.99,neutral,-0.02647151576180895,23.52848423819105,0.34844991032539074,24.741651720898453,0.017934921854983348,67.93492185498334,0.1536526226331948,72.72125087659452,-0.35862328977709446,41.03441775557264
20200424,28.17,fear,-0.03461015915907406,15.389840840925942,0.19142930459327687,0.0,-0.005132152938157558,44.86784706184244,0.15518452772303196,72.15387862109927,-1.6622794661190965,8.443013347022587
20200427,41.58,fear,-0.027955703570199497,22.044296429800507,0.3611610583097868,26.860176384964458,0.0010274852298998195,51.02748522989982,0.1562615997113335,71.75496306987648,-0.5509872334960185,36.22531916259953
20200428,29.48,fear,-0.021205647062594424,28.794352937405577,0.22596401028277635,4.32733504712939,-0.009254498714652955,40.745501285347046,0.15146690513205685,73.53077587701598,-2.0051158097686375,0.0
20200429,51.78,neutral,-0.016598030229206695,33.40196977079331,0.4592783505154639,43.21305841924398,0.007474226804123709,57.47422680412371,0.1516531800662907,73.46178516063307,0.05343095360824746,51.33577384020619
20200430,78.31,extreme greed,-0.004987344783311198,45.0126552166888,0.8282828282828283,100.0,0.023828023828023827,73.82802382802383,0.1536765033248963,72.71240617596433,2.1847410774410774,100.0
20200506,79.41,extreme greed,0.0009809024851781256,50.98090248517813,0.7995362020097913,99.92270033496519,0.027570213862406594,77.57021386240659,0.14634607357056026,75.42738015905175,1.7249636176243237,93.1240904406081
20200507,50.92,neutral,-0.0019761035614336286,48.02389643856637,0.33221476510067116,22.035794183445187,0.012648425400103254,62.64842540010326,0.14453477643393856,76.09823095039313,-0.16823363448631906,45.79415913784202
20200508,75.26,extreme greed,0.007713862057269205,57.7138620572692,0.7452442159383034,90.8740359897172,0.01722365038560411,67.2236503856041,0.12696759601071045,82.60459407010724,1.115651645244216,77.8912911311054
20200511,58.01,greed,0.00682295946144218,56.82295946144218,0.40025706940874034,33.376178234790046,0.013367609254498713,63.36760925449872,0.12496552110486189,83.34610329449559,0.12463478149100254,53.11586953727506
20200512,55.2,greed,0.006874201847770101,56.8742018477701,0.35695876288659795,26.159793814432987,0.011082474226804123,61.08247422680413,0.12518055436645759,83.26646134575645,-0.05465407216494845,48.63364819587629
20200513,66.6,greed,0.008982933261824977,58.982933261824975,0.5212355212355212,53.539253539253515,0.021364221364221364,71.36422136422136,0.12117962410429363,84.74828736878014,0.5740281338481338,64.35070334620335
20200514,46.61,neutral,-0.0018382189784993397,48.16178102150066,0.23781274181067835,6.302123635113056,0.014186226463760639,64.18622646376063,0.12820317681156881,82.14697155127081,-0.7105328604591179,32.23667848852205
20200515,59.7,greed,-0.004831873013192212,45.16812698680779,0.4665809768637532,44.43016281062553,0.014652956298200513,64.65295629820051,0.11246031891748831,87.97765966018952,0.25175362467866325,56.293840616966584
20200518,54.77,neutral,-0.0021624370960513506,47.83756290394865,0.395360824742268,32.56013745704466,0.011855670103092785,61.855670103092784,0.10787530557552004,89.67581274980739,-0.3233688659793815,41.91577835051547
20200519,75.48,extreme greed,0.006208340401941959,56.20834040194196,0.6849703531838103,80.8283921973017,0.022686259345192063,72.68625934519207,0.11056030377991592,88.68136897040151,1.1600972666322849,79.00243166580711
20200520,49.99,neutral,0.000796123677494931,50.79612367749493,0.2776488785769528,12.941479762825464,0.01443671049239495,64.43671049239495,0.10948777844027274,89.07860057767677,-0.6929860015467905,32.675349961330234
20200521,48.3,neutral,-0.0046811368399268805,45.31886316007312,0.2862674238513165,14.37790397521941,0.013680949922560661,63.68094992256066,0.11159243481577204,88.29909821638073,-0.8070688951987609,29.823277620030975
20200522,33.92,fear,-0.027338783432580227,22.661216567419775,0.1870967741935484,0.0,0.004903225806451613,54.90322580645161,0.13318101816643554,80.30332660502387,-1.531699664516129,11.707508387096777
20200525,50.23,neutral,-0.02590608597789723,24.093914022102773,0.4465894465894466,41.0982410982411,0.0059202059202059214,55.92020592020592,0.1299126228217927,81.51384339933604,-0.059382625482625455,48.515434362934364
20200526,79.0,extreme greed,-0.014784012282721637,35.21598771727837,0.8799587841318908,100.0,0.030396702730551263,80.39670273055127,0.13568433259720108,79.37617311214774,2.138418907779495,100.0
20200527,50.05,neutral,-0.021490551996922846,28.509448003077154,0.37271085891152955,28.785143151921588,0.017539334537013156,67.53933453701316,0.13440516196933414,79.84994001135773,-0.1780129739489296,45.54967565127676
20200528,48.68,neutral,-0.01858446427944893,31.41553572055107,0.36577181208053694,27.628635346756152,0.010325245224574085,60.32524522457409,0.13274448858233262,80.4650042287657,-0.2577625709860609,43.555935725348476
20200529,63.23,greed,-0.01589504089701499,34.10495910298501,0.5757105943152455,62.61843238587424,0.018087855297157625,68.08785529715763,0.13087054849814725,81.15905611179731,0.8072544186046512,70.18136046511628
20200601,83.39,extreme greed,0.010402604844824248,60.402604844824246,0.9452762003097573,100.0,0.036654620547238,86.654620547238,0.16126163684907116,69.90309746330698,2.781312083656081,100.0
20200602,67.68,greed,0.013296265996731504,63.296265996731506,0.6111397627643115,68.5232937940519,0.018824136152656008,68.824136152656,0.15671508816476448,71.58700438342056,0.6457915936049511,66.14478984012378
20200603,58.17,greed,0.013126953885373327,63.126953885373325,0.3778635778635779,29.64392964392964,0.022393822393822392,72.39382239382238,0.1555670409716685,72.01220704753018,0.14696615186615186,53.6741537966538
20200604,63.27,greed,0.012535448319283882,62.53544831928388,0.5131307929969104,52.18846549948506,0.018537590113285273,68.53759011328528,0.15506513800461563,72.19809703532755,0.4349628475798146,60.87407118949537
20200605,58.66,greed,0.01709576836776061,67.09576836776061,0.43857841874839043,39.7630697913984,0.011073911923770281,61.07391192377028,0.1521334498013864,73.283907480968,0.08423592583054337,52.10589814576358
20200608,57.31,greed,0.02195692560774387,71.95692560774387,0.4102960102960103,35.04933504933504,0.005662805662805663,55.66280566280566,0.15291423379655095,72.99472822349965,0.03567552123552122,50.89188803088803
20200609,67.8,greed,0.027887383627400286,77.88738362740028,0.5589902112313241,59.83170187188733,0.014425553838227717,64.42555383822771,0.1540701587172123,72.56660788251396,0.5706235188047398,64.2655879701185
20200610,56.05,greed,0.025634067928405058,75.63406792840506,0.36228160328879755,27.046933881466252,0.009249743062692703,59.24974306269271,0.15437555612166923,72.4534977327151,-0.16493003597122302,45.87674910071943
20200611,52.49,neutral,0.014207663535191761,64.20766353519176,0.31301440329218105,18.83573388203017,0.013631687242798354,63.63168724279835,0.15437816492961653,72.45253150754942,-0.26780216049382716,43.30494598765432
20200612,57.58,greed,0.015779509840003758,65.77950984000375,0.3879598662207358,31.326644370122626,0.01389246205299717,63.89246205299717,0.15363456823894595,72.72793768927927,0.1667055312580396,54.16763828145099
20200615,53.1,neutral,0.003468384276955616,53.46838427695562,0.36832648870636553,28.05441478439425,0.017453798767967144,67.45379876796714,0.16046008547858057,70.19996834126646,-0.1476424024640657,46.30893993839836
20200616,79.6,extreme greed,0.018339407425388865,68.33940742538887,0.842523724031803,100.0,0.019235701461913314,69.23570146191332,0.16640831308957182,67.99692107793635,1.6964798666324699,92.41199666581174
20200617,62.4,greed,0.018864113357840218,68.86411335784021,0.48357289527720737,47.26214921286789,0.015657084188911704,65.65708418891171,0.1648452293580352,68.57584097850548,0.46628198151950717,61.657049537987675
20200618,58.14,greed,0.02536345981300614,75.36345981300614,0.44025641025641027,40.04273504273504,0.008205128205128205,58.20512820512821,0.1640845805144186,68.85756277243755,-0.07019351282051282,48.24516217948718
20200619,70.23,greed,0.0386988956203671,88.6988956203671,0.5359158542842484,55.98597571404138,0.01513596716264751,65.1359671626475,0.14083848378956976,77.46722822608527,0.554138712160082,63.85346780400205
20200622,66.68,greed,0.03926244486130903,89.26244486130904,0.45866393652418735,43.11065608736455,0.01407729715894548,64.07729715894548,0.14096547763782352,77.42019346747277,0.3802930893268492,59.507327233171225
20200623,62.17,greed,0.043981707733829145,93.98170773382914,0.347069362682365,24.511560447060827,0.013565395444074738,63.565395444074746,0.1380093121773313,78.51506956395136,0.010128717686204287,50.2532179421551
20200624,62.18,greed,0.04813052838558707,98.13052838558707,0.36703352956232405,27.838921593720666,0.008958280010238033,58.95828001023803,0.1326871205012329,80.48625166621002,-0.1807268236498593,45.48182940875351
20200629,57.4,greed,0.04055542216273045,90.55542216273045,0.33001277139208174,21.66879523201362,0.008939974457215838,58.93997445721584,0.1381101422595763,78.4777250890458,-0.5061095019157088,37.34726245210728
20200630,87.83,extreme greed,0.053998423041399235,100.0,0.8120358514724711,100.0,0.023303457106274007,73.30345710627401,0.14254424335855834,76.83546542275617,1.5603824327784892,89.00956081946222
20200701,73.83,greed,0.07471351084333322,100.0,0.5413149143003325,56.88581905005541,0.016372473778459965,66.37247377845996,0.1291912223027589,81.78102877675596,0.5647660271169097,64.11915067792275
20200702,85.91,extreme greed,0.09617530215123216,100.0,0.7658760520275439,94.31267533792396,0.02346340219331803,73.46340219331805,0.14305719324641925,76.64548398280769,1.4043501402703396,85.10875350675849
20200703,83.1,extreme greed,0.11638566315366616,100.0,0.718558282208589,86.42638036809815,0.02505112474437628,75.05112474437627,0.1515720694251382,73.4918261388377,1.2218539110429447,80.54634777607362
20200706,88.48,extreme greed,0.17804461717630637,100.0,0.9345222929936305,100.0,0.06445859872611465,100.0,0.2355408559547007,42.39227557233307,3.9014391847133756,100.0
20200707,73.94,greed,0.1835103397751412,100.0,0.5704081632653061,61.734693877551,0.03596938775510204,85.96938775510205,0.23535361245155814,42.461625017941415,1.1804697193877551,79.51174298469388
20200708,87.5,extreme greed,0.2008050424952197,100.0,0.8289205702647657,100.0,0.045570264765784116,95.57026476578412,0.23672649421157715,41.95315029200846,2.249156517311609,100.0
20200709,88.35,extreme greed,0.2157418154744859,100.0,0.8765274949083504,100.0,0.055753564154786155,100.0,0.23724931340027144,41.759513555455015,2.861175585539715,100.0
20200710,55.71,greed,0.19215927538200872,100.0,0.3083778966131907,18.062982768865112,0.036159918512859685,86.15991851285968,0.2536680711261339,35.678492175505966,-0.4544659791189204,38.63835052202699
20200713,87.64,extreme greed,0.21548866352573204,100.0,0.9214340198321892,100.0,0.0653445207220951,100.0,0.24691277884549534,38.180452279446165,3.3236913043478262,100.0
20200714,55.6,greed,0.20230533580220822,100.0,0.3527171152869477,25.452852547824612,0.025647536820721177,75.64753682072117,0.2549769119191277,35.19373632624901,-0.33206482986287456,41.698379253428136
20200715,34.67,fear,0.18528269307684053,100.0,0.1889623601220753,0.0,-0.011444557477110887,38.555442522889116,0.2560281164678804,34.80440130819245,-2.3556749745676497,0.0
20200716,21.8,extreme fear,0.1274667081496832,100.0,0.0633265513733469,0.0,-0.07451678535096642,0.0,0.32573394256771565,8.987428678623814,-4.286329755849441,0.0
20200717,54.11,neutral,0.1335896216701835,100.0,0.4808521430382957,46.80869050638261,0.00786203398427593,57.86203398427593,0.3251197908080284,9.21489229332282,0.26668810550342376,56.66720263758559
20200720,79.91,extreme greed,0.1662128081416343,100.0,0.9087442806304016,100.0,0.044229791560752414,94.22979156075242,0.33562311515367654,5.324772165304978,3.5067112353838334,100.0
20200721,57.67,greed,0.1676597735722678,100.0,0.49505452700989094,49.175754501648484,0.021049961957900074,71.04996195790007,0.33535834880973836,5.422833774170968,0.5074010398173979,62.68502599543495
20200722,58.05,greed,0.17229344562962212,100.0,0.4560425639726374,42.67376066210623,0.021535343298707876,71.53534329870787,0.334666400685013,5.679110857402577,0.8147114770711932,70.36778692677983
20200723,48.78,neutral,0.17057690293517802,100.0,0.33121988333756025,21.86998055626004,0.02181080395637839,71.8108039563784,0.3356757558897717,5.305275596380838,-0.20297950798884098,44.925512300278974
20200724,24.88,extreme fear,0.11844309769867856,100.0,0.07776089159067882,0.0,-0.02558257345491388,24.417426545086123,0.3811884054172428,0.0,-3.976466717325228,0.0
20200727,48.05,neutral,0.12327125598216915,100.0,0.4443332499374531,40.72220832290884,0.0027520640480360285,52.75206404803603,0.378716504310507,0.0,-0.12919367025268955,46.770158243682765
20200728,66.88,greed,0.1322166200947823,100.0,0.7196285140562249,86.60475234270415,0.016817269076305222,66.81726907630522,0.37779334225705635,0.0,1.2392354417670681,80.9808860441767
20200729,77.61,extreme greed,0.1585326045870168,100.0,0.9161031805659905,100.0,0.03806661657901328,88.06661657901329,0.3802649065369109,0.0,2.6703021543086174,100.0
20200730,51.25,neutral,0.15163702155477554,100.0,0.36962534573799344,28.270890956332234,0.026401810409856678,76.40181040985668,0.37717539970505504,0.0,0.06269351269801357,51.567337817450344
20200731,70.29,greed,0.15996486135703636,100.0,0.6878293601003764,81.30489335006273,0.03513174404015056,85.13174404015056,0.3731954147177241,0.0,1.3999726725219572,84.99931681304894
20200803,82.2,extreme greed,0.17702162211647066,100.0,0.9135,100.0,0.0645,100.0,0.3203298104144977,10.988959105741586,2.9635535,100.0
20200804,48.24,neutral,0.17560670848304283,100.0,0.3314958656978201,21.91597761630334,0.019042846404409924,69.04284640440991,0.319841279589098,11.169896448482206,-0.4373261904761905,39.06684523809524
20200805,68.57,greed,0.17363681677067722,100.0,0.6142678347934919,69.04463913224865,0.033541927409261575,83.54192740926159,0.314802244264171,13.036205828084803,1.088685381727159,77.21713454317897
20200806,52.86,neutral,0.16796801937920436,100.0,0.36457028313705836,27.428380522843053,0.023803558005512402,73.8035580055124,0.31069992128615265,14.555584708832342,-0.060020070157855175,48.49949824605362
20200807,41.0,fear,0.15269260574015098,100.0,0.22839969947407965,4.733283245679939,0.014024542950162783,64.02454295016278,0.30663742966222063,16.06021123621457,-1.1933074380165287,20.167314049586782
20200810,68.34,greed,0.15497468479309884,100.0,0.6605802901450726,76.7633816908454,0.022261130565282644,72.26113056528264,0.29666377221101664,19.754158440364193,0.9168205852926463,72.92051463231616
20200811,36.77,fear,0.14273121658100352,100.0,0.17204301075268819,0.0,0.00800200050012503,58.00200050012503,0.2965119458531341,19.81039042476513,-1.7592411602900724,6.018970992748191
20200812,48.16,neutral,0.1328607455846642,100.0,0.35685685685685686,26.1428094761428,0.007007007007007007,57.007007007007005,0.29419883390485035,20.667098553759118,-0.5203557057057058,36.99110735735736
20200813,68.05,greed,0.12851911566451135,100.0,0.5899874843554443,64.99791405924071,0.017021276595744678,67.02127659574467,0.23584397825246897,42.28000805464111,0.6379960200250313,65.94990050062577
20200814,68.71,greed,0.14363743161878362,100.0,0.6748251748251748,79.13752913752911,0.005994005994005994,55.99400599400599,0.24012052297724032,40.69610260102209,0.708701023976024,67.7175255994006
20200817,84.29,extreme greed,0.16864166853598817,100.0,0.8612081877184223,100.0,0.02745881178232651,77.4588117823265,0.2312181932186367,43.99326177087528,2.097197129306041,100.0
20200818,70.32,greed,0.1663770376892506,100.0,0.5513715710723192,58.561928512053186,0.0256857855361596,75.68578553615959,0.23130882638995448,43.959693929646484,0.9351950623441396,73.3798765586035
20200819,43.24,fear,0.14738909852018223,100.0,0.2161217868729723,2.6869644788287124,0.0072373346643374095,57.23733466433741,0.23794299802016403,41.50259332586516,-1.4094431494883954,14.763921262790113
20200820,45.62,neutral,0.13112334946459092,100.0,0.2637883703518842,10.63139505864736,0.003993012228599949,53.993012228599945,0.2426357228449384,39.76454709446726,-1.0517705515348144,23.70573621162964
20200821,72.05,greed,0.1394522981678481,100.0,0.6083811424295336,68.06352373825558,0.012970815664754304,62.9708156647543,0.18108175255907516,62.562313867009195,0.6665338987278623,66.66334746819655
20200824,75.07,extreme greed,0.14704451329641466,100.0,0.5626706378754033,60.4451063125672,0.01563663440059568,65.63663440059567,0.1818935550777105,62.26164626751463,1.4809818565400845,87.02454641350211
20200825,63.4,greed,0.1471236818319026,100.0,0.40248447204968946,33.74741200828157,0.017142857142857144,67.14285714285714,0.18040412437893102,62.81328726706258,0.13206154037267076,53.30153850931677
20200826,43.18,fear,0.13240616808195638,100.0,0.1827876984126984,0.0,-0.003472222222222222,46.52777777777778,0.16660154378738135,67.92535415282171,-1.9424396081349204,1.4390097966269888
20200827,78.53,extreme greed,0.13703253286278683,100.0,0.7083333333333334,84.72222222222221,0.00992063492063492,59.92063492063492,0.16630703042444273,68.03443317613232,1.198274503968254,79.95686259920636
20200828,75.61,extreme greed,0.16247221830538838,100.0,0.6924411400247832,82.07352333746385,0.008921933085501859,58.92193308550186,0.183783889288607,61.561522485701104,1.0199355638166046,75.4983890954151
20200831,64.57,greed,0.15380040312033727,100.0,0.4227059114518922,37.11765190864869,0.016077170418006433,66.07717041800643,0.17706433696247784,64.05024556945264,0.22493235221370264,55.62330880534256
20200901,71.48,greed,0.1582920608142977,100.0,0.5366336633663367,56.105610561056096,0.012623762376237625,62.62376237623762,0.17790072201997356,63.74047332593572,0.9964785148514851,74.91196287128713
20200902,68.28,greed,0.1570479295014806,100.0,0.4822222222222222,47.037037037037024,0.0162962962962963,66.2962962962963,0.1778977921787241,63.741558452324405,0.5738585432098766,64.34646358024692
20200903,52.38,neutral,0.14910663664050228,100.0,0.27894347074796344,13.15724512466057,0.004937052579609974,54.93705257960998,0.1788297923846368,63.39637319087525,-0.7830877561096026,30.422806097259937
20200904,64.77,greed,0.13670206514590988,100.0,0.472916151372743,45.486025228790496,0.008409596834034132,58.409596834034126,0.17733021220356027,63.95177325794064,0.23933742270591146,55.98343556764779
20200907,49.87,neutral,0.11154519064742652,100.0,0.2551297898640297,9.188298310671609,0.008405438813349816,58.40543881334982,0.1930461189062218,58.13106707176969,-1.0558887515451174,23.602781211372065
20200908,75.46,extreme greed,0.11601970172529752,100.0,0.6544554455445545,75.74257425742573,0.018811881188118815,68.81188118811882,0.19132614962950614,58.76809272981253,0.9592675,73.9816875
20200909,34.61,fear,0.08887695296469711,100.0,0.17393458870168485,0.0,-0.029732408325074334,20.26759167492567,0.2075365984757261,52.764222786768116,-2.5358301288404363,0.0
20200910,30.56,fear,0.08711336965752214,100.0,0.12719623855481316,0.0,-0.09255134867607027,0.0,0.20740674744713544,52.8123157603202,-3.500446881188119,0.0
20200911,79.51,extreme greed,0.0964547643284559,100.0,0.7409147095179234,90.15245158632055,0.015822002472187884,65.82200247218789,0.20322467603354294,54.361231098687796,1.4882701359703339,87.20675339925835
20200914,82.46,extreme greed,0.10051012492615885,100.0,0.6691376328144304,78.18960546907172,0.03212255992092908,82.12255992092908,0.1836596209095681,61.60754781127106,1.6147711638250557,90.3692790956264
20200915,65.05,greed,0.10735345128242701,100.0,0.464011872372001,44.00197872866682,0.0126143952510512,62.61439525105119,0.18686066736762869,60.42197504902641,0.32792809794706895,58.198202448676724
20200916,55.27,greed,0.09803618654949742,100.0,0.28184281842818426,13.640469738030706,0.009115545700911555,59.115545700911554,0.18098336582630725,62.59875339766398,-0.36093695491500377,40.97657612712491
20200917,68.31,greed,0.09017706800699776,100.0,0.5036945812807881,50.61576354679801,0.01083743842364532,60.83743842364532,0.17612886572354233,64.39671639868803,0.6286653448275862,65.71663362068966
20200918,80.46,extreme greed,0.11233466676993475,100.0,0.7818181818181819,96.96969696969695,0.014496314496314498,64.4963144963145,0.19191814231172935,58.54883618084097,1.290911375921376,82.2727843980344
20200921,58.35,greed,0.09946864888795992,100.0,0.35909426532119126,26.515710886865207,0.009106571498892446,59.10657149889245,0.1927905270924466,58.22573070650125,-0.08476440177252588,47.880889955686854
20200922,46.03,neutral,0.084175603875978,100.0,0.15344954578934447,0.0,0.007120058924625583,57.12005892462558,0.19668696756189197,56.78260460670667,-1.3505214583844831,16.236963540387922
20200923,71.36,greed,0.08596294427870821,100.0,0.5829442123371836,63.8240353895306,0.01597444089456869,65.97444089456869,0.1933712207554656,58.01065897945718,0.7599183583189972,68.99795895797493
20200924,40.11,fear,0.06345794652668113,100.0,0.08183828950602114,0.0,-0.00393217006635537,46.067829933644624,0.20289472851665755,54.483433882719424,-2.381352322437946,0.0
20200925,55.12,greed,0.06335031717367512,100.0,0.34354324920362656,23.923874867271085,0.0,50.0,0.1796806250148203,63.081249994511,-0.455832026464102,38.60419933839745
20200928,46.09,neutral,0.06438877000245058,100.0,0.21351616062683643,2.252693437806069,-0.0061214495592556315,43.87855044074438,0.1803262557895001,62.842127485370334,-1.141692752203722,21.457681194906954
20200929,72.94,greed,0.06487034372335732,100.0,0.6560743094597897,76.01238490996494,0.006110975311659742,56.110975311659736,0.17883291070262308,63.39521825828774,0.7666077976044976,69.16519494011244
20200930,59.24,greed,0.06207320581308995,100.0,0.36674816625916873,27.791361043194783,0.008068459657701713,58.06845965770171,0.1786044580785215,63.479830341288334,-0.12500858190709047,46.87478545232274
20201009,87.77,extreme greed,0.08176149832632396,100.0,0.9366438356164384,100.0,0.031800391389432484,81.80039138943248,0.19599775745970932,57.03786760751506,2.989465362035225,100.0
20201012,85.6,extreme greed,0.11234135632721332,100.0,0.9477666585306321,100.0,0.030998291432755676,80.99829143275568,0.22303608466200933,47.023672347403945,2.9784152062484743,100.0
20201013,63.45,greed,0.1137276198909083,100.0,0.43114794053131855,38.52465675521975,0.015110894467462832,65.11089446746283,0.2077197261702906,52.69639771470718,0.43575544723373144,60.89388618084328
20201014,52.53,neutral,0.10428850185040694,100.0,0.2809070958302853,13.48451597171421,0.010241404535479151,60.24140453547915,0.2094022975171442,52.07322314179843,-0.5256251158254085,36.85937210436479
20201015,52.16,neutral,0.10030737015544999,100.0,0.2915245981490502,15.25409969150836,0.002435460301997077,52.43546030199708,0.18866287092802886,59.75449224887819,-0.6665525085241111,33.33618728689722
20201016,63.88,greed,0.09667916448322234,100.0,0.4752620034121375,45.87700056868957,0.006336826712161833,56.33682671216184,0.18887508476478904,59.67589453155961,0.3012723616865708,57.53180904216427
20201019,54.55,neutral,0.08643473116849965,100.0,0.3142369575816675,19.039492930277905,0.00560702096538274,55.60702096538274,0.18973413431524302,59.35772803139147,-0.4491705753291077,38.770735616772306
20201020,75.98,extreme greed,0.0930334129030923,100.0,0.6905109489051094,81.75182481751823,0.012895377128953773,62.895377128953776,0.19073862222467014,58.98569547234438,1.0500584914841848,76.25146228710462
20201021,48.16,neutral,0.09096302711552795,100.0,0.21705237515225334,2.8420625253755545,0.004628501827040194,54.62850182704019,0.1892624982336411,59.5324080616144,-1.0488122289890378,23.779694275274053
20201022,56.51,greed,0.08564555508442484,100.0,0.35018226002430136,25.030376670716887,0.004617253948967194,54.61725394896719,0.187736434340033,60.097616911098875,-0.2886792952612394,42.78301761846902
20201023,45.29,neutral,0.07034449131024867,100.0,0.2002433090024331,0.0405515004055131,-0.0004866180048661798,49.51338199513382,0.19274770343687622,58.241591319675464,-1.2533409245742093,18.666476885644766
20201026,64.23,greed,0.06252026063774752,100.0,0.45140073081607796,41.90012180267965,0.00876979293544458,58.76979293544458,0.17627166077579232,64.34382934229913,0.24633322777101094,56.15833069427527
20201027,62.65,greed,0.06271331019668636,100.0,0.4439309170518122,40.65515284196869,0.004864996351252737,54.864996351252735,0.17297933839606663,65.56320800145679,0.08635648260763805,52.158912065190954
20201028,64.31,greed,0.06950714841160033,100.0,0.4549210206561361,42.48683677602267,0.007290400972053464,57.290400972053455,0.16906669094618312,67.01233668659884,0.19008164803111324,54.75204120077783
20201029,59.54,greed,0.07574141677347912,100.0,0.36783284742468414,27.97214123744735,0.00413022351797862,54.130223517978614,0.17039852442956913,66.51906502608551,-0.03757708940719146,49.060572764820215
20201030,40.08,fear,0.05660569399222104,100.0,0.14067055393586006,0.0,-0.01773566569484937,32.26433430515063,0.16597716322241252,68.1566062139213,-2.560787925170068,0.0
20201102,64.62,greed,0.06057952957350521,100.0,0.46517835476826014,44.19639246137668,0.008493084202863384,58.493084202863386,0.16656867913814427,67.93752624513175,0.09805755884494054,52.45143897112351
20201103,86.59,extreme greed,0.0714856544467839,100.0,0.8303398058252427,100.0,0.016504854368932037,66.50485436893203,0.17056703871192747,66.45665232891575,2.000454830097087,100.0
20201104,58.4,greed,0.077715971714859,100.0,0.3470873786407767,24.514563106796114,0.006067961165048544,56.067961165048544,0.17164406668446686,66.05775307982708,-0.18609667475728156,45.34758313106796
20201105,85.65,extreme greed,0.09172318438229654,100.0,0.8511774702597718,100.0,0.01747997086671522,67.47997086671522,0.1766158390052592,64.21635592397807,1.861668317552804,96.5417079388201
20201106,52.41,neutral,0.08996227801116086,100.0,0.2757281553398058,12.621359223300969,0.0014563106796116514,51.45631067961165,0.16464811627252499,68.64884582499074,-0.8275227912621359,29.3119302184466
20201109,90.01,extreme greed,0.1092279952414581,100.0,0.8696705426356589,100.0,0.023498062015503876,73.49806201550388,0.14329053383246382,76.55906154353193,2.183426695736434,100.0
20201110,53.69,neutral,0.1010918256007034,100.0,0.26908212560386474,11.51368760064412,0.0026570048309178737,52.65700483091788,0.1453439607630431,75.79853305072477,-0.8598200241545892,28.50449939613527
20201111,53.05,neutral,0.08838399524734908,100.0,0.28564512224642946,14.274187041071574,0.00242072137496974,52.42072137496974,0.14810565133337356,74.77568469134312,-1.0482484144274993,23.793789639312518
20201112,66.72,greed,0.08734463221375455,100.0,0.45742622157716495,42.904370262860816,0.010401548137397194,60.4015481373972,0.147747911240219,74.90818102214111,0.21451103047895498,55.36277576197387
20201113,63.98,greed,0.0742044944136222,100.0,0.4517299782240503,41.95499637067505,0.0036293249455601265,53.62932494556013,0.1532778117640846,72.8600697170057,0.05824735059278975,51.45618376481974
20201116,78.17,extreme greed,0.08287722388874386,100.0,0.6682796999758045,78.04661666263407,0.01427534478586983,64.27534478586982,0.15319250208975468,72.89166589268345,1.0259531817082024,75.64882954270506
20201117,56.66,greed,0.07895688200113082,100.0,0.322385897126298,20.39764952104966,0.0050712388312001925,55.07123883120018,0.1517291509069192,73.43364781225213,-0.625039420289855,34.37401449275362
20201118,71.82,greed,0.07641232400581188,100.0,0.5729442970822282,62.157382847038015,0.008198697853870267,58.19869785387027,0.15179341638084093,73.40984578487372,0.6140641186399808,65.35160296599952
20201119,68.52,greed,0.08248870114597562,100.0,0.5136440473315624,52.27400788859373,0.009176527408838444,59.17652740883844,0.15256005664723282,73.12590494546933,0.32097573049987926,58.02439326249698
20201120,71.34,greed,0.08396916233804164,100.0,0.5341870016912298,55.69783361520495,0.010872191350567769,60.872191350567775,0.14327932576384986,76.56321268005561,0.5432750664411694,63.581876661029234
20201123,69.82,greed,0.09545153567195497,100.0,0.506875753920386,51.14595898673099,0.01085645355850422,60.85645355850422,0.144175719117349,76.23121514172259,0.4347771531966224,60.86942882991556
20201124,63.14,greed,0.08670519077821903,100.0,0.38619357953174027,31.032263255290037,0.009413468501086169,59.413468501086165,0.14795617722552654,74.8310454720272,0.016599686217716646,50.41499215544292
20201125,48.89,neutral,0.07078045801391619,100.0,0.19420289855072465,0.0,0.004106280193236715,54.106280193236714,0.15653006605036812,71.65553109245624,-1.2534461352657005,18.66384661835749
20201126,58.71,greed,0.07068289367556391,100.0,0.36782440906898217,27.970734844830357,0.0031355523396044372,53.13555233960443,0.15508770996483204,72.1897370500622,-0.3898134346357935,40.25466413410516
20201127,65.37,greed,0.08190941413965902,100.0,0.4615755239701277,43.59592066168794,0.006022645145748013,56.02264514574801,0.14444857051375426,76.1301590689799,0.04378609973500363,51.094652493375094
20201130,61.42,greed,0.07537066820022176,100.0,0.3822040028936581,30.367333815609676,0.006269592476489028,56.26959247648903,0.14627786589628577,75.45264226063489,-0.19864557511454062,45.03386062213649
20201201,83.5,extreme greed,0.09623326874120774,100.0,0.8019277108433734,100.0,0.013012048192771086,63.01204819277109,0.15792403454063092,71.13924646643298,1.3335569156626508,83.33892289156627
20201202,68.23,greed,0.09397101232025706,100.0,0.4840733590733591,47.34555984555983,0.013272200772200773,63.27220077220077,0.15730312686265094,71.36921227309224,0.36636706081081083,59.15917652027027
20201203,62.13,greed,0.08975032827573282,100.0,0.4026974951830443,33.782915863840714,0.007466281310211946,57.46628131021194,0.15117658088892186,73.63830337447338,-0.16939860308285162,45.76503492292871
20201204,66.58,greed,0.08962559399481562,100.0,0.4749155812831645,45.819263547194076,0.006994693680656053,56.99469368065605,0.15105132317249778,73.68469512129712,0.25590967197298603,56.39774179932465
20201207,59.13,greed,0.0783031739017479,100.0,0.3141688717825355,19.028145297089242,0.006735626653836902,56.7356266538369,0.139934058186302,77.80220067174,-0.3167603800817898,42.080990497955256
20201208,61.28,greed,0.07375475400341402,100.0,0.3580187545082953,26.336459084715873,0.0060110603510459245,56.01106035104593,0.13862204410557236,78.28813181275098,-0.16971122866073574,45.75721928348161
20201209,47.5,neutral,0.057648949144485595,100.0,0.14364773820981713,0.0,0.005774783445620789,55.77478344562079,0.14266124815034126,76.79213031468842,-1.8023099615014437,4.942250962463906
20201210,63.99,greed,0.05552404674828937,100.0,0.4451395572666025,40.85659287776707,0.0028873917228103953,52.88739172281039,0.14268830477840116,76.7821093413329,-0.023659119345524556,49.408522016361886
20201211,45.28,neutral,0.043148091955631296,93.1480919556313,0.18631452581032412,0.0,-0.004081632653061225,45.91836734693878,0.1424746039683645,76.86125778949463,-1.5809679471788716,10.47580132052821
20201214,74.1,greed,0.05118636265634602,100.0,0.6141278231619414,69.02130386032354,0.007208073041806823,57.20807304180683,0.1420508547929406,77.01820192854052,0.6909406152367219,67.27351538091804
20201215,63.54,greed,0.051671755550568355,100.0,0.42589478741292336,37.64913123548722,0.005284650492433342,55.28465049243334,0.1419141854398816,77.06882020745125,-0.09126372808071101,47.718406797982226
20201216,52.2,neutral,0.05183475773797874,100.0,0.24916147580258743,8.193579300431237,0.0007187350263536188,50.71873502635362,0.1419049007366006,77.07225898644423,-1.000140186915888,24.996495327102803
20201217,77.88,extreme greed,0.0634218966611999,100.0,0.6840969057327896,80.68281762213158,0.011033821060206285,61.033821060206286,0.1465507870159683,75.35156036445619,0.8938589829695371,72.34647457423843
20201218,60.05,greed,0.057943039479902536,100.0,0.3411483253588517,23.524720893141946,0.009330143540669857,59.33014354066985,0.14712761376910974,75.13792082625565,-0.3098171291866029,42.25457177033493
20201221,78.97,extreme greed,0.06600342529585057,100.0,0.6502274359588222,75.03790599313702,0.016519032798659326,66.51903279865931,0.14417786614396774,76.23041994667861,1.0826991381374194,77.06747845343548
20201222,45.37,neutral,0.0470406823953724,97.0406823953724,0.15458243598947116,0.0,0.005264417324718833,55.26441732471884,0.1544286514059778,72.4338328126008,-1.9152962422211586,2.117593944471036
20201223,70.22,greed,0.054356270688182384,100.0,0.5066985645933014,51.116427432216895,0.014114832535885167,64.11483253588516,0.14957805718729092,74.23034918989225,0.4662366028708133,61.65591507177033
20201224,45.35,neutral,0.05126926203029858,100.0,0.1985188724319159,0.0,-0.002866698518872432,47.13330148112757,0.1497894512273202,74.15205510099251,-1.781563354037267,5.460916149068323
20201225,78.26,extreme greed,0.058461218575293517,100.0,0.6473822615347836,74.56371025579726,0.016495338273966053,66.49533827396606,0.14629559340982642,75.4460765148791,0.992442863973225,74.81107159933063
20201228,53.93,neutral,0.06151403439225711,100.0,0.26553537284894835,10.922562141491387,0.009321223709369024,59.32122370936902,0.14574862318801762,75.64865807851199,-1.0494608747609944,23.76347813097514
20201229,65.4,greed,0.055360593823283066,100.0,0.5026227944682881,50.437132411381334,-0.0011921793037672872,48.80782069623271,0.12499898412284687,83.33370958413079,-0.22219356223175968,44.44516094420601
20201230,71.81,greed,0.06847296550803206,100.0,0.4875089221984297,47.91815369973827,0.017844396859386154,67.84439685938615,0.1348502131407379,79.68510624417115,0.5437246252676659,63.593115631691646
20201231,84.26,extreme greed,0.08711035149611268,100.0,0.7600571292549393,93.34285487582319,0.016662699357295883,66.66269935729588,0.14963934296254644,74.20765075461243,1.4836784575101165,87.0919614377529
20210104,84.48,extreme greed,0.097175665816702,100.0,0.6779942965779467,79.66571609632445,0.03374524714828897,83.74524714828897,0.15323073554164565,72.87750535494605,1.4451566777566542,86.12891694391635
20210105,64.14,greed,0.11640265304870989,100.0,0.3950558592821488,32.50930988035813,0.018302828618968387,68.30282861896838,0.15926694904704647,70.64187072331612,-0.030628601997146936,49.23428495007133
20210106,52.71,neutral,0.12522682969302235,100.0,0.2621705058180955,10.361750969682577,0.010923771075753977,60.923771075753976,0.15894848207443918,70.75982145391141,-1.1388886487770125,21.527783780574687
20210107,44.66,fear,0.14361369986049155,100.0,0.1890156918687589,0.0,0.0,50.0,0.15206727462124398,73.30841680694667,-2.399712672372801,0.0
20210108,65.29,greed,0.1384704818793372,100.0,0.48787446504992865,47.97907750832143,0.008559201141226819,58.559201141226815,0.15388741273478113,72.63429157971069,-0.10859619591060389,47.285095102234905
20210111,43.95,fear,0.12610654278553146,100.0,0.18892585551330798,0.0,-0.003089353612167299,46.9106463878327,0.1533182731981926,72.8450840006694,-2.2282920152091252,0.0
20210112,73.87,greed,0.1566109083389431,100.0,0.6052256532066508,67.53760886777512,0.0166270783847981,66.6270783847981,0.17364846971791312,65.31538158595811,0.7937974821852732,69.84493705463183
20210113,48.72,neutral,0.15143174340773347,100.0,0.265576877517176,10.929479586195999,0.004975124378109453,54.975124378109456,0.17642654529947932,64.28646470389654,-1.4637651741293531,13.405870646766171
20210114,68.73,greed,0.1280015685599416,100.0,0.6031294452347084,67.18824087245137,0.008771929824561405,58.7719298245614,0.19779530092054456,56.372110770168675,0.4529593646277857,61.32398411569464
20210115,79.46,extreme greed,0.12412655146421381,100.0,0.7108262108262108,85.13770180436843,0.021604938271604937,71.60493827160494,0.19716503663689666,56.605541986334565,1.3588270655270656,83.97067663817663
20210118,81.87,extreme greed,0.13470058050124334,100.0,0.7155070054618855,85.91783424364759,0.02825932082640703,78.25932082640703,0.19631803384311533,56.919246724772094,1.5302870577060081,88.2571764426502
20210119,69.18,greed,0.11640662152594938,100.0,0.565361803084223,60.89363384737049,0.02040332147093713,70.40332147093714,0.20748644011744588,52.78279995650153,0.4725567259786477,61.8139181494662
20210120,66.67,greed,0.12292707367456712,100.0,0.43500948766603414,39.168247944339015,0.024430740037950663,74.43074003795066,0.1936200979607264,57.91848223676799,0.47318975332068314,61.82974383301708
20210121,70.86,greed,0.13944758879749886,100.0,0.5375859615840645,56.2643269306774,0.022527863410007114,72.52786341000711,0.19733548698771597,56.54241222677186,0.7581737965378231,68.95434491344558
20210122,52.28,neutral,0.13883620440271516,100.0,0.2792408066429419,13.206801107156977,0.01115065243179122,61.15065243179122,0.19645822469565594,56.86732418679409,-0.7932119335705813,30.16970166073547
20210125,47.65,neutral,0.14860019450854778,100.0,0.23952662721893492,6.587771203155817,0.008757396449704143,58.757396449704146,0.19687943115644127,56.711321793910635,-1.3521064142011836,16.19733964497041
20210126,51.56,neutral,0.12369012601060558,100.0,0.35423568386180787,25.70594731030131,0.0021296734500709895,52.12967345007099,0.21695255792964893,49.276830396426305,-0.7733664142011835,30.665839644970415
20210127,63.84,greed,0.1249212900912342,100.0,0.4784666351159489,46.41110585265814,0.01632749645054425,66.32749645054426,0.21469495482919512,50.11297969289068,0.25318866540463797,56.32971663511594
20210128,44.1,fear,0.09278287304108024,100.0,0.25473036896877954,9.121728161463254,0.0009460737937559121,50.94607379375591,0.23951453200897335,40.92054370038023,-1.2186435430463576,19.53391142384106
20210129,42.97,fear,0.08647727137592165,100.0,0.2599858189553297,9.997636492554944,-0.004490664145592059,45.509335854407944,0.232610682936691,43.47752483826258,-1.3644570787047978,15.888573032380055
20210201,66.45,greed,0.09845296994911501,100.0,0.5621455576559546,60.357592942659096,0.011342155009451797,61.342155009451794,0.2334394049850424,43.17059074628059,0.6960186200378072,67.40046550094519
20210202,61.61,greed,0.11391506829694764,100.0,0.47995283018867924,46.65880503144653,0.01061320754716981,60.613207547169814,0.23005431425045872,44.424328055385644,0.25493575471698116,56.37339386792453
20210203,44.58,fear,0.1094143879138949,100.0,0.22973609802073516,4.956016336789191,0.004948162111215834,54.94816211121584,0.22858061187219444,44.97014375103908,-1.2785350930945085,18.036622672637286
20210204,41.41,fear,0.10588909367139787,100.0,0.21012956419316844,1.6882606988614053,0.0014134275618374551,51.41342756183745,0.21967880261584735,48.267110142278746,-1.7723965606595993,5.690085983510018
20210205,44.87,fear,0.1065384249101311,100.0,0.3035798398492699,17.26330664154498,-0.010362694300518135,39.637305699481864,0.21948303603674857,48.33961628268572,-1.2363263777673104,19.091840555817242
20210208,61.81,greed,0.12146220970890487,100.0,0.48115873763542155,46.859789605903586,0.00824305228450306,58.24305228450306,0.22224372751918717,47.317137955856595,0.265869147432878,56.64672868582195
20210209,84.08,extreme greed,0.14418209320751507,100.0,0.802677942212826,100.0,0.0202020202020202,70.20202020202021,0.21243912916046642,50.948470681308734,1.9693927178764388,99.23481794691097
20210210,69.96,greed,0.16659044790708077,100.0,0.6081144465290806,68.01907442151342,0.011491557223264542,61.49155722326455,0.22374066321507236,46.76271732775098,0.9408531191369607,73.52132797842401
20210218,86.0,extreme greed,0.15666905402346454,100.0,0.8590556730091614,100.0,0.028893587033121913,78.8935870331219,0.21198082640034138,51.118212444318004,2.590780737608645,100.0
20210219,85.87,extreme greed,0.15666769932768498,100.0,0.865461375909838,100.0,0.02794083118102841,77.94083118102841,0.21119750959317238,51.40832978030652,2.6610311575487207,100.0
20210222,71.48,greed,0.1186151612848323,100.0,0.6220712277413308,70.34520462355512,0.024133083411433928,74.13308341143393,0.24121180025730946,40.29192583062612,0.9045658153701969,72.61414538425493
20210223,52.13,neutral,0.11352710584032688,100.0,0.30412371134020616,17.353951890034356,0.014292408622305531,64.29240862230553,0.23477549886360458,42.675741161627926,-0.5460603092783505,36.34849226804124
20210224,58.49,greed,0.0840912802689513,100.0,0.49203373945641987,48.672289909403304,0.007731958762886598,57.73195876288659,0.2520806616841321,36.26642159846958,-0.007903725398313036,49.80240686504217
20210225,51.38,neutral,0.08932801186619876,100.0,0.3102720450281426,18.378674171357094,0.01149155722326454,61.491557223264536,0.24576992550919569,38.60373129289049,-0.46209955440900563,38.44751113977486
20210226,54.42,neutral,0.06187130340397751,100.0,0.4250234301780694,37.50390502967822,0.00937207122774133,59.37207122774133,0.2594073320533259,33.55283998024967,-0.33316691658856606,41.67082708528585
20210301,81.57,extreme greed,0.0769237309517703,100.0,0.8592176153665964,100.0,0.025767158585148744,75.76715858514874,0.2633255723076358,32.10163988606081,2.240355060918463,100.0
20210302,49.45,neutral,0.06211502186325668,100.0,0.30283173414462905,17.138622357438173,0.007956938918792417,57.95693891879241,0.2577916956717709,34.15122382527002,-0.4790857711209923,38.02285572197519
20210303,76.87,extreme greed,0.08128576797541553,100.0,0.7626168224299066,93.76947040498442,0.022196261682242993,72.19626168224299,0.2676864981694902,30.486482159448073,1.5158022429906541,87.89505607476636
20210304,45.27,neutral,0.04641122874970871,96.41122874970871,0.3012865497076023,16.881091617933716,0.00608187134502924,56.08187134502924,0.27354956940153763,28.3149742957268,-0.8529611929824561,28.675970175438596
20210305,67.24,greed,0.04194275640867562,91.94275640867562,0.6881720430107527,81.36200716845877,0.014258999532491816,64.25899953249181,0.27334253366549616,28.39165419796437,0.8094458859280037,70.23614714820009
20210308,31.35,fear,0.005202079514379898,55.202079514379896,0.24690492875496378,7.8174881258272935,0.0025694931090866607,52.569493109086665,0.293904360602064,20.7761627399763,-1.184722097640738,20.38194755898155
20210309,19.51,extreme fear,-0.01656840954025518,33.43159045974482,0.15053763440860216,0.0,-0.007246376811594202,42.7536231884058,0.2923364886451514,21.356856057351337,-2.391067461430575,0.0
20210310,29.33,fear,-0.01041001575307643,39.58998424692357,0.24859550561797752,8.099250936329584,0.005149812734082397,55.149812734082396,0.2951061188442338,20.331067094728212,-1.0613932350187265,23.465169124531837
20210311,69.28,greed,0.013774564181728177,63.77456418172818,0.8737161531279178,100.0,0.018907563025210083,68.90756302521008,0.3129449173921577,13.724104669571219,2.0912321661998132,100.0
20210312,47.92,neutral,0.016878667921444324,66.87866792144432,0.4583917718560075,43.06529530933457,0.012856474988312295,62.85647498831229,0.31337948229117935,13.563154706970607,0.12950359981299672,53.23758999532492
20210315,39.39,fear,-0.005364700140495171,44.635299859504826,0.42883807746150254,38.13967957691708,0.007232851143257117,57.23285114325712,0.31257871482476496,13.859735250087041,-0.27638257116192255,43.09043572095194
20210316,61.85,greed,0.002800546480236532,52.800546480236534,0.7307512832477835,88.45854720796389,0.017265515632291183,67.26551563229118,0.3009592257711996,18.163249714370508,1.303424218385441,82.58560545963603
20210317,54.42,neutral,0.006358532144210116,56.358532144210116,0.5547513425169274,59.12522375282122,0.016577165538174177,66.57716553817417,0.28651013176340245,23.51476601355465,0.6606445715619893,66.51611428904974
20210318,48.87,neutral,0.013713950607349146,63.71395060734915,0.42543757292882145,37.572928821470235,0.015169194865810967,65.16919486581097,0.2909717329713468,21.862321121723397,0.24125378151260507,56.03134453781513
20210319,40.06,fear,-0.013495461685557597,36.5045383144424,0.41849602989257356,36.416004982095586,0.01237739374124241,62.3773937412424,0.29842990162710015,19.100036434407357,-0.16419726763194767,45.89506830920131
20210322,66.64,greed,-0.004377986920770183,45.622013079229816,0.8124272748429137,100.0,0.022341168256923435,72.34116825692344,0.2895224072490672,22.39910842627141,1.7137977193390737,92.84494298347684
20210323,29.56,fear,-0.014402379999356119,35.59762000064388,0.2796373779637378,13.272896327289626,0.0013947001394700141,51.39470013947002,0.2898851143086808,22.264772478266366,-0.9889335425383543,25.276661436541144
20210324,30.54,fear,-0.030676739689058374,19.323260310941627,0.3127179725645199,18.78632876075331,0.007207626133457337,57.20762613345733,0.2830231697324906,24.80623343241089,-0.6974831202046037,32.56292199488491
20210325,34.86,fear,-0.0314990894944277,18.500910505572303,0.39161816065192084,31.936360108653467,0.004656577415599534,54.656577415599536,0.28074607052874595,25.64960350787186,-0.257138812572759,43.57152968568103
20210326,61.79,greed,-0.01014307722750174,39.85692277249826,0.7523831667054174,92.06386111756953,0.01976284584980237,69.76284584980237,0.28750570710364937,23.146034406055776,1.3639744478028366,84.09936119507091
20210329,46.49,neutral,-0.009042000833681896,40.9579991663181,0.4461431549687283,41.02385916145471,0.015520037062775075,65.52003706277507,0.28011337335250647,25.883935795367975,0.3622974982626824,59.057437456567065
20210330,38.18,fear,-0.0002079321704394621,49.79206782956054,0.31044083526682137,18.406805877803556,0.012064965197215777,62.06496519721577,0.2813782942197958,25.41544658526081,-0.5905127378190256,35.23718155452436
20210331,50.11,neutral,-0.009862119776786193,40.137880223213806,0.5393911224726935,56.565187078782245,0.016964908203578898,66.96490820357889,0.27046098695700055,29.458893719629415,0.2973436207297234,57.43359051824308
20210401,51.64,neutral,0.0016330472933461238,51.633047293346124,0.4859465737514518,47.657762291908625,0.015098722415795587,65.09872241579558,0.2551117410941397,35.14379959476307,0.34590102206736356,58.64752555168409
20210402,56.0,greed,0.010778145671683115,60.77814567168311,0.5268417383221009,54.473623053683475,0.017894492214733906,67.8944922147339,0.2581764434177585,34.00872466008943,0.5131018591680223,62.82754647920056
20210406,65.78,greed,0.005714088886038748,55.71408888603875,0.6736207695873899,78.93679493123163,0.020862308762169678,70.86230876216966,0.22571333123316126,46.032099543273596,1.093937552155772,77.34843880389431
20210407,62.32,greed,-0.0022800306001373727,47.71996939986263,0.6182112318003236,69.70187196672059,0.02403512826438641,74.0351282643864,0.2123964858722658,50.96426449175339,0.7665227693018956,69.16306923254739
20210408,41.95,fear,-0.0014532019579888145,48.54679804201118,0.30020799630228795,16.701332717047986,0.007164317078807487,57.16431707880748,0.21152891708337973,51.28558626541491,-0.5574736075803096,36.063159810492266
20210409,51.86,neutral,-0.017149329146557646,32.85067085344235,0.463724584103512,43.95409735058533,0.012707948243992608,62.70794824399262,0.19921827286824476,55.84508412287231,0.5576455868761553,63.941139671903876
20210412,31.96,fear,-0.0347894896229245,15.210510377075506,0.2599769319492503,9.99615532487505,0.008996539792387544,58.99653979238754,0.2068299831315482,53.025932173500664,-1.0964220991926181,22.589447520184546
20210413,36.22,fear,-0.03675865591311811,13.241344086881893,0.3109263109263109,18.487718487718478,0.005544005544005545,55.54400554400555,0.19337797736292558,58.00815653224978,-0.5674912661737523,35.812718345656194
20210414,62.7,greed,-0.029005197587255838,20.994802412744164,0.7421586715867159,90.35977859778598,0.01568265682656827,65.68265682656826,0.1931168099963808,58.10488518652562,1.1340647140221403,78.35161785055351
20210415,41.71,fear,-0.03534139710310247,14.658602896897536,0.41645540447107626,36.07590074517937,0.004378889144964279,54.37888914496428,0.19303427279355911,58.13545452090403,-0.18766012906199586,45.3084967734501
20210416,66.93,greed,-0.03222746094619011,17.77253905380989,0.7973750863458439,99.56251439097396,0.01819019111213447,68.19019111213449,0.19074120345397086,58.98473946149227,1.6053897282358358,90.1347432058959
20210419,69.18,greed,-0.009125276874490496,40.874723125509504,0.7150413983440662,85.84023305734436,0.022539098436062558,72.53909843606256,0.1888819095776479,59.673366823093374,1.4793331416743332,86.98332854185833
20210420,44.42,fear,-0.010286314919796924,39.71368508020308,0.3219052001840773,20.31753336401288,0.008973768982972849,58.97376898297285,0.1858103179335814,60.81099335793281,-0.30869005982512654,42.28274850437184
20210421,46.65,neutral,-0.007822444758338265,42.177555241661736,0.35330578512396693,25.550964187327818,0.006657483930211203,56.65748393021121,0.18233452594062796,62.09832372569334,-0.12907355371900825,46.773161157024795
20210422,56.26,greed,-0.010127129819547998,39.872870180452004,0.49851019940407976,49.75169990067995,0.013752005500802201,63.7520055008022,0.17137607764980556,66.1570082778498,0.46982984185193677,61.74574604629842
20210423,42.86,fear,-0.0016714094862152473,48.328590513784754,0.28305357553460564,13.842262589100937,0.005748447919061854,55.74844791906185,0.17314500317182338,65.50185067710245,-0.7643450448378937,30.891373879052658
20210426,47.85,neutral,-0.01344773613724004,36.55226386275996,0.3739669421487603,28.99449035812671,0.009641873278236915,59.641873278236915,0.16134602778469284,69.87184156122487,-0.2328651515151515,44.17837121212121
20210427,43.17,fear,-0.011438564298554943,38.561435701445056,0.34598573729008514,24.330956215014186,-0.00023004370830457914,49.76995629169542,0.16146726294516875,69.8269396499375,-0.6662100299056821,33.34474925235795
20210428,55.9,greed,-0.006521336249957432,43.47866375004257,0.5139972464433227,52.33287440722043,0.00481872418540615,54.818724185406154,0.15918751404569365,70.67129109418754,0.32800718384209315,58.20017959605232
20210429,51.82,neutral,0.0014747301941833157,51.474730194183316,0.43149896384987335,38.583160641645556,0.003223578171770665,53.22357817177067,0.15784549728233238,71.16833433987689,-0.2144950495049505,44.637623762376236
20210430,44.16,fear,-0.007009267137744191,42.99073286225581,0.3426267281105991,23.771121351766507,-0.0011520737327188942,48.8479262672811,0.15515646940215205,72.16427059179553,-0.6788668202764977,33.02832949308756
20210506,57.63,greed,-0.01953436914646245,30.46563085353755,0.572969251950436,62.16154199173932,0.011702615878843504,61.7026158788435,0.15653935868318278,71.65208937659897,0.48599403396053237,62.14985084901331
20210507,44.45,fear,-0.03259123986171919,17.40876013828081,0.4141090242785158,35.68483737975263,0.009161704076958313,59.16170407695831,0.1618799019707775,69.67411038119351,-0.38789246449839665,40.30268838754009
20210510,55.11,greed,-0.033700805534783496,16.29919446521651,0.5141216991963261,52.353616532721006,0.02365097588978186,73.65097588978186,0.1604541394862346,70.20217056065385,0.5208425487944891,63.02106371986223
20210511,57.39,greed,-0.028140259044570848,21.859740955429157,0.5882622650160477,64.7103775026746,0.014901421366345714,64.90142136634572,0.16223559075318836,69.54237379511542,0.6383665520403485,65.95916380100871
20210512,64.99,greed,-0.024331339606500135,25.668660393499863,0.6641500800732097,77.35834667886827,0.02219171814230153,72.19171814230153,0.15408421137065295,72.56140319605446,1.0872544726607185,77.18136181651796
20210513,44.39,fear,-0.03446749245120695,15.532507548793054,0.3422435458076308,23.707257634605124,0.013479552204706417,63.479552204706415,0.1451030017228843,75.88777713967248,-0.26573255654557915,43.35668608636052
20210514,70.48,greed,-0.012066744315785805,37.933255684214195,0.7451967063129002,90.86611771881668,0.02333028362305581,73.3302836230558,0.16621546526005576,68.06834619997935,1.2880711573650503,82.20177893412625
20210517,44.09,fear,0.001999116231568454,51.99911623156845,0.3123143705734521,18.719061762242017,-0.0009138679460817915,49.086132053918206,0.1709029340548099,66.33224664636668,-0.6284464016449622,34.28883995887595
20210518,63.23,greed,0.0021425442137896766,52.14254421378968,0.5703500343170899,61.72500571951497,0.018073667353008464,68.07366735300846,0.16813114618714145,67.35883474550316,0.6748641272020134,66.87160318005033
20210519,51.61,neutral,-0.0012314772291385223,48.76852277086148,0.3639899336536262,27.331655608937695,0.01601464195836193,66.01464195836193,0.16913711005346985,66.9862555357519,-0.04190128117135667,48.952467970716086
20210520,51.91,neutral,0.0010691285465842526,51.06912854658425,0.35917901938426455,26.529836564044086,0.011402508551881414,61.40250855188142,0.14745041595154879,75.01836446238934,-0.17955728620296466,45.51106784492588
20210521,56.83,greed,-0.009442831204545366,40.557168795454636,0.4732163209482562,45.53605349137603,0.015956234328698426,65.95623432869843,0.15255817476434247,73.12660193913241,0.3584045361294734,58.96011340323683
20210524,63.21,greed,-0.005692304627076705,44.30769537292329,0.6022805017103763,67.0467502850627,0.015279361459521093,65.27936145952108,0.1528610023654336,73.01444356835792,0.6559075940706957,66.3976898517674
20210525,70.11,greed,0.02505270789439451,75.05270789439452,0.6508081038015023,75.13468396691704,0.014568631914409286,64.56863191440928,0.18784775064760165,60.05638864903642,1.0285206464830412,75.71301616207603
20210526,67.71,greed,0.024782551013956544,74.78255101395655,0.6011376564277588,66.85627607129312,0.017064846416382253,67.06484641638225,0.18619481640245683,60.668586517608574,0.7671046188850966,69.17761547212741
20210527,69.88,greed,0.027530645269142617,77.53064526914261,0.5979545454545454,66.32575757575756,0.020227272727272726,70.22727272727272,0.17959256141118649,63.113866144005,0.8888922272727272,72.22230568181817
20210528,53.44,neutral,0.02363510391644663,73.63510391644664,0.3152396093572564,19.206601559542733,0.017260958437429027,67.26095843742903,0.1807602028575519,62.681406349054846,-0.22361135589370884,44.409716102657285
20210531,74.54,greed,0.02513619187318894,75.13619187318893,0.6499432463110102,74.99054105183502,0.027695800227014754,77.69580022701474,0.18032326379608185,62.84323563108079,1.2809594324631102,82.02398581157775
20210601,70.49,greed,0.026500040310547757,76.50004031054776,0.6306959873044661,71.78266455074433,0.01904330083881206,69.04330083881206,0.17858762029308073,63.486066558118246,0.8645490138290637,71.61372534572659
20210602,50.04,neutral,0.015971375586920855,65.97137558692086,0.3205361199454793,20.08935332424655,0.009541117673784644,59.54111767378464,0.17998553914883608,62.96831883376441,-0.33459965924579743,41.63500851885507
20210603,55.86,greed,0.008789006396208388,58.789006396208386,0.4299615297578638,38.32692162631062,0.014030323602625029,64.03032360262503,0.1753046125907636,64.70199533675421,0.13809103869653763,53.45227596741344
20210604,55.29,greed,0.013500982705523912,63.50098270552391,0.41893115942028986,36.4885265700483,0.009510869565217392,59.5108695652174,0.16657662628718267,67.93458285659901,-0.0386408740942029,49.03397814764493
20210607,67.7,greed,0.012115720552824616,62.11572055282461,0.592886270956049,65.48104515934148,0.016991391028545536,66.99139102854554,0.16662114849299559,67.91809315074238,1.0400667648391484,76.0016691209787
20210608,54.25,neutral,0.0031339716808262974,53.1339716808263,0.4524078679629211,42.06797799382018,0.007234908433190142,57.23490843319014,0.17092180004539798,66.32525924244518,0.09920047479086595,52.480011869771644
20210609,58.74,greed,0.0037040401597752126,53.70404015977521,0.4938886373924853,48.981439565414206,0.014259846084200997,64.259846084201,0.1707761285185425,66.37921165979907,0.4157690357627886,60.39422589406972
20210610,62.22,greed,0.010083848619056868,60.083848619056866,0.49830431833597105,49.717386389328496,0.019443816414198508,69.44381641419851,0.16528466997053198,68.41308519609926,0.5386121862988921,63.4653046574723
20210611,49.32,neutral,0.0008797898220695988,50.8797898220696,0.34495246717971934,24.158744529953218,0.010638297872340424,60.63829787234043,0.1506220838990313,73.8436726299884,-0.5159858985966501,37.10035253508374
20210615,44.65,fear,-0.010477402858029117,39.522597141970884,0.3165158371040724,19.419306184012058,0.0070135746606334835,57.01357466063348,0.14786153257801435,74.86609904517987,-0.7025176696832579,32.43705825791855
20210616,37.36,fear,-0.02706694741816884,22.933052581831163,0.28817009726306264,14.695016210510436,0.0009047726758651883,50.90477267586518,0.15900494768711781,70.73890826403044,-0.8987458267360326,27.531354331599182
20210617,58.32,greed,-0.023206709739227893,26.793290260772107,0.5290526791770291,54.84211319617152,0.018539452860049738,68.53945286004974,0.1598664965997172,70.41981607417881,0.8401027130906624,71.00256782726656
20210618,61.75,greed,-0.023339196078534186,26.660803921465813,0.6146021699819169,69.1003616636528,0.017857142857142856,67.85714285714286,0.15940353211863276,70.59128440050638,0.9806453435804702,74.51613358951175
20210621,64.46,greed,-0.025950916816853464,24.04908318314654,0.6257904245709124,70.96507076181872,0.023486901535682024,73.48690153568201,0.15573907417054128,71.94849104794767,1.2743233739837396,81.8580843495935
20210622,60.96,greed,-0.020152125054686887,29.847874945313112,0.5755184851217313,62.58641418695521,0.02006311992786294,70.06311992786294,0.15671071140314513,71.58862540624254,0.8284574842200181,70.71143710550045
20210623,60.86,greed,-0.01562942258283362,34.37057741716638,0.4732223222322232,45.537053705370525,0.014626462646264628,64.62646264626463,0.10474319201058316,90.83585481089513,0.7578172142214221,68.94543035553555
20210624,50.45,neutral,-0.014293394088023104,35.706605911976894,0.35515069725596043,25.85844954266007,0.012370670265407106,62.3706702654071,0.10516234983392277,90.6806111726212,-0.49524525416104376,37.618868645973905
20210625,62.56,greed,0.0014237252043800552,51.423725204380055,0.5093279388626658,51.55465647711096,0.014834794335805798,64.8347943358058,0.12188025882620002,84.48879302733333,0.4207158013036638,60.517895032591596
20210628,65.83,greed,0.003291091633779164,53.29109163377916,0.520655590480467,53.44259841341115,0.020655590480466997,70.655590480467,0.12204855551044311,84.42646092205811,0.6935308711270768,67.33827177817692
20210629,46.03,neutral,-0.008621265590338933,41.378734409661064,0.2611822881546415,10.197048025773581,0.013935715891211509,63.93571589121151,0.1276579015643175,82.34892534654907,-0.7079009665093279,32.302475837266805
20210630,66.35,greed,-0.0026186510700849652,47.381348929915035,0.5735426008968609,62.257100149476805,0.01704035874439462,67.04035874439462,0.13017538321286426,81.4165247359762,0.9462849551569505,73.65712387892376
20210701,43.24,fear,-0.0018843235298828809,48.11567647011712,0.25633550123346044,9.389250205576737,0.0071764969724153384,57.176496972415336,0.12629303956381172,82.85442979118085,-1.253108566943261,18.672285826418477
20210702,43.74,fear,-0.03035556327062705,19.644436729372952,0.36789072995969546,27.981788326615902,0.01141961486789073,61.41961486789073,0.1595288961927415,70.5448532619476,-0.43569979847738466,39.10750503806538
20210705,66.16,greed,-0.029528243006284538,20.471756993715466,0.689237668161435,81.53961136023914,0.021748878923766816,71.74887892376681,0.15784846811596404,71.16723403112442,1.4352455156950672,85.88113789237669
20210706,51.06,neutral,-0.03006885962975614,19.931140370243863,0.5116539668310175,51.942327805169576,0.007395786642761093,57.395786642761095,0.15788195217133483,71.15483252913525,0.19497180636485878,54.874295159121466
20210707,60.63,greed,-0.019264890975197235,30.735109024802764,0.5289644374860211,54.82740624767016,0.02393200626258108,73.93200626258108,0.1622769408799493,69.52705893335211,0.9659193469022592,74.14798367255648
20210708,43.37,fear,-0.029192573724151627,20.807426275848375,0.3224508050089445,20.408467501490748,0.013864042933810375,63.864042933810374,0.16544248797211017,68.35463408440364,-0.2637150715563507,43.40712321109123
20210709,59.0,greed,-0.03257394342092568,17.426056579074327,0.6029937444146559,67.16562406910931,0.018543342269883824,68.54334226988382,0.16281025765490606,69.32953420188664,0.902239655942806,72.55599139857016
20210712,66.98,greed,-0.02029736255750958,29.70263744249042,0.6521544987720473,75.35908312867454,0.030810448760884124,80.81044876088413,0.16823904005705445,67.31887405294279,1.2691586961375307,81.72896740343828
20210713,58.75,greed,-0.01816555447866941,31.83444552133059,0.5637823371989296,60.63038953315492,0.016503122212310435,66.50312221231044,0.16395597404689463,68.90519479744643,0.6348372658340767,65.87093164585191
20210714,40.12,fear,-0.028937455736602113,21.06254426339789,0.2912296362419103,15.20493937365171,0.010488730194153091,60.48873019415309,0.15797326448436907,71.12101315393737,-0.6915590493193484,32.711023767016286
20210715,44.9,fear,-0.015329657063145263,34.67034293685474,0.33750279204824657,22.91713200804109,0.006700915791824882,56.70091579182488,0.16445599795809662,68.7200007562605,-0.34110915791824886,41.47227105204378
20210716,47.41,neutral,-0.025568580929940077,24.431419070059928,0.40400890868596884,34.0014847809948,0.010467706013363028,60.46770601336302,0.16949208812715338,66.85478217512838,0.05213726057906458,51.303431514476614
20210719,49.25,neutral,-0.02149725362727406,28.50274637272594,0.4063407010493414,34.39011684155689,0.010939941951328424,60.93994195132842,0.16973943573696124,66.76317194927361,0.22593954007590983,55.648488501897745
20210720,52.65,neutral,-0.021628497602515617,28.371502397484385,0.4828125,47.13541666666665,0.012053571428571427,62.05357142857143,0.16829883514230126,67.2967277250736,0.3359044196428571,58.397610491071426
20210721,66.61,greed,-0.014261380585355532,35.73861941464447,0.643606337871011,73.93438964516848,0.026110243249274714,76.11024324927472,0.1691984805319922,66.96352572889177,1.2113140147288552,80.28285036822137
20210722,59.27,greed,-0.01230157600259274,37.69842399740726,0.5112447116455132,51.87411860758553,0.020930750389668226,70.93075038966823,0.16917783498447794,66.97117222797112,0.7546791360498776,68.86697840124694
20210723,38.97,fear,-0.02373633096367911,26.26366903632089,0.2779261237205162,12.9876872867527,0.008900756564307968,58.90075656430797,0.1628770359540761,69.30480149849033,-0.9037640409434802,27.405898976412995
20210726,27.1,fear,-0.05432184830613607,0.0,0.24761058012891754,7.935096688152921,0.0015559013114025341,51.55590131140253,0.1953157089021314,57.290478184395774,-1.2506517670593464,18.73370582351634
20210727,17.66,extreme fear,-0.08676530508254732,0.0,0.21908362989323843,3.180604982206402,-0.01534697508896797,34.653024911032034,0.224853920145667,46.35039994604925,-1.835834897686833,4.104127557829173
20210728,17.3,extreme fear,-0.0839944285445462,0.0,0.2076854731230564,1.280912187176066,-0.011994669035984007,38.005330964016,0.2225422434229451,47.20657651002034,-2.150194602398934,0.0
20210729,68.37,greed,-0.06568887826976377,0.0,0.8301132578281146,100.0,0.051299133910726186,100.0,0.2369827820052004,41.85822888696281,2.642568976238063,100.0
20210730,53.32,neutral,-0.0721370007851676,0.0,0.595560488346282,65.92674805771365,0.025971143174250835,75.97114317425083,0.21912974523470585,48.47046472788672,1.0485967591564926,76.21491897891232
20210802,64.07,greed,-0.047482081720139235,2.5179182798607673,0.7858411007545495,97.64018345909156,0.0326231691078562,82.62316910785619,0.2406873757606687,40.48615712567825,1.8828781624500666,97.07195406125166
20210803,35.79,fear,-0.046490666081110965,3.5093339188890376,0.45615982241953384,42.693303736588966,-0.002663706992230855,47.33629300776915,0.2407319530165544,40.46964703090576,-0.20142435072142065,44.964391231964484
20210804,56.86,greed,-0.03709561179471532,12.90438820528468,0.5889502762430939,64.82504604051564,0.02961325966850829,79.61325966850829,0.2392650435032496,41.01294685064829,1.4369917127071823,85.92479281767955
20210805,34.12,fear,-0.04229704131543188,7.70295868456812,0.30753924386469156,17.923207310781923,0.014813177094848553,64.81317709484856,0.23773144987380262,41.58094449118421,-0.4559824452796817,38.600438868007956
20210806,40.06,fear,-0.04690761964445489,3.092380355545113,0.41397611676249446,35.6626861270824,0.01592215833701902,65.92215833701901,0.2380548141756989,41.46117993492633,0.16546795665634675,54.13669891640866
20210809,58.47,greed,-0.033867260793674636,16.13273920632537,0.7010377566791787,83.50629277986309,0.022300728637668358,72.30072863766836,0.23846485193002645,41.30931409999019,1.1639185250607198,79.097963126518
20210810,58.69,greed,-0.022013714085655556,27.986285914344442,0.6718887908208296,78.64813180347159,0.019858781994704325,69.85878199470432,0.24264129453320515,39.76248350622031,1.0869511253309796,77.17377813327448
20210811,52.82,neutral,-0.026696753737347922,23.30324626265208,0.5152317880794702,52.538631346578356,0.026931567328918323,76.93156732891833,0.24009045975638843,40.70723712726354,0.825007174392936,70.62517935982339
20210812,47.12,neutral,-0.03409480556177091,15.90519443822909,0.4700949017876848,45.015816964614125,0.02030456852791878,70.30456852791878,0.2356529920018906,42.35074370300348,0.4809,62.0225
20210813,42.21,fear,-0.03860732935398703,11.392670646012974,0.41622574955908287,36.03762492651381,0.017195767195767195,67.1957671957672,0.2335569548638429,43.12705375413225,0.13180853174603174,53.29521329365079
20210816,44.87,fear,-0.03863066144866156,11.36933855133844,0.5118942731277533,51.98237885462553,0.012775330396475772,62.77533039647577,0.2328042934435715,43.40581724312166,0.19307757709251103,54.82693942731277
20210817,17.42,extreme fear,-0.0575550910968573,0.0,0.13751375137513752,0.0,-0.0026402640264026403,47.35973597359736,0.2426908243910282,39.744139114433985,-2.165565236523652,0.0
20210818,53.21,neutral,-0.045122733874847776,4.877266125152227,0.6638063806380639,77.30106343967729,0.0198019801980198,69.8019801980198,0.24582282424780402,38.58413916747998,1.018832893289329,75.47082233223323
20210819,34.47,fear,-0.05004162675614299,0.0,0.3786279683377309,29.771328056288475,0.008575197889182058,58.57519788918205,0.24580425107130077,38.59101812174045,-0.1840363896218118,45.3990902594547
20210820,30.97,fear,-0.0667140374585381,0.0,0.3476923076923077,24.61538461538461,0.007032967032967035,57.03296703296703,0.250520533986945,36.84424667150184,-0.5451491208791209,36.37127197802198
20210823,67.68,greed,-0.052549802123349365,0.0,0.812609841827768,100.0,0.04481546572934974,94.81546572934974,0.23237269371456293,43.56566899460632,2.493307644991213,100.0
20210824,51.53,neutral,-0.04122277479062808,8.777225209371922,0.5350877192982456,55.84795321637426,0.01907894736842105,69.07894736842104,0.1964499879714469,56.87037482539004,0.6822752631578948,67.05688157894737
20210825,55.33,greed,-0.03849334550148209,11.506654498517912,0.5945590171127687,65.75983618546144,0.022378236068451074,72.37823606845107,0.1964521326117333,56.869580514172846,0.8057052435278632,70.14263108819658
20210826,35.69,fear,-0.05645592084401785,0.0,0.34407188253342097,24.011980422236824,0.011396011396011398,61.396011396011396,0.19893478770426404,55.95007862805035,-0.5162839798378259,37.09290050405435
20210827,39.15,fear,-0.05069733612590066,0.0,0.4012710935787859,33.545182263130975,0.01051939513477975,60.51939513477975,0.19778496347186875,56.37593945486342,-0.18668327854481703,45.332918036379574
20210830,44.93,fear,-0.05250334014151259,0.0,0.43662280701754386,39.43713450292397,0.014912280701754385,64.91228070175438,0.17397161218126667,65.19569919212344,0.20474100877192983,55.11852521929824
20210831,45.13,neutral,-0.053200147898248784,0.0,0.4727033545275159,45.45055908791931,0.013593510195132648,63.59351019513265,0.1739055017118808,65.22018455115526,0.054809625082218844,51.37024062705547
20210901,43.75,fear,-0.03973866463486653,10.261335365133476,0.5071193866374589,51.18656443957648,-0.0015334063526834599,48.46659364731654,0.17788434509530354,63.746538853591275,-0.19544696604600223,45.11382584884994
20210902,60.39,greed,-0.03912453737953692,10.875462620463086,0.5981144485858364,66.3524080976394,0.03266827450120588,82.66827450120587,0.17691779032944344,64.10452210020614,1.1172999780749835,77.93249945187459
20210903,51.28,neutral,-0.043690281421329025,6.309718578670978,0.5595628415300546,59.92714025500909,0.016393442622950817,66.39344262295083,0.17689445710630206,64.11316403470295,0.38653812021857925,59.66345300546448
20210906,70.66,greed,-0.02556263667568337,24.43736332431663,0.700609225413403,83.4348709022338,0.04003481288076588,90.03481288076588,0.18381580818175683,61.54970067342339,1.7531075718015667,93.82768929503918
20210907,65.75,greed,-0.013923450037331309,36.07654996266869,0.6492374727668845,74.87291212781408,0.026361655773420478,76.36165577342048,0.18419347156219198,61.4098253473363,1.201570871459695,80.03927178649238
20210908,63.27,greed,-0.017962233294155583,32.03776670584442,0.6157367044463818,69.28945074106363,0.02920662598081953,79.20662598081954,0.18375672994621917,61.5715815014003,0.9691200305143853,74.22800076285964
20210909,52.61,neutral,-0.01813533634811315,31.86466365188685,0.4457988680888115,40.96647801480191,0.020679146713104047,70.67914671310405,0.1813149845360153,62.47593165332766,0.28210894645189377,57.05272366129734
20210910,47.03,neutral,-0.009331859550485544,40.66814044951445,0.335801393728223,22.63356562137049,0.016986062717770034,66.98606271777004,0.18260430608669695,61.9984051530752,-0.28486317508710807,42.8784206228223
20210913,58.6,greed,-0.01358336426621587,36.41663573378413,0.5490323983474669,58.17206639124447,0.020221787345075015,70.22178734507501,0.18341791247171932,61.69706945491877,0.6593608610567514,66.48402152641879
20210914,38.97,fear,-0.028055924362391016,21.944075637608986,0.2591304347826087,9.855072463768117,0.016956521739130433,66.95652173913044,0.17504863860226633,64.79680051767913,-0.7471480217391304,31.32129945652174
20210915,54.87,neutral,-0.03755264325971841,12.447356740281593,0.5566181264942404,59.43635441570672,0.022821125842208214,72.82112584220822,0.17425492445725219,65.09076871953621,0.581827863507933,64.54569658769833
20210916,27.23,fear,-0.0488392272436996,1.1607727563004016,0.2366760931041984,6.112682184033065,-0.0008701326952360242,49.12986730476398,0.17812881781935763,63.65599340023791,-1.3573120513378292,16.06719871655427
20210917,43.83,fear,-0.0390650073753912,10.9349926246088,0.40627041149575444,34.37840191595907,0.01066840844763771,60.66840844763771,0.16748760400296092,67.59718370260705,-0.17785876333551057,45.55353091661223
20210922,54.78,neutral,-0.045471698969121954,4.5283010308780485,0.49435518888406427,49.059198147344034,0.033651758575770734,83.65175857577073,0.16235948671161687,69.49648640310485,0.6861991098567086,67.15497774641773
20210923,57.86,greed,-0.03901260440738907,10.98739559261093,0.6463705308775731,74.3950884795955,0.013867822318526544,63.867822318526535,0.15917463618969968,70.67606067048159,0.7742244420368364,69.35561105092091
20210924,30.21,fear,-0.03963813627184998,10.361863728150025,0.2321699544764795,5.361659079413249,-0.004985909386516366,45.01409061348364,0.15894477398442125,70.76119482058472,-1.217983221331021,19.550419466724474
20210927,20.72,extreme fear,-0.0340296377120104,15.970362287989607,0.19444444444444445,0.0,-0.0390625,10.937500000000004,0.14291929838745884,76.69655615279302,-2.520100998263889,0.0
20210928,55.93,greed,-0.03251426742106811,17.48573257893189,0.554421029763198,59.070171627199656,0.01585922224636107,65.85922224636106,0.14196179599211795,77.05118666958595,0.4073623506408864,60.18405876602216
20210929,22.92,extreme fear,-0.042076149784729955,7.923850215270048,0.11472565603990457,0.0,-0.01865105183257428,31.34894816742573,0.1466815638151232,75.30312451291732,-2.761989264801562,0.0
20210930,73.17,greed,-0.035295518492793,14.704481507207005,0.840372536278969,100.0,0.026424084903617067,76.42408490361707,0.14824944103134666,74.72242924764939,2.1940713883474112,100.0
20211008,68.58,greed,-0.022512240142583795,27.487759857416204,0.7525996533795494,92.09994222992489,0.011915077989601387,61.915077989601386,0.1479967273781546,74.81602689697976,1.4625727253032927,86.56431813258232
20211011,48.33,neutral,-0.021001726396689735,28.998273603310267,0.45021645021645024,41.7027417027417,-0.00021645021645021537,49.78354978354979,0.14798968881362035,74.8186337727332,-0.14681498159774845,46.32962546005629
20211012,30.51,fear,-0.03095830768283858,19.04169231716142,0.17446900736887733,0.0,0.000433463372345037,50.43346337234503,0.15194177580936316,73.35489784838401,-1.6119444950151711,9.701387624620722
20211013,56.88,greed,-0.019481276971373362,30.51872302862664,0.5786163522012578,63.1027253668763,0.003686835827369332,53.68683582736933,0.1423130626127063,76.9210879212199,0.40706237258729133,60.17655931468229
20211014,59.29,greed,-0.02444583536222311,25.55416463777689,0.5256882722740083,54.28137871233471,0.021244309559939303,71.2443095599393,0.13630501685408106,79.14629005404404,0.6487626707132018,66.21906676783004
20211015,42.05,fear,-0.02049340259315624,29.50659740684376,0.2964486790818536,16.074779846975602,0.0012992637505413601,51.29926375054136,0.13659411377241845,79.0392171213265,-0.6263893243828497,34.34026689042876
20211018,59.71,greed,-0.03163260949052771,18.367390509472294,0.5982297063903281,66.37161773172134,0.017918825561312607,67.9188255613126,0.142320229354774,76.91843357230591,0.7590663212435234,68.97665803108808
20211019,57.93,greed,-0.022068937070942818,27.931062929057184,0.5086393088552916,51.439884809215265,0.01900647948164147,69.00647948164146,0.14334443927949017,76.53909656315179,0.5897936933045356,64.74484233261339
20211020,47.47,neutral,-0.024514141328571104,25.485858671428897,0.36064864864864865,26.77477477477477,0.010594594594594595,60.5945945945946,0.1429033612585084,76.70245879314504,-0.08756480000000001,47.81088
20211021,44.69,fear,-0.020889859704744107,29.110140295255892,0.303652474605576,17.27541243426266,0.008644910309055544,58.64491030905554,0.13341504647381675,80.21664945414194,-0.47229368921547443,38.192657769613135
20211022,44.91,fear,-0.01460651856835693,35.39348143164307,0.30923608113940443,18.206013523234066,0.009063444108761328,59.06344410876133,0.1293855386473494,81.70905976024096,-0.793385498489426,30.165362537764352
20211025,63.99,greed,-0.010694031120518033,39.305968879481966,0.5524838012958964,58.74730021598271,0.019438444924406047,69.43844492440606,0.1198668828336505,85.2344878393887,0.6882843628509719,67.20710907127429
20211026,48.12,neutral,-0.013763040464824017,36.236959535175984,0.3493195074530136,24.886584575502262,0.004104558219917909,54.104558219917905,0.11700485008905007,86.2944999670185,-0.436946943184273,39.07632642039317
20211027,33.45,fear,-0.026379683445719615,23.62031655428039,0.19965502371711943,0.0,0.0015092712376024147,51.50927123760242,0.12433276018529331,83.5804591906321,-1.6586271021992238,8.534322445019404
20211028,29.33,fear,-0.03278235842388655,17.217641576113454,0.22643950830278198,4.406584717130327,-0.011429803752426138,38.57019624757386,0.12532455115832936,83.21312920061875,-1.8696798792322624,3.2580030191934393
20211029,72.47,greed,-0.023627104866500992,26.372895133499007,0.7758620689655172,95.97701149425285,0.01788793103448276,67.88793103448276,0.1292737335091077,81.75046907070085,1.6143861853448274,90.35965463362068
20211101,70.35,greed,-0.026845252660629426,23.154747339370576,0.6909834301700022,81.83057169500036,0.030126963632451043,80.12696363245104,0.12865668895401342,81.97900409110613,1.3858533032063696,84.64633258015924
20211102,35.71,fear,-0.036597279299427354,13.40272070057265,0.24666666666666667,7.777777777777777,0.007311827956989247,57.31182795698925,0.13387867012863128,80.04493698939582,-1.1999411612903226,20.001470967741934
20211103,59.55,greed,-0.039914469254590634,10.085530745409368,0.6542518837459634,75.7086472909939,0.011625403659849301,61.6254036598493,0.12954282234421755,81.65080653917869,0.7465321636167923,68.66330409041981
20211104,70.77,greed,-0.030042247641988817,19.957752358011184,0.7327752736638764,88.79587894397939,0.0274737068040352,77.4737068040352,0.13221144138847699,80.6624291153789,1.4791274737068043,86.97818684267011
20211105,45.94,neutral,-0.03480585600196817,15.194143998031832,0.40008594757198107,33.3476579286635,0.006875805758487322,56.87580575848732,0.12413205440162561,83.65479466606459,-0.3757124409110443,40.6071889772239
20211108,59.94,greed,-0.03321863906471967,16.781360935280336,0.5768818357280721,62.813639288012,0.018228608192150976,68.22860819215099,0.12411783558078236,83.66006089600653,0.7278480162985201,68.19620040746301
20211109,65.59,greed,-0.0331741613931833,16.825838606816703,0.6785560807907176,79.75934679845292,0.01675977653631285,66.75977653631284,0.11866692159265778,85.67891792864526,1.1562143317576279,78.9053582939407
20211110,59.67,greed,-0.038002796486243384,11.997203513756618,0.6010318142734308,66.83863571223844,0.013972484952708513,63.97248495270852,0.11110661421742561,88.47903177132385,0.6824990756663801,67.0624768916595
20211111,67.06,greed,-0.02240039771328617,27.599602286713832,0.664876476906552,77.47941281775866,0.02062298603651987,70.62298603651986,0.1255435621197504,83.13201402972207,1.059039634801289,76.47599087003223
20211112,65.95,greed,-0.024241712620150402,25.758287379849598,0.6012006861063465,66.86678101772439,0.025728987993138934,75.72898799313893,0.12485894609941257,83.38557551873609,1.1201975343053174,78.00493835763294
20211115,66.41,greed,-0.025186359571076844,24.813640428923158,0.6582710779082177,76.37851298470294,0.014087513340448238,64.08751334044823,0.1177306431469857,86.02568772333862,1.2288001494130203,80.7200037353255
20211116,42.72,fear,-0.024827302414499042,25.17269758550096,0.2728049562059389,12.134159367656483,0.007477034821619311,57.47703482161931,0.1119945951278745,88.15014995263907,-0.7737812860499893,30.655467848750266
20211117,72.63,greed,-0.023990715116120165,26.009284883879836,0.7178556172575822,86.30926954293034,0.02627082443400256,76.27082443400258,0.11173376667948327,88.24675308167286,1.4530645664246047,86.32661416061511
20211118,43.21,fear,-0.03306986854889549,16.930131451104515,0.282089552238806,13.681592039800996,0.014285714285714285,64.28571428571429,0.11573935398463461,86.7632022279131,-0.6239044562899787,34.40238859275053
20211119,69.94,greed,-0.022123250477322554,27.876749522677446,0.7148337595907929,85.80562659846545,0.020886615515771527,70.88661551577152,0.12040433760711848,85.03543051588204,1.2046084398976984,80.11521099744246
20211122,65.08,greed,-0.017246996866495667,32.753003133504336,0.5359198465146024,55.98664108576706,0.026859944574717545,76.85994457471755,0.12071826328276489,84.91916174712412,0.9954354934981882,74.8858873374547
20211123,60.73,greed,-0.01662784346914692,33.37215653085308,0.5327659574468085,55.46099290780141,0.017659574468085106,67.65957446808511,0.12033821203364252,85.05992146902129,0.484146085106383,62.10365212765958
20211124,61.13,greed,-0.015622136108502604,34.3778638914974,0.5012787723785166,50.21312872975275,0.020460358056265983,70.46035805626599,0.11074896898074996,88.61149297009261,0.47988476129582264,61.99711903239557
20211125,54.52,neutral,-0.019262619021841232,30.737380978158768,0.43268001704303366,38.7800028405056,0.012356199403493823,62.35619940349382,0.1087579455377511,89.34890906009218,0.05419537707711974,51.354884426927995
20211126,50.25,neutral,-0.02582090270892734,24.17909729107266,0.3432645243668866,23.877420727814428,0.015322409023196426,65.32240902319643,0.10683664582405826,90.06050154664509,-0.08830549052989996,47.7923627367525
20211129,51.88,neutral,-0.026833312513380503,23.1666874866195,0.35309114085404714,25.515190142341183,0.021244954323348206,71.24495432334821,0.10629263698024258,90.26198630361387,-0.03087707669428509,49.22807308264287
20211130,63.92,greed,-0.0299362171702946,20.063782829705403,0.6215469613259669,70.25782688766114,0.018274543136421587,68.27454313642158,0.10057123595696572,92.38102371964233,0.7451589672758181,68.62897418189546
20211201,68.77,greed,-0.026816346890918163,23.18365310908184,0.6987029555602807,83.11715926004678,0.02019987242185839,70.19987242185839,0.0998958622709598,92.63116212186674,0.9889360195619818,74.72340048904955
20211202,42.08,fear,-0.023596643560604758,26.403356439395242,0.24426020408163265,7.376700680272107,0.008715986394557824,58.71598639455783,0.09372341420724095,94.91725399731817,-1.0806343324829932,22.98414168792517
20211203,62.13,greed,-0.013879007553194156,36.12099244680584,0.5688775510204082,61.479591836734684,0.010416666666666666,60.416666666666664,0.09709360960284302,93.66903348042851,0.35788792517006807,58.947198129251696
20211206,39.96,fear,-0.014938417831376283,35.061582168623715,0.20773152081563295,1.28858680260549,0.006796941376380629,56.79694137638063,0.0974125106565819,93.55092197904375,-1.4755814570943075,13.110463572642312
20211207,51.37,neutral,-0.00847079652773397,41.52920347226603,0.37369653117684615,28.949421862807682,0.00808682698446478,58.08682698446478,0.09931549414997543,92.84611327778688,-0.5819945733134709,35.45013566716323
20211208,76.99,extreme greed,0.00686612521387886,56.86612521387886,0.7117021276595744,85.28368794326238,0.0225531914893617,72.5531914893617,0.1085423646542403,89.42875383176285,1.2326672765957445,80.81668191489362
20211209,71.07,greed,0.023873814543837524,73.87381454383753,0.5782211844618977,63.036864076982944,0.016769263426024198,66.7692634260242,0.10942273194583949,89.1026918719113,0.5027571853109742,62.56892963277436
20211210,67.24,greed,0.019412480853005842,69.41248085300585,0.4887521222410866,48.125353706847754,0.01888794567062818,68.88794567062818,0.1109944943076409,88.5205576638367,0.4510352079796265,61.275880199490665
20211213,69.01,greed,0.02544931313932297,75.44931313932297,0.5042498937526562,50.70831562544268,0.019762005949851252,69.76200594985124,0.11128237218318696,88.41393622844927,0.42846102847428813,60.711525711857206
20211214,70.48,greed,0.018934582287057022,68.93458228705703,0.5511460101867572,58.5243350311262,0.022495755517826822,72.49575551782684,0.11542658562000417,86.87904236296141,0.6217311332767402,65.54327833191851
20211215,62.38,greed,0.010454220712829976,60.45422071282998,0.45161290322580644,41.93548387096773,0.019524617996604415,69.52461799660442,0.12114394319041559,84.7615025220683,0.20972685204839733,55.243171301209934
20211216,74.27,greed,0.016490627990159323,66.49062799015933,0.6403136922424756,73.38561537374592,0.022467147096227217,72.46714709622721,0.11468238656240155,87.15467164355498,0.8733331496396778,71.83332874099194
20211217,49.84,neutral,0.0005477744129440687,50.547774412944065,0.2932937181663837,15.548953027730617,0.018463497453310693,68.46349745331068,0.12609853279427208,82.92646933545478,-0.7304758701188455,31.73810324702886
20211220,44.66,fear,-0.014111880929168263,35.888119070831735,0.3075780089153046,17.929668152550764,0.015920186796858415,65.92018679685842,0.13679434949779168,78.96505574155864,-1.0165893228613883,24.585266928465295
20211221,77.11,extreme greed,-0.007128720961028456,42.871279038971544,0.7823042647994908,97.05071079991511,0.028856354763420324,78.85635476342033,0.13907987107415853,78.11856626883016,1.5467212603437301,88.66803150859326
20211222,60.25,greed,-0.0066503817032859125,43.349618296714084,0.5061466723187792,51.02444538646319,0.017168291649003815,67.1682916490038,0.13906123631090098,78.12546803299963,0.4629096671613313,61.572741679033285
20211223,49.33,neutral,0.0005600617559247123,50.560061755924714,0.3274036425243541,21.23394042072568,0.009318085556967387,59.31808555696738,0.14026269679045167,77.68048267020308,-0.48555199068191446,37.86120023295214
20211224,38.46,fear,-0.004614648124973697,45.3853518750263,0.2273688663282572,4.561477721376198,0.0038071065989847726,53.80710659898477,0.13899557259692577,78.14978792706452,-1.5835179145516074,10.412052136209816
20211227,62.82,greed,-0.004642294637114852,45.35770536288515,0.5967878275570583,66.13130459284304,0.011411665257819104,61.4116652578191,0.13875862295080202,78.2375470552585,0.5192800295857988,62.982000739644974
20211228,65.58,greed,0.0032326288711574946,53.232628871157495,0.6029598308668076,67.15997181113458,0.012473572938689219,62.473572938689216,0.13953043818323355,77.95168956176535,0.6833782029598308,67.08445507399577
20211229,52.62,neutral,-0.010850325553083073,39.149674446916926,0.41988600379987334,36.64766729997888,0.014355077052987122,64.35507705298711,0.15041139342426835,73.92170613915987,-0.03963238336499895,49.009190415875025
20211230,68.77,greed,-0.0027124822989204045,47.287517701079594,0.6396035428089414,73.26725713482355,0.02382960776043863,73.82960776043863,0.15251678555808082,73.14193127478488,1.0531283424715312,76.32820856178827
20211231,64.48,greed,0.0015703439578509393,51.57034395785094,0.5977205571971296,66.28675953285492,0.013296749683410722,63.296749683410724,0.1496910551089511,74.1884981077959,0.6826467285774589,67.06616821443647
20220104,70.34,greed,-0.002508429131394818,47.49157086860518,0.7048765041165295,84.14608401942158,0.020054887059320247,70.05488705932025,0.15058015294024518,73.859202614724,1.0459467595524594,76.14866898881148
20220105,36.56,fear,-0.012236763652749949,37.76323634725005,0.24793912492073558,7.989854153455927,-0.001479602621010356,48.52039737898964,0.15329729556873847,72.85285349305983,-1.3732425068695837,15.668937328260407
20220106,63.85,greed,-0.021934554455869115,28.065445544130885,0.6380147835269271,73.0024639211545,0.01921858500527983,69.21858500527983,0.1454194685650185,75.7705671981413,0.9286704963041184,73.21676240760296
20220107,35.66,fear,-0.020680091199069106,29.319908800930893,0.21502426672293734,2.504044453822888,0.0033762397130196256,53.37623971301962,0.12890381301368414,81.88747666159847,-1.5521878640776698,11.195303398058254
20220110,66.22,greed,-0.015804117634901527,34.19588236509847,0.6616810617231936,76.94684362053226,0.01622077101327154,66.22077101327153,0.13100457875397004,81.10941527630739,0.9044288603328419,72.61072150832103
20220111,47.17,neutral,-0.024744945855767253,25.255054144232748,0.364172813487882,27.362135581313662,0.012223393045310855,62.22339304531085,0.13017040961776935,81.41836680823357,-0.4168405057955743,39.57898735511064
20220112,71.96,greed,-0.014668774537310858,35.33122546268914,0.7263912310286678,87.73187183811129,0.02360876897133221,73.60876897133221,0.1369100160460484,78.92221627924133,1.368512626475548,84.2128156618887
20220113,39.67,fear,-0.030288661047928156,19.71133895207185,0.2732827644332069,12.21379407220115,0.011799410029498525,61.799410029498524,0.14447807104550622,76.11923294610881,-0.860220396123051,28.494490096923723
20220114,43.95,fear,-0.03761135543990146,12.388644560098541,0.33235046335299073,22.058410558831785,0.019587194608256107,69.5871946082561,0.1424979878006617,76.85259711086604,-0.44615183235046335,38.846204191238414
20220117,71.6,greed,-0.02885671245368071,21.143287546319293,0.7151272880286135,85.8545480047689,0.03261098253734484,82.61098253734484,0.1398509268642219,77.83299005028817,1.621810330317694,90.54525825794235
20220118,36.98,fear,-0.018930985639488696,31.069014360511304,0.2908517350157729,15.141955835962143,-0.010094637223974762,39.90536277602524,0.13654367772190854,79.05789714003387,-1.2107610935856992,19.73097266035752
20220119,54.14,neutral,-0.02515102088310428,24.848979116895723,0.5067340067340067,51.122334455667776,0.013047138047138047,63.04713804713804,0.13526705702463288,79.53071962050635,0.08576039562289561,52.1440098905724
20220120,33.88,fear,-0.015889929964484906,34.11007003551509,0.17799284662318535,0.0,0.007574163686092994,57.574163686092994,0.14013508577552142,77.72774600906614,-2.1981361666316013,0.0
20220121,36.63,fear,-0.024381755811491157,25.618244188508843,0.29951589139128604,16.58598189854767,-0.008419280151547043,41.580719848452965,0.13981883384326352,77.84487635434684,-1.14001610187329,21.499597453167752
20220124,45.76,neutral,-0.022295876738945175,27.704123261054825,0.38419503993274484,30.699173322124135,0.00021017234131988187,50.21017234131988,0.1395057843142626,77.96082062434718,-0.31190239596469105,42.20244010088272
20220125,21.5,extreme fear,-0.04367410110541037,6.325898894589635,0.06268405553218342,0.0,-0.01977282288599074,30.227177114009258,0.15850964488674607,70.9223537456496,-3.9927008834665543,0.0
20220126,56.15,greed,-0.036158711889331396,13.841288110668607,0.66505568396722,77.50928066120333,0.0027316663164530363,52.731666316453044,0.1583364727764456,70.9864915642794,0.6279634376969951,65.69908594242489
20220127,18.72,extreme fear,-0.05459247600763495,0.0,0.061648144265045085,0.0,-0.025162507863283706,24.837492136716296,0.16429585039697986,68.77931466778523,-3.173670979240931,0.0
20220128,59.07,greed,-0.06578682470696418,0.0,0.7138964577656676,85.64940962761123,0.00922238524418361,59.222385244183606,0.16261460788118456,69.40199708104275,1.2426302242716412,81.06575560679103
20220207,60.84,greed,-0.05119622522629941,0.0,0.7443419949706622,90.7236658284437,0.013621123218776194,63.62112321877619,0.1744979997737974,65.00074082451948,1.3943805532271583,84.85951383067896
20220208,61.54,greed,-0.05600632367991598,0.0,0.7767519932857743,96.1253322142957,0.013008812421317666,63.00881242131767,0.17462336961141325,64.95430755132841,1.3443157994125055,83.60789498531264
20220209,64.14,greed,-0.04689135196081795,3.108648039182052,0.7487963156792966,91.46605261321608,0.025748377642872095,75.74837764287209,0.17805792488208588,63.68225004367189,1.467326397320494,86.68315993301235
20220210,39.0,fear,-0.04893244707453559,1.0675529254644127,0.36289308176100626,27.148846960167706,0.010482180293501049,60.48218029350105,0.17553019788672683,64.61844522713821,-0.3330478825995807,41.673802935010485
20220211,24.05,extreme fear,-0.0563019453181296,0.0,0.13028906577293675,0.0,0.0060745705906996225,56.07457059069962,0.17667489732296035,64.19448247297764,-2.0215314201927104,0.0
20220214,44.64,fear,-0.06584173025483342,0.0,0.46701570680628274,44.50261780104711,0.015078534031413612,65.07853403141361,0.1772343800971419,63.987266630688175,-0.01389132984293196,49.652716753926704
20220215,48.34,neutral,-0.05536480115971343,0.0,0.5143215555090948,52.38692591818245,0.01358979719841104,63.589797198411034,0.18183676881214383,62.2826782177245,0.5378990591678863,63.44747647919715
20220216,60.9,greed,-0.05121855829018085,0.0,0.7524048515265579,92.06747525442628,0.017984107068172314,67.98410706817232,0.17775055710250684,63.7960899620345,1.2256150146382265,80.64037536595566
20220217,38.75,fear,-0.048365040160437744,1.6349598395622582,0.3403765690376569,23.39609483960948,0.007740585774058577,57.74058577405857,0.17036589670302738,66.5311493692491,-0.22215144351464436,44.44621391213389
20220218,56.54,greed,-0.043211157763762054,6.788842236237949,0.6561976549413735,76.0329424902289,0.014237855946398661,64.23785594639865,0.16970490287286982,66.7759618989371,0.7553249842931937,68.88312460732983
20220221,64.21,greed,-0.046093925228352206,3.9060747716477966,0.7244407275768346,87.40678792947242,0.027179594396822077,77.17959439682207,0.16630507417438206,68.03515771319182,1.3799659974905898,84.49914993726475
20220222,30.4,fear,-0.057857953388507966,0.0,0.19172067739912188,0.0,0.010035542546518922,60.03554254651892,0.16581981387143574,68.21488375132009,-1.0505501777127326,23.736245557181686
20220223,65.45,greed,-0.047280291756577,2.719708243423005,0.7597497393117831,93.29162321863052,0.02356621480709072,73.56621480709072,0.1713049007185171,66.18337010425293,1.6594864442127215,91.48716110531804
20220224,21.57,extreme fear,-0.06596167145991694,0.0,0.14124529878813205,0.0,-0.005641454241537816,44.358545758462185,0.17858333708313195,63.48765293217335,-2.3410104262432094,0.0
20220225,62.5,greed,-0.05645523598550173,0.0,0.7128836917936939,85.48061529894898,0.015034453956984757,65.03445395698476,0.18260375888909777,61.998607818852676,42.88020826894967,100.0
20220228,41.42,fear,-0.054271189047323753,0.0,0.41876955161626694,36.461591936044485,0.008342022940563087,58.34202294056309,0.18267128536676064,61.97359801231087,0.013594056308654841,50.339851407716374
20220301,56.44,greed,-0.04603709157833458,3.962908421665426,0.6748850814876723,79.1475135812787,0.011282908483075638,61.28290848307564,0.16912603626737097,66.99035693801075,0.8322465942331801,70.80616485582951
20220302,50.06,neutral,-0.05422332498587801,0.0,0.5525820614676981,58.763676911283,0.013798871001463516,63.79887100146351,0.16893250642596708,67.06203465704922,0.4275210537319674,60.688026343299185
20220303,42.96,fear,-0.05935301922900371,0.0,0.39941447093266413,33.235745155444015,0.015474696779590132,65.47469677959013,0.15580201369157118,71.92518011423289,-0.23380152655792555,44.15496183605186
20220304,30.38,fear,-0.07015780897262536,0.0,0.21953255425709517,3.255425709515859,0.004590984974958263,54.59098497495825,0.15578543732283015,71.9313195100629,-1.115931510851419,22.101712228714526
20220307,26.4,fear,-0.09905165481652667,0.0,0.17762471300354832,0.0,0.0068879148403256105,56.88791484032561,0.17970787951507128,63.07115573515878,-1.5189948862450426,12.025127843873934
20220308,17.96,extreme fear,-0.11635453180681243,0.0,0.0992063492063492,0.0,-0.019632414369256473,30.367585630743527,0.1895127160738682,59.439734787456224,-3.0700038011695905,0.0
20220309,27.83,fear,-0.12357074732477324,0.0,0.22895341550031334,4.825569250052221,0.007729266764152915,57.72926676415291,0.18374148541550056,61.577227623888675,-1.398487236264884,15.037819093377902
20220310,63.66,greed,-0.10901303359895842,0.0,0.7674467195988299,94.57445326647165,0.024028416213957376,74.02841621395737,0.19755666468208227,56.46049456219174,1.7296956748850816,93.24239187212704
20220311,51.87,neutral,-0.10543150627978104,0.0,0.6125260960334029,68.75434933890048,0.017536534446764094,67.53653444676408,0.19830029215762715,56.1850769786566,0.6757709394572025,66.89427348643007
20220314,20.2,extreme fear,-0.13179977601305304,0.0,0.09384775808133472,0.0,0.0027111574556830022,52.711157455683,0.2196245768267163,48.28719376788284,-2.6319211678832115,0.0
20220315,11.56,extreme fear,-0.17028716396136556,0.0,0.05393586005830904,0.0,-0.026655560183256977,23.344439816743023,0.25702318533000224,34.435857285184355,-5.0114146189087885,0.0
20220316,59.86,greed,-0.1334165982704929,0.0,0.9075192668194126,100.0,0.03499270985211414,84.99270985211413,0.31142073051301983,14.288618328511177,3.0325063528431575,100.0
20220317,57.22,greed,-0.11537207610104416,0.0,0.7935483870967742,98.92473118279568,0.02788761706555671,77.88761706555671,0.32270684335822286,10.108576533991538,1.9677249531737775,99.19312382934444
20220318,50.84,neutral,-0.10840160902899232,0.0,0.7373569198751301,89.55948664585499,0.022684703433922995,72.68470343392299,0.3234723476351402,9.825056431429545,1.285993090530697,82.14982726326743
20220321,50.59,neutral,-0.10883421661927506,0.0,0.67375,78.95833333333331,0.030833333333333334,80.83333333333333,0.32358567664812543,9.783082722916504,1.3349471041666667,83.37367760416667
20220322,31.27,fear,-0.10848967125134412,0.0,0.4136638200374922,35.610636672915355,0.014163715892522391,64.1637158925224,0.3219945201395074,10.372399948330582,-0.1517212455738388,46.20696886065403
20220323,36.41,fear,-0.10293534450856823,0.0,0.48793677204658903,47.98946200776483,0.014975041597337771,64.97504159733776,0.3193080100745042,11.367403676109546,0.30867210898502495,57.71680272462562
20220324,19.65,extreme fear,-0.10711447435664467,0.0,0.20224719101123595,0.37453183520598965,0.012484394506866416,62.484394506866415,0.31343140729411695,13.543923224401127,-1.1268792967124428,21.82801758218893
20220325,28.67,fear,-0.12213486673452201,0.0,0.3686070686070686,28.101178101178093,0.013513513513513514,63.51351351351351,0.31400072137403023,13.333066157766567,-0.46317744282744283,38.42056392931393
20220328,28.25,fear,-0.1265687912438832,0.0,0.3778610070744902,29.6435011790817,0.00811485642946317,58.11485642946317,0.31320432608444787,13.628027376130419,-0.4046206408655847,39.884483978360386
20220329,21.83,extreme fear,-0.12859562685804837,0.0,0.24953290429728048,8.255484049546743,0.008096325513805272,58.09632551380527,0.30945477661692916,15.016749401137346,-0.8893333056478405,27.766667358803986
20220330,53.14,neutral,-0.10240034114064023,0.0,0.8069337762092589,100.0,0.019514220469171683,69.51422046917169,0.33213316736735143,6.617345419499472,1.5824486609923187,89.56121652480797
20220331,30.44,fear,-0.10814516479301617,0.0,0.43894320782192636,39.823867970321054,0.011025587684626586,61.02558768462659,0.33232355714522505,6.546830686953669,-0.20701042230081132,44.82473944247972
20220401,30.32,fear,-0.09595104556182343,0.0,0.4285120532003325,38.08534220005541,0.011637572734829592,61.63757273482959,0.3354720391215235,5.380726251287584,-0.139693038237739,46.50767404405652
20220406,46.6,neutral,-0.09766134332041831,0.0,0.6846153846153846,80.76923076923076,0.01600831600831601,66.008316008316,0.31673931344057105,12.31877279978849,0.9571259667359668,73.92814916839917
20220407,12.45,extreme fear,-0.10823708570551516,0.0,0.12557267805081215,0.0,-0.001874219075385257,48.125780924614745,0.3119153814824899,14.105414265744486,-2.250923198667222,0.0
20220408,25.08,fear,-0.10265331236139297,0.0,0.33250155957579536,22.083593262632554,0.005822416302765648,55.82241630276565,0.3107698610223164,14.529681102845771,-0.6814194219172385,32.96451445206904
20220411,11.07,extreme fear,-0.12928987485968868,0.0,0.11956747764608026,0.0,-0.004366812227074234,45.63318777292577,0.32372977433182926,9.729713210433601,-2.9260376169681845,0.0
20220412,53.22,neutral,-0.11128504881593781,0.0,0.7983402489626557,99.72337482710927,0.017427385892116183,67.42738589211619,0.3323155812440317,6.549784724432698,1.696571244813278,92.41428112033194
20220413,13.63,extreme fear,-0.11865508725793261,0.0,0.1811383464894059,0.0,0.0018695471541337778,51.86954715413378,0.31570182482999437,12.70302784074282,-1.8559093685085164,3.60226578728709
20220414,48.97,neutral,-0.10648706138446995,0.0,0.6663900414937759,77.73167358229597,0.014730290456431537,64.73029045643153,0.26853269038344724,30.17307763576028,0.8893754356846473,72.23438589211618
20220415,21.22,extreme fear,-0.10602876449694731,0.0,0.21599169262720663,2.6652821045344366,-0.0024922118380062315,47.50778816199377,0.2217162656382294,47.512494208063174,-1.6632217860851508,8.41945534787123
20220418,48.96,neutral,-0.10962526029387898,0.0,0.5969652878819373,66.16088131365619,0.009769278736229474,59.76927873622947,0.2105435828393596,51.65052487431126,0.6885437746830181,67.21359436707546
20220419,46.27,neutral,-0.11517527525461335,0.0,0.5686721991701245,61.445366528354064,0.008091286307053941,58.091286307053934,0.20994309042459164,51.872929472373464,0.39860744813278004,59.9651862033195
20220420,28.89,fear,-0.1276083824849017,0.0,0.27631305791986716,12.718842986644521,0.006643138883122275,56.643138883122276,0.21577650771990797,49.712404548182235,-0.9854771226904712,25.363071932738222
20220421,16.66,extreme fear,-0.14238012338991013,0.0,0.07327675429517698,0.0,-0.013661767749948251,36.33823225005175,0.2232279134359104,46.95262465336651,-3.69272688884289,0.0
20220422,29.16,fear,-0.13729413868049134,0.0,0.3457071754458731,24.284529240978845,-0.0035255080879303194,46.47449191206968,0.22293917140709985,47.05956614551857,-0.8807683948569061,27.980790128577347
20220425,5.39,extreme fear,-0.17838199230860907,0.0,0.032671629445823,0.0,-0.3178246484698098,0.0,0.2771722498921347,26.97324078069086,-7.431784449958642,0.0
20220426,5.68,extreme fear,-0.1834044434399713,0.0,0.15910503418272218,0.0,-0.0580070437124508,0.0,0.273299329979799,28.40765556303741,-3.402304205510669,0.0
20220427,62.78,greed,-0.1578140763991318,0.0,0.8321939092604101,100.0,0.04495545887714937,94.95545887714937,0.2988806694384418,18.93308539316969,2.962518686554796,100.0
20220428,16.09,extreme fear,-0.1507311239587238,0.0,0.25780274656679153,9.633791094465252,-0.0056179775280898875,44.38202247191011,0.30077544998040084,18.231314822073756,-1.672271389929255,8.193215251768626
20220429,64.1,greed,-0.12869671934666682,0.0,0.9351564118500103,100.0,0.06670810026931842,100.0,0.29458503839895867,20.524059852237528,4.335698632691113,100.0
20220505,58.37,greed,-0.1286622545825512,0.0,0.7463844057849508,91.06406763082511,0.03563194298889122,85.63194298889123,0.2940813648336797,20.710605617155665,1.777309704464473,94.43274261161183
20220506,23.93,extreme fear,-0.14928069842732195,0.0,0.2691907634699397,11.531793911656612,0.014354066985645935,64.35406698564594,0.29907055088641293,18.862758930958165,-1.0030132931142084,24.92466767214479
20220509,57.68,greed,-0.1545918880996494,0.0,0.7787278415015642,96.45464025026068,0.032325338894681956,82.32533889468196,0.29930203567257035,18.777023824973938,1.6343452137643382,90.85863034410846
20220510,56.85,greed,-0.14389062232523175,0.0,0.7880174745163303,98.00291241938835,0.026835864364468484,76.83586436446849,0.3024742884089946,17.602115404076073,1.6725709590180986,91.81427397545247
20220511,43.62,fear,-0.13022679887177757,0.0,0.4583853516437786,43.06422527396309,0.02226383687057844,72.26383687057843,0.30769269307749464,15.669372934261233,1.484336787349147,87.10841968372868
20220512,46.46,neutral,-0.13278601623667774,0.0,0.6583489290912872,76.39148818188119,0.014348097317529633,64.34809731752964,0.2895877183095215,22.374919144621657,0.7675637554585153,69.18909388646289
20220513,46.2,neutral,-0.12489493906379212,0.0,0.5894232771184676,64.9038795197446,0.021028523839267125,71.02852383926712,0.2810323137888431,25.54358748561367,0.7810824484697064,69.52706121174266
20220516,38.69,fear,-0.1305777178796642,0.0,0.4598084131611828,43.301402193530464,0.01790920449812578,67.90920449812579,0.28053132288719984,25.729139671407466,0.2608454394002499,56.52113598500625
20220517,33.65,fear,-0.11842682096584933,0.0,0.4147254575707155,35.78757626178591,0.009151414309484192,59.151414309484196,0.2804995375789232,25.740912007806216,-0.09689170133111483,47.57770746672213
20220518,45.97,neutral,-0.1201807008671576,0.0,0.5949656750572082,65.82761250953469,0.02017890576242979,70.17890576242979,0.2804860422566262,25.745910275323624,0.7233189515290201,68.0829737882255
20220519,45.15,neutral,-0.11720663895326666,0.0,0.5793204085887013,63.22006809811687,0.01855326245570148,68.55326245570149,0.28061187943547344,25.699303912787613,0.7318857410881802,68.29714352720451
20220520,52.62,neutral,-0.09868341472184494,0.0,0.7454242928452579,90.90404880754298,0.018926788685524124,68.92678868552412,0.28965803875688695,22.348874534486313,1.2373458194675542,80.93364548668886
20220523,53.71,neutral,-0.10257972439518437,0.0,0.7343717549325026,89.06195915541709,0.022429906542056073,72.42990654205607,0.2850159234990667,24.06817648182715,1.3189832606438212,82.97458151609554
20220524,13.17,extreme fear,-0.1221363296325838,0.0,0.06316226885518388,0.0,-0.006440889258258881,43.55911074174112,0.28977688948190505,22.30485574744256,-4.087010513193435,0.0
20220525,58.0,greed,-0.11539696532421118,0.0,0.8467775467775468,100.0,0.02079002079002079,70.79002079002079,0.29020449096542106,22.146484827621833,1.8824597505197507,97.06149376299376
20220526,46.53,neutral,-0.1117970921466831,0.0,0.5773858921161825,62.89764868603041,0.012448132780082987,62.448132780082986,0.22453691249809213,46.46781018589179,0.4339815145228216,60.84953786307054
20220527,39.81,fear,-0.1086344906577491,0.0,0.3995021779713752,33.250362995229196,0.016179215930304917,66.1792159303049,0.22113636830004552,47.72727099998314,0.07540576883170781,51.885144220792704
20220530,54.11,neutral,-0.10108013734384236,0.0,0.6247666459240822,70.79444098734702,0.020120306990250986,70.12030699025098,0.19856395099846824,56.08742555612287,0.9416323584318605,73.54080896079651
20220531,57.51,greed,-0.0857962644507343,0.0,0.7038724373576309,83.97873955960513,0.019672810105611928,69.67281010561194,0.20390377213802835,54.10971402295246,1.191135141851315,79.77837854628287
20220601,51.56,neutral,-0.08630396802846307,0.0,0.5832642916321458,63.877381938690945,0.01615575807787904,66.15575807787904,0.1868320789001531,60.43256337031366,0.6933988400994202,67.33497100248552
20220602,56.59,greed,-0.08351687747773451,0.0,0.6238873939143035,70.64789898571723,0.02525357068929828,75.25357068929827,0.18662781314935692,60.50821735209003,1.061453094597392,76.53632736493479
20220606,65.76,greed,-0.06514516099425238,0.0,0.7836945304437565,97.28242174062606,0.02063983488132095,70.63983488132094,0.1687882784447548,67.11545242786859,1.7500131296449215,93.75032824112304
20220607,37.27,fear,-0.06107039601967157,0.0,0.32955014444903014,21.59169074150502,0.008666941807676435,58.66694180767643,0.16346689787661764,69.08633411977124,-0.5200946347503095,36.997634131242265
20220608,41.01,fear,-0.05085243418452012,0.0,0.35758450123660346,26.2640835394339,0.012984336356141796,62.98433635614179,0.162821938839341,69.32520783728111,-0.14184336356141797,46.45391591096455
20220609,24.88,extreme fear,-0.05966955347092984,0.0,0.15474963939831032,0.0,0.003915104059344736,53.915104059344735,0.16511123889390136,68.47731892818467,-1.9198919225221514,2.0027019369462162
20220610,67.65,greed,-0.04436928827960562,5.6307117203943795,0.8296601441812564,100.0,0.023892893923789908,73.8928939237899,0.16880196016667232,67.1103851234547,1.6644176519052523,91.61044129763131
20220613,48.56,neutral,-0.05442309236286014,0.0,0.5020584602717167,50.34307671195278,0.018526142445450804,68.5261424454508,0.17632256095442164,64.32497742428828,0.3836654178674352,59.59163544668588
20220614,44.67,fear,-0.04581462237650258,4.185377623497424,0.4219426685914622,36.990444765243694,0.01484842235512477,64.84842235512478,0.1726956712063584,65.66826992357096,0.06667500515570221,51.666875128892556
20220615,45.99,neutral,-0.032105418106877726,17.89458189312228,0.4376930998970134,39.615516649502226,0.009680741503604531,59.68074150360453,0.17325538063011325,65.46097013699509,-0.1082530587023687,47.293673532440785
20220616,56.79,greed,-0.03730450758242143,12.695492417578572,0.6224742268041237,70.4123711340206,0.016082474226804123,66.08247422680414,0.1752099053828038,64.73707208044303,0.8012260206185567,70.03065051546392
20220617,53.87,neutral,-0.02272765260167009,27.27234739832991,0.48855905998763144,48.09317666460523,0.018140589569160998,68.140589569161,0.17915313677752429,63.27661600832433,0.5019451659451659,62.54862914862915
20220620,65.65,greed,-0.01654170285767609,33.458297142323914,0.6705809641532756,78.4301606922126,0.021219612690564483,71.21961269056449,0.16941360427502125,66.88385026851064,1.1304359497321799,78.2608987433045
20220621,45.77,neutral,-0.016343230791642127,33.65676920835787,0.35812899237585,26.35483206264166,0.01071502163610138,60.715021636101376,0.1669688329060006,67.7893211459257,-0.38713713167113123,40.32157170822172
20220622,37.35,fear,-0.02739872737839133,22.601272621608672,0.1999587713873428,0.0,0.017728303442589157,67.72830344258915,0.1474785276306903,75.00795272937395,-1.1426836528550814,21.432908678622965
20220623,78.34,extreme greed,-0.009441563083373405,40.5584369166266,0.8313701177929325,100.0,0.03037817730936144,80.37817730936145,0.1547740655908201,72.30590163302959,1.9377225253151475,98.44306313287869
20220624,70.02,greed,0.0032826501165812427,53.282650116581245,0.6316766343575995,71.94610572626657,0.025778511033202722,75.77851103320272,0.1567228381237403,71.58413402824434,1.1003472468550217,77.50868117137554
20220627,69.08,greed,0.01567637752634088,65.67637752634087,0.5707488622258998,61.791477037649955,0.025237898220935043,75.23789822093504,0.15795027909955173,71.12952625942529,0.8617613777410013,71.54403444352504
20220628,81.75,extreme greed,0.02711859595590238,77.11859595590238,0.7506719040727724,91.77865067879537,0.031837916063675836,81.83791606367583,0.15890286282157093,70.77671747349224,1.4902618978705808,87.25654744676451
20220629,35.06,fear,0.012149894624130742,62.14989462413074,0.16211180124223604,0.0,-0.003312629399585921,46.687370600414084,0.17049405486699537,66.48368338259431,-2.0564576604554867,0.0
20220630,69.43,greed,0.02752800980312431,77.5280098031243,0.5828843762950684,63.81406271584472,0.018648984666390384,68.64898466639038,0.17281736016611335,65.62319993847653,0.8615745077720207,71.53936269430052
20220701,55.44,greed,0.024177518974817014,74.17751897481702,0.40028991509629325,33.38165251604887,0.00807620625388279,58.07620625388279,0.17534416226130764,64.68734731062679,-0.125541975564299,46.861450610892526
20220704,67.9,greed,0.0317553695704158,81.75536957041581,0.5308155218925088,55.13592031541812,0.018883585806183857,68.88358580618387,0.1673885288815913,67.63387819200321,0.6430260634986512,66.07565158746628
20220705,49.61,neutral,0.031082949428426154,81.08294942842616,0.262077545096413,10.346257516068832,0.008708272859216255,58.70827285921626,0.16844120377994723,67.24399860001954,-0.773666991499067,30.658325212523323
20220706,46.87,neutral,0.016949804196361606,66.94980419636161,0.2747047855811063,12.450797596851043,0.011187072715972654,61.187072715972654,0.17861473169205502,63.47602529923888,-0.7892387404184794,30.269031489538012
20220707,66.77,greed,0.02239676417395975,72.39676417395975,0.540898736798509,56.81645613308481,0.02112238558707807,71.12238558707807,0.17206642920149243,65.90132251796577,0.7042493891074757,67.6062347276869
20220708,62.17,greed,0.019869753724601313,69.86975372460131,0.5303249844752639,55.05416407921063,0.012833781825708962,62.833781825708954,0.1674168319813955,67.6233955624461,0.21911132270751393,55.477783067687845
20220711,44.88,fear,0.003839405391762085,53.839405391762085,0.2973700559121971,16.228342652032847,0.008904535100434874,58.90453510043487,0.17381589610531356,65.25337181284684,-0.7937469662455995,30.15632584386001
20220712,35.6,fear,-0.004460951383036482,45.53904861696352,0.21155040364313807,1.9250672738563426,0.004967915545435727,54.96791554543573,0.17686852989434898,64.12276670579666,-1.542199068515835,11.445023287104123
20220713,69.9,greed,-0.0015515398605878694,48.448460139412134,0.7021937086092715,83.6989514348786,0.0209023178807947,70.90231788079471,0.17104595724843163,66.27927509317345,1.2066003932119207,80.16500983029802
20220714,61.36,greed,-0.0004011442993655523,49.598855700634445,0.5389543294069022,56.49238823448369,0.015912378590617896,65.91237859061789,0.16897630018920853,67.04581474473758,0.7108429427567678,67.77107356891919
20220715,32.84,fear,-0.016374073797432165,33.62592620256783,0.20959073997519637,1.5984566625327257,0.00413393964448119,54.13393964448119,0.1730286954945286,65.54492759461903,-1.6281508681273253,9.296228296816867
20220718,77.64,extreme greed,-0.0051974285114159136,44.802571488584086,0.8505367464905037,100.0,0.029108175061932286,79.1081750619323,0.17638712934639939,64.30106320503725,2.4235600949628404,100.0
20220719,66.11,greed,-0.009529251628296764,40.47074837170324,0.6841345161955849,80.68908603259746,0.019599752424179905,69.5997524241799,0.17728264230486945,63.96939173893724,1.0324116154322263,75.81029038580566
20220720,65.6,greed,-0.005225053160003101,44.7749468399969,0.6466460268317853,74.4410044719642,0.018988648090815272,68.98864809081526,0.17182432774439302,65.99098972429888,0.9513874097007223,73.78468524251805
20220721,46.51,neutral,-0.015197141276419024,34.802858723580975,0.33044196612969845,21.74032768828307,0.01466336224700537,64.66336224700538,0.1639972016434854,68.88992531722762,-0.30147437009500205,42.46314074762495
20220722,49.06,neutral,-0.013723247311491216,36.276752688508786,0.39195046439628484,31.991744066047467,0.010732714138286893,60.732714138286894,0.1569604498740061,71.49612967629403,-0.20699861713106293,44.82503457172343
20220725,42.02,fear,-0.01873915046801289,31.260849531987112,0.3068181818181818,17.803030303030297,0.005991735537190083,55.99173553719008,0.1497649719208724,74.16112151078799,-0.7637412603305785,30.906468491735538
20220726,69.28,greed,-0.010013426838672235,39.98657316132777,0.7347906784904104,89.13177974840171,0.014435966178593523,64.43596617859352,0.14712282077524852,75.13969600916721,1.1078974427717054,77.69743606929264
20220727,64.71,greed,-0.013813593696330506,36.18640630366949,0.5825763831544178,63.7627305257363,0.022708505367464903,72.7085053674649,0.1396929615175794,77.89149573422985,0.9200073080099093,73.00018270024773
20220728,65.56,greed,-0.012642051511039809,37.35794848896019,0.6020218691974417,67.00364486624028,0.019806065607592325,69.80606560759232,0.12564835868823251,83.09320048583982,0.8209819475964514,70.52454868991128
20220729,44.44,fear,-0.024435155169659217,25.564844830340782,0.28680412371134023,14.467353951890036,0.01360824742268041,63.60824742268041,0.13075805133149102,81.2007217290774,-0.5064578144329897,37.33855463917526
20220801,60.67,greed,-0.019004927464334576,30.995072535665425,0.5258496395468589,54.308273257809816,0.020803295571575696,70.80329557157569,0.12882853329190358,81.91535804003571,0.6135697425334707,65.33924356333677
20220802,28.35,fear,-0.03690199171955966,13.098008280440347,0.08376209096521918,0.0,0.0010290183165260341,51.029018316526034,0.14041430608318284,77.62433108030265,-3.8128338958633465,0.0
20220803,41.22,fear,-0.045198115631757796,4.801884368242207,0.3569224439415758,26.15374065692929,0.005965850648014812,55.965850648014815,0.136747431785002,78.98243267222148,-0.3914644106150998,40.21338973462251
20220804,68.2,greed,-0.035978318066770654,14.021681933229349,0.78070355893849,96.78392648974831,0.017074675992594116,67.07467599259411,0.14085576944664485,77.46082613087228,1.4267616539806625,85.66904134951656
20220805,68.17,greed,-0.02211189530731228,27.88810469268772,0.7157245632065776,85.95409386776294,0.020760534429599176,70.76053442959918,0.15391632179961154,72.62358451866238,1.345127995889003,83.62819989722507
20220808,70.0,greed,-0.02342663315340099,26.57336684659901,0.7217659137577002,86.96098562628336,0.026078028747433268,76.07802874743327,0.14525218665769493,75.83252346011298,1.3826037987679674,84.56509496919918
20220809,55.25,greed,-0.020610981146721996,29.389018853278003,0.45081125487779833,41.80187581296638,0.01889505031834052,68.89505031834051,0.14356163566458857,76.45865345755979,0.3891662148285069,59.729155370712675
20220810,53.59,neutral,-0.030668940858855187,19.331059141144816,0.4658040665434381,44.30067775723967,0.02012733620866708,70.12733620866707,0.14659517313019535,75.33512106289061,0.3551273362086671,58.878183405216674
20220811,70.5,greed,-0.010045919279995541,39.954080720004455,0.7580545864970244,93.00909774950405,0.018674327929406934,68.67432792940693,0.16750777822551688,67.58971176832708,1.3303965319105273,83.25991329776319
20220812,49.22,neutral,-0.009771183318570853,40.228816681429144,0.40730106644790814,34.550177741318016,0.010049220672682527,60.04922067268252,0.15709300498063455,71.44703519235757,-0.4062178219852338,39.84455445036915
20220815,57.93,greed,-0.010286500141374999,39.713499858625,0.47238760008211866,45.39793334701977,0.019092588790802712,69.09258879080271,0.15161783819908753,73.4748747410787,0.4794707246971875,61.98676811742969
20220816,62.85,greed,-0.011441762002032063,38.558237997967936,0.5806517729042837,63.441962150713934,0.019061283049805287,69.06128304980528,0.15083628911609132,73.76433736441062,0.7767314818610371,69.41828704652593
20220817,59.14,greed,-0.00146060795665226,48.53939204334774,0.5115754968244213,51.92924947073687,0.015365703749231716,65.36570374923171,0.15460769592418472,72.36752002807972,0.29921657447244415,57.48041436181111
20220818,55.65,greed,-0.00936676275681858,40.63323724318142,0.40614124872057317,34.356874786762184,0.02313203684749232,73.13203684749232,0.15268498232051872,73.07963617758566,0.2811059160696009,57.02764790174002
20220819,37.86,fear,-0.015353029182249345,34.646970817750656,0.24769891593372878,7.949819322288127,0.005318060953160155,55.318060953160156,0.1542369095806498,72.50484830346304,-1.2450411536101451,18.87397115974637
20220822,62.12,greed,-0.007275303485623774,42.72469651437623,0.5957881823757922,65.96469706263203,0.012880801472091597,62.8808014720916,0.1557139713548158,71.95778838710527,0.6833930484563484,67.08482621140871
20220823,57.37,greed,-0.011209449761822587,38.79055023817741,0.48956628477905073,48.26104746317511,0.016775777414075287,66.77577741407528,0.15333229975098772,72.83988898111565,0.4067017389525368,60.167543473813424
20220824,26.47,fear,-0.028994256644533256,21.00574335546675,0.08765835717204741,0.0,-0.006947282386595831,43.05271761340417,0.16565323826798814,68.27657841926364,-2.9836392601675863,0.0
20220825,46.08,neutral,-0.020005064646620885,29.994935353379116,0.42594484167517876,37.657473612529785,0.005107252298263535,55.10725229826353,0.1693103946144979,66.92207606870448,-0.37036584269662925,40.74085393258427
20220826,42.69,fear,-0.021288732089276396,28.711267910723603,0.35791624106230846,26.319373510384736,0.0026557711950970387,52.65577119509703,0.16345833530774823,69.08950544157473,-0.5329127885597549,36.67718028600613
20220829,59.46,greed,-0.02468394065500812,25.31605934499188,0.6192613752295449,69.87689587159082,0.013262599469496022,63.26259946949603,0.16276853056953003,69.34498867795183,0.779388349316466,69.48470873291164
20220830,47.45,neutral,-0.02701861112625048,22.981388873749523,0.45348837209302323,42.24806201550386,0.004487964096287229,54.48796409628722,0.1480579515140228,74.79335129110267,-0.2904293145654835,42.73926713586291
20220831,27.97,fear,-0.025284566556227683,24.71543344377232,0.1430317848410758,0.0,-0.011206193969030154,38.793806030969854,0.14383705702892433,76.35664554484285,-2.552452485737571,0.0
20220901,43.35,fear,-0.03268343623547543,17.316563764524577,0.3611733550621308,26.86222584368846,0.005907516805866776,55.90751680586678,0.1435383268515736,76.46728635126902,-0.39124013037278466,40.21899674068038
20220902,66.22,greed,-0.03652438054215357,13.475619457846436,0.7340663815923437,89.01106359872392,0.01486458969659947,64.86458969659947,0.1340118232210474,79.9956210292417,1.3492441050702506,83.73110262675627
20220905,52.9,neutral,-0.03759794223021273,12.40205776978727,0.5230048859934854,53.834147665580886,0.011197068403908795,61.197068403908794,0.13400742451863987,79.99725017828153,0.2829514861563518,57.073787153908796
20220906,67.81,greed,-0.02820503897254345,21.79496102745655,0.741659886086249,90.27664768104148,0.015866558177379985,65.86655817737999,0.1388970622003163,78.1862732591421,1.3167726606997558,82.9193165174939
20220907,54.03,neutral,-0.027164163246332862,22.83583675366714,0.47019328585961345,45.03221430993556,0.012817904374364192,62.8179043743642,0.13389615671610489,80.0384604755167,0.37728085452695825,59.43202136317396
20220908,39.82,fear,-0.030963525124847457,19.036474875152546,0.2336448598130841,5.607476635514016,0.008126777732629013,58.12677773262901,0.10878734132767333,89.33802173049136,-0.920193254774482,26.99516863063795
20220909,54.21,neutral,-0.017123162607438958,32.87683739256104,0.48963835839089803,48.27305973181633,0.006095083299471759,56.09508329947176,0.12235073316611984,84.31454327180747,-0.01994205607476635,49.50144859813084
20220913,58.17,greed,-0.012592505573278068,37.40749442672193,0.5242541100060889,54.04235166768147,0.0079155672823219,57.9155672823219,0.12382549986273665,83.76833338417161,0.30829447827852213,57.707361956963055
20220914,40.57,fear,-0.02337677254466408,26.62322745533592,0.23761169780666125,6.268616301110205,0.006498781478472786,56.49878147847278,0.1290690763180996,81.82626803033348,-0.734602335499594,31.634941612510147
20220915,28.47,fear,-0.03264379461214684,17.356205387853166,0.13986582638747713,0.0,-0.008131734092295182,41.868265907704824,0.12558817666439565,83.1154901242979,-2.3280254726570444,0.0
20220916,25.31,fear,-0.054922591348045224,0.0,0.1385334145846029,0.0,0.00060938452163315,50.609384521633146,0.14499331377061433,75.92840230717988,-2.2331514117408084,0.0
20220919,30.12,fear,-0.05548550327466262,0.0,0.23370558375634518,5.617597292724193,0.00040609137055837644,50.40609137055837,0.14435784399484636,76.16376148339023,-1.263736994923858,18.40657512690355
20220920,65.5,greed,-0.053716367022217826,0.0,0.7807996752587781,96.799945876463,0.015425208037345242,65.42520803734526,0.14031792675373866,77.66002712824493,1.5039205195859549,87.59801298964886
20220921,53.19,neutral,-0.06007615679001799,0.0,0.6060421735604218,67.67369559340362,0.009935117599351177,59.93511759935117,0.14104703504437469,77.38998702060196,0.4374931467964314,60.937328669910784
20220922,40.16,fear,-0.06766350208995131,0.0,0.32123301561549383,20.2055026025823,0.008314743459744473,58.31474345974447,0.13022831821662217,81.39691917902883,-0.3649360981545326,40.876597546136686
20220923,26.52,fear,-0.07011996549224886,0.0,0.11780210867802109,0.0,-0.0012165450121654504,48.78345498783455,0.12366288475099409,83.82856120333552,-2.092689355231143,0.0
20220926,28.9,fear,-0.07404407529477941,0.0,0.18833535844471447,0.0,0.005670311867152693,55.67031186715269,0.12374409990442542,83.79848151687948,-1.7992312069663832,5.019219825840421
20220927,69.72,greed,-0.06010887295919787,0.0,0.8856738162687171,100.0,0.02043707001214083,70.43707001214084,0.13892120726219429,78.17733064363173,2.3846203966005666,100.0
20220928,25.17,fear,-0.07489165180601787,0.0,0.08859223300970874,0.0,0.0008090614886731391,50.80906148867314,0.14744552295485894,75.02017668338557,-2.5669975525889965,0.0
20220929,36.76,fear,-0.07472104341200225,0.0,0.3320525783619818,22.008763060330296,-0.00020222446916076837,49.79777553083923,0.14710398862071064,75.14667088121828,-0.5263718907987867,36.84070273003034
20220930,31.09,fear,-0.07930238817638169,0.0,0.26061463809138696,10.102439681897824,0.00040436716538617187,50.40436716538618,0.1460585280055928,75.53387851644712,-1.2239865143550344,19.40033714112414
20221010,23.4,extreme fear,-0.09874089521615359,0.0,0.17057396928051738,0.0,-0.008084074373484237,41.91592562651576,0.16095963677906058,70.01494934108867,-1.7973905214227972,5.06523696443007
20221011,52.54,neutral,-0.09614531508450841,0.0,0.611032531824611,68.5054219707685,0.010103051121438675,60.103051121438675,0.16211214435100726,69.58809468481212,0.5792422711658921,64.48105677914731
20221012,68.53,greed,-0.08156238188766096,0.0,0.9185858585858586,100.0,0.02585858585858586,75.85858585858585,0.1696548549604071,66.79449816281218,2.7656434747474745,100.0
20221013,57.12,greed,-0.0884319007716633,0.0,0.6480322906155399,74.67204843592332,0.01735620585267407,67.35620585267407,0.16983811401384838,66.72662443931542,1.0730669021190717,76.82667255297679
20221014,67.56,greed,-0.0659143465495422,0.0,0.9106674732809034,100.0,0.0308529945553539,80.8529945553539,0.19626934652863662,56.93727906346792,2.30770602944142,100.0
20221017,65.09,greed,-0.06449455181096497,0.0,0.7949959644874899,99.16599408124829,0.02602905569007264,76.02905569007264,0.18720325011079053,60.29509255155906,1.5983884987893462,89.95971246973366
20221018,45.93,neutral,-0.06585450728423825,0.0,0.439629107034872,39.938184505811996,0.01894779278371296,68.94779278371296,0.18527593965092728,61.008911240397296,0.39058472082241485,59.76461802056037
20221019,30.69,fear,-0.08022851465266312,0.0,0.21103503826016914,1.8391730433615219,0.011679420056383406,61.67942005638341,0.18883059949503497,59.69237055739445,-0.7904425090616191,30.23893727345952
20221020,38.16,fear,-0.08471210296461495,0.0,0.36490026193834374,27.48337698972395,0.009671569615152125,59.67156961515213,0.18778063718935326,60.081245485424716,-0.25740124924440866,43.564968768889784
20221021,44.11,fear,-0.08685154187582655,0.0,0.44813695871097686,41.3561597851628,0.010473313192346425,60.473313192346424,0.17225760481693456,65.83051673446869,0.11548572004028196,52.887143001007054
20221024,25.69,fear,-0.11264777280427474,0.0,0.2052366565961732,0.8727760993622,0.003826787512588117,53.82678751258811,0.19669635840625574,56.77912651620157,-1.3203272708962739,16.991818227593154
20221025,36.58,fear,-0.11321415501452836,0.0,0.3812688821752266,30.211480362537756,0.004028197381671702,54.0281973816717,0.19598333092663092,57.04321076791447,-0.3353839274924471,41.61540181268882
20221026,65.82,greed,-0.10529080684545444,0.0,0.8172670557456229,100.0,0.02354598510766754,73.54598510766755,0.20007015029055214,55.529573966462166,2.0827205675186153,100.0
20221027,38.81,fear,-0.11095821666895833,0.0,0.44978868987723886,41.63144831287314,0.0038237069832964387,53.82370698329644,0.19950903657512337,55.737393861065414,-0.2847803179714229,42.88049205071442
20221028,17.15,extreme fear,-0.13214620188264958,0.0,0.07880981101728991,0.0,-0.014676316847607559,35.32368315239244,0.2138025956781914,50.44348308215132,-3.4823163449939685,0.0
20221031,53.94,neutral,-0.13962519050355104,0.0,0.6594290309609971,76.57150516016617,0.014676316847607559,64.67631684760757,0.21454288669461632,50.16930122421616,1.130819722557298,78.27049306393246
20221101,62.65,greed,-0.10859633319196726,0.0,0.8947368421052632,100.0,0.026114905584572117,76.11490558457213,0.2497344459781864,37.135390378449486,2.516748171956609,100.0
20221102,56.65,greed,-0.09750854991750257,0.0,0.737540192926045,89.59003215434083,0.022709003215434082,72.70900321543408,0.25038714367972653,36.89365048899017,1.361833862540193,84.04584656350482
20221103,42.21,fear,-0.10436738922178579,0.0,0.5169780992565802,52.82968320943002,0.010648985332529637,60.648985332529634,0.25128017730217367,36.562897295491226,0.4393540285312437,60.98385071328109
20221104,57.58,greed,-0.0746295231816485,0.0,0.8419678714859438,100.0,0.019277108433734938,69.27710843373494,0.27967081358123497,26.04784682176482,1.7023073493975907,92.55768373493977
20221107,47.22,neutral,-0.07220600801220212,0.0,0.6267308850090307,71.12181416817178,0.016054585591009432,66.05458559100943,0.2676893936559821,30.485409757043655,0.7384795103351395,68.46198775837848
20221108,34.02,fear,-0.07829971804849811,0.0,0.3930508134163487,32.175135569391436,0.009037959429604338,59.037959429604335,0.2690535659265838,29.98016076793192,-0.04378431411930107,48.90539214701747
20221109,35.77,fear,-0.08662415623755892,0.0,0.40658238009231384,34.4303966820523,0.011037527593818985,61.037527593818986,0.26526731054450353,31.382477576109807,0.08082207505518765,52.02055187637969
20221110,31.98,fear,-0.09323498412587894,0.0,0.3576012835940634,26.266880599010562,0.013036502206177298,63.0365022061773,0.26502678464101903,31.471561244067033,-0.43527362615322907,39.11815934616927
20221111,42.83,fear,-0.06761107436247293,0.0,0.5667067307692307,61.117788461538446,0.01282051282051282,62.82051282051282,0.27022783392492067,29.545246694473832,0.4273703125,60.6842578125
20221114,35.31,fear,-0.06593520954103327,0.0,0.40220440881763525,33.7007348029392,0.015831663326653308,65.83166332665331,0.2702674837217913,29.530561584521735,-0.09962402805611222,47.509399298597195
20221115,60.53,greed,-0.04799025595311579,2.0097440468842125,0.8533947526537152,100.0,0.02543560985379531,75.4356098537953,0.27886884997479566,26.344870379705313,1.954555597836972,98.8638899459243
20221116,32.83,fear,-0.0555403401733654,0.0,0.3967967967967968,32.79946613279946,0.007607607607607607,57.607607607607605,0.2739971454752768,28.149205379527103,-0.17564554554554554,45.60886136136136
20221117,43.17,fear,-0.059066687775889526,0.0,0.5568682418902683,59.4780403150447,0.015818982779335203,65.8189827793352,0.2735377936521868,28.319335684375275,0.48980542651181413,62.24513566279535
20221118,26.45,fear,-0.0629274690479773,0.0,0.2638,10.633333333333326,0.0106,60.6,0.2738331160903532,28.20995700357288,-0.6880144,32.79964
20221121,42.17,fear,-0.07050178643896943,0.0,0.5123950419832067,52.06584033053444,0.013594562175129948,63.594562175129944,0.25259622229847495,36.07547322278706,0.36426397441023595,59.1065993602559
20221122,23.41,extreme fear,-0.06982658532997699,0.0,0.232414068745004,5.4023447908339985,0.005195843325339729,55.19584332533972,0.25234342780598384,36.16910081259858,-1.1887411870503597,20.281470323741008
20221123,29.37,fear,-0.06833460772898325,0.0,0.33806477409036384,23.0107956817273,0.0031987205117952828,53.19872051179529,0.25133141916356805,36.54391882830813,-0.6355702319072372,34.11074420231907
20221124,42.09,fear,-0.07209196281733676,0.0,0.5293647622852576,54.89412704754293,0.009988014382740712,59.98801438274071,0.2502964313052833,36.927247664709896,0.3451253895325609,58.62813473831402
20221125,29.25,fear,-0.06702458832486546,0.0,0.30371405750798725,17.285676251331203,0.005191693290734824,55.191693290734825,0.22988320529415635,44.48770174290505,-0.8276130391373804,29.309674021565492
20221128,31.6,fear,-0.0770605355523486,0.0,0.299860251547215,16.643375257869163,0.00798562587342783,57.98562587342783,0.2314755251960772,43.89795363108251,-0.4204812537432621,39.487968656418445
20221129,63.83,greed,-0.04829775926377877,1.7022407362212304,0.837455125648185,100.0,0.024531312325488632,74.53131232548863,0.22281592273109885,47.10521380329672,1.8324738731551655,95.81184682887913
20221130,38.12,fear,-0.04682485287731808,3.1751471226819232,0.37966101694915255,29.943502824858754,0.011166500498504487,61.16650049850448,0.22028494611151422,48.04261255129103,-0.06914536390827518,48.27136590229312
20221201,54.28,neutral,-0.03612571048618929,13.874289513810714,0.6425582785415421,73.75971309025701,0.013747758517632994,63.74775851763299,0.21851393368204539,48.69854308072392,0.8537332934847578,71.34333233711895
20221202,52.57,neutral,-0.04161819622262897,8.381803777371037,0.600597609561753,66.76626826029216,0.012549800796812748,62.54980079681274,0.19113677513567937,58.83823143122986,0.6526755776892429,66.31688944223107
20221205,58.73,greed,-0.022543416681444883,27.45658331855512,0.6707195535180387,78.45325891967309,0.013753238987442695,63.75323898744269,0.2017701336027181,54.89995051751181,0.7631535379708989,69.07883844927247
20221206,41.0,fear,-0.016877512350754076,33.122487649245926,0.3333997608609008,22.233293476816794,0.0039856516540454365,53.98565165404543,0.1990502617911055,55.9073104477387,-0.40903632921482674,39.77409176962933
20221207,47.18,neutral,-0.018865661119319976,31.134338880680023,0.40127515441322975,33.54585906887162,0.011755329746961547,61.75532974696154,0.19487823947021318,57.452503899921034,0.08110183303446902,52.02754582586172
20221208,42.84,fear,-0.018175110934022132,31.824889065977867,0.33525781405534544,22.542969009224233,0.009157873780609197,59.157873780609194,0.1909711410052566,58.899577405460505,-0.32879145928727854,41.78021351781804
20221209,49.08,neutral,-0.008138511069231802,41.861488930768196,0.3855182017107619,30.91970028512698,0.009349512631788345,59.34951263178835,0.17024547966602158,66.57574827184385,-0.1315933757708375,46.71016560572907
20221212,47.11,neutral,-0.01869635518903956,31.303644810960442,0.4009143311468893,33.48572185781487,0.01212482607831445,62.124826078314456,0.1773109588239303,63.95890413928507,-0.21345138143510237,44.66371546412244
20221213,46.76,neutral,-0.02014888573017337,29.851114269826628,0.39864864864864863,33.1081081081081,0.011923688394276629,61.923688394276624,0.16614912663141237,68.09291606243985,-0.36691989268680447,40.827002682829885
20221214,46.25,neutral,-0.017341033873022882,32.65896612697712,0.37882399682161305,29.803999470268838,0.006158124751688518,56.15812475168852,0.16254421689955426,69.4280678149799,-0.2713240564163687,43.21689858959078
20221215,55.49,greed,-0.01742373332806979,32.57626667193021,0.5537026007544174,58.95043345906955,0.007544173118919992,57.54417311891999,0.16141364150213944,69.84679944365206,0.3418420289855072,58.54605072463768
20221216,38.86,fear,-0.016288340774569532,33.711659225430466,0.26284467367585795,10.474112279309654,0.007538186867684982,57.538186867684985,0.15981139679704848,70.44022340850057,-1.1152992660186472,22.11751834953382
20221219,27.18,fear,-0.030662969564311804,19.3370304356882,0.10897181421198888,0.0,-0.000992457324335054,49.00754267566494,0.16753609890910334,67.57922262625802,-2.232602242953553,0.0
20221220,38.73,fear,-0.045695275923034684,4.304724076965319,0.43619765826552886,39.366276377588136,-0.002579876959714229,47.42012304028577,0.17952576015323052,63.138607350655356,-0.4230993847985712,39.42251538003572
20221221,32.95,fear,-0.044372965029406686,5.627034970593317,0.25933280381254964,9.888800635424937,0.004964257347100874,54.964257347100876,0.17953073833663752,63.13676357902314,-0.753698312152502,31.15754219618745
20221222,27.96,fear,-0.04217265402920267,7.827345970797331,0.16729435084241823,0.0,0.004162537165510407,54.16253716551041,0.1784636111038326,63.5319958874694,-1.429737938553023,14.256551536174427
20221223,40.63,fear,-0.04313693575019262,6.863064249807385,0.40665214808948724,34.4420246815812,0.005939417937042169,55.939417937042165,0.17815786756738153,63.64523423430313,-0.30865517719263513,42.28362057018412
20221226,65.02,greed,-0.038260054548791,11.739945451209003,0.739009900990099,89.83498349834983,0.017623762376237626,67.62376237623762,0.17265762900633175,65.68235962728454,1.6084631485148515,90.21157871287129
20221227,57.84,greed,-0.026073929889006586,23.926070110993418,0.5957278481012658,65.95464135021095,0.007911392405063292,57.91139240506329,0.13957124733533288,77.93657506098782,0.5379932753164557,63.44983188291139
20221228,35.63,fear,-0.029024718901422997,20.975281098577007,0.1916913946587537,0.0,0.00731948565776459,57.31948565776459,0.1405773413315189,77.563947654993,-1.1086479525222555,22.283801186943613
20221229,42.79,fear,-0.031580310257657285,18.41968974234272,0.3118577075098814,18.642951251646895,0.0071146245059288534,57.11462450592886,0.13549295889688615,79.44705226041253,-0.38759839920948613,40.31004001976285
20221230,61.11,greed,-0.026631259926075956,23.368740073924048,0.6557377049180327,75.95628415300544,0.010073079202054119,60.073079202054124,0.1345950111913209,79.77962548469597,0.655234366976101,66.38085917440253
20230103,78.78,extreme greed,-0.021402718654566555,28.597281345433444,0.8441327538522323,100.0,0.02805215329909127,78.05215329909126,0.11448595469172008,87.22742418825182,2.273640359541683,100.0
20230104,60.05,greed,-0.018940612097817056,31.059387902182944,0.5716824644549763,61.9470774091627,0.008688783570300158,58.68878357030016,0.11248084504963145,87.97005738902538,0.42435932069510274,60.60898301737757
20230105,64.08,greed,0.001170508408292914,51.17050840829292,0.5953791469194313,65.89652448657188,0.007898894154818327,57.89889415481832,0.1334226493630823,80.21383356922878,0.6082267772511849,65.20566943127962
20230106,53.02,neutral,0.005175008497503519,55.17500849750352,0.370260663507109,28.37677725118483,0.0059241706161137445,55.92417061611374,0.1338306555077892,80.0627201823003,-0.17782357819905212,45.5544105450237
20230109,66.88,greed,0.014194945720813479,64.19494572081348,0.5866429559375618,64.44049265626029,0.010472238688006322,60.47223868800632,0.1322920877377986,80.63256009711162,0.5860622801817823,64.65155700454456
20230110,56.08,greed,0.0161402989948789,66.1402989948789,0.35281342546890426,25.46890424481737,0.008489634748272459,58.48963474827246,0.12522014579968213,83.25179785196958,-0.1185317275419546,47.03670681145113
20230111,46.75,neutral,0.0149654741576708,64.9654741576708,0.20489538097118043,0.8158968285300697,0.005921831819976312,55.92183181997631,0.12518795528329021,83.26372026544806,-0.8480017370706673,28.79995657323332
20230112,59.7,greed,0.017558763735386895,67.55876373538689,0.446266297905966,41.04438298432766,0.005926511260371394,55.92651126037139,0.12513528945285302,83.28322612857295,0.02736090478071906,50.684022619517975
20230113,68.38,greed,0.03238670704224145,82.38670704224145,0.5751530713015999,62.52551188359997,0.006715386134702746,56.71538613470275,0.13344739293046118,80.20466928501438,0.4022956942524195,60.05739235631049
20230116,81.37,extreme greed,0.04889018619242802,98.89018619242802,0.7665876777251185,94.43127962085306,0.008886255924170616,58.88625592417062,0.14234514739273732,76.90920466935654,1.1102504936808848,77.75626234202213
20230117,63.55,greed,0.048943861692045676,98.94386169204567,0.38779138680363495,31.298564467272485,0.007111813512445674,57.11181351244568,0.12655394195254713,82.75779927683439,-0.09506683129197946,47.623329217700515
20230118,74.84,greed,0.04753216197824628,97.53216197824628,0.606042654028436,67.673775671406,0.006911532385466034,56.91153238546603,0.10531954209752929,90.62239181572988,0.45861565955766187,61.46539148894155
20230119,78.26,extreme greed,0.054290964963322974,100.0,0.6724580454096742,78.74300756827903,0.004935834155972358,54.935834155972366,0.10484044832515116,90.79983395364772,0.6737595261599211,66.84398815399803
20230120,81.72,extreme greed,0.06098481390017607,100.0,0.753257007500987,92.2095012501645,0.005132254243979471,55.132254243979474,0.10457968755966363,90.8964120149394,0.8140499605211212,70.35124901302802
20230130,87.74,extreme greed,0.06608845835128574,100.0,0.7548361626529807,92.47269377549678,0.020726411369917094,70.7264113699171,0.10182891362147928,91.91521717722989,1.3432585076983812,83.58146269245952
20230131,75.39,extreme greed,0.054974136191599854,100.0,0.5883514313919053,64.72523856531754,0.012438302073050345,62.438302073050345,0.11538705939481707,86.89368170562331,0.5148428035538005,62.871070088845016
20230201,89.71,extreme greed,0.06492726232836721,100.0,0.8606670613775409,100.0,0.019538188277087032,69.53818827708703,0.11375647838458498,87.49760059830186,1.661175014801658,91.52937537004145
20230202,69.64,greed,0.06131480469747563,100.0,0.45671465194241767,42.78577532373627,0.011634786038256755,61.63478603825675,0.11308180954596532,87.74747794593877,0.24084121475054232,56.02103036876356
20230203,64.98,greed,0.051462054941655566,100.0,0.3752959747434886,29.215995790581424,0.01006314127861089,60.063141278610885,0.11978686093536399,85.26412557949482,0.014341416732438831,50.358535418310964
20230206,59.68,greed,0.03785387938181062,87.85387938181061,0.36252465483234714,27.087442472057848,0.008678500986193294,58.67850098619329,0.13381097558616134,80.07000904216247,-0.21059806706114398,44.735048323471396
20230207,75.48,extreme greed,0.0398820983145558,89.8820983145558,0.666403785488959,77.73396424815982,0.012026813880126183,62.026813880126184,0.1337352720467495,80.09804739009277,0.7064692034700315,67.66173008675078
20230208,54.79,neutral,0.03552365092863474,85.52365092863474,0.27287066246056785,12.145110410094638,0.008675078864353314,58.67507886435332,0.1360066771712257,79.25678623287936,-0.4658991324921135,38.35252168769716
20230209,85.99,extreme greed,0.04937300221183394,99.37300221183393,0.8303782505910166,100.0,0.013199369582348306,63.19936958234831,0.12739692904591562,82.44558183484607,1.3966736012608352,84.91684003152088
20230210,62.87,greed,0.043053930875331936,93.05393087533193,0.4317510340752413,38.625172345873544,0.003545400827260193,53.545400827260195,0.13040322085025588,81.33214042583116,-0.08845599763639944,47.788600059090015
20230213,80.54,extreme greed,0.05242962557809183,100.0,0.6912170145726664,81.86950242877772,0.013588026782197716,63.588026782197716,0.13109574955911546,81.07564831143871,1.0464818432453722,76.1620460811343
20230214,65.99,greed,0.0528903862716914,100.0,0.44407246947617174,40.67874491269528,0.0061047656557699885,56.104765655769995,0.13115455884634855,81.05386709394497,0.08362715636077195,52.090678909019296
20230215,66.39,greed,0.04745572885339544,97.45572885339544,0.4268556802520181,37.80928004200301,0.010435125024611143,60.435125024611146,0.1328576782526495,80.42308212864833,0.23272679661350656,55.81816991533767
20230216,44.24,fear,0.03991692883776299,89.91692883776298,0.0999213217938631,0.0,0.002163650668764752,52.16365066876475,0.1364082254641129,79.10806464292114,-2.1666178599527934,0.0
20230217,54.83,neutral,0.025090120700672625,75.09012070067263,0.3723948092803775,28.732468213396245,0.004325599685410932,54.32559968541093,0.1375880778136047,78.67108229125752,-0.506515532835234,37.33711167911915
20230220,82.06,extreme greed,0.05036789815320519,100.0,0.7858125368441737,97.63542280736229,0.009432108469247396,59.4321084692474,0.15407292539298667,72.5655831877827,1.2269664570642562,80.6741614266064
20230221,69.87,greed,0.05322876734495474,100.0,0.5776031434184676,62.933857236411264,0.004322200392927308,54.322200392927314,0.1543540803686564,72.46145171531245,0.38507251473477405,59.62681286836935
20230222,63.3,greed,0.04389041234963553,93.89041234963554,0.4430479183032207,40.50798638387011,0.006284367635506678,56.28436763550667,0.15766398468171708,71.23556122899367,0.18309448153967006,54.57736203849175
20230223,58.54,greed,0.043207915503330696,93.2079155033307,0.36233307148468186,27.055511914113637,0.0056952081696779264,55.695208169677926,0.15580883531640555,71.92265358651646,-0.20729353888452476,44.817661527886884
20230224,55.15,greed,0.032705662895083476,82.70566289508348,0.34708308780200353,24.513847967000583,0.0033392260852484774,53.33922608524847,0.15737502222779784,71.34258436007488,-0.24588764486348455,43.85280887841289
20230227,46.81,neutral,0.028616574625746072,78.61657462574607,0.20762129247692004,1.2702154128200054,0.003928501276762915,53.92850127676291,0.1559384567173579,71.87464566023782,-0.8650222353172264,28.37444411706934
20230228,75.61,extreme greed,0.03530392614280431,85.30392614280431,0.7508344786962498,91.80574644937495,0.005497741998821913,55.497741998821915,0.15494589699294584,72.24226037298303,0.9272910268996661,73.18227567249164
20230301,76.46,extreme greed,0.0500444023994,100.0,0.6828263002944063,80.4710500490677,0.009224730127576056,59.22473012757605,0.15998517009062563,70.37586292939791,0.8886317566241412,72.21579391560353
20230302,57.36,greed,0.04779506448867887,97.79506448867888,0.3356876594074946,22.614609901249096,0.00529723366686286,55.297233666862866,0.15975680879490017,70.46044118707401,-0.37540835785756327,40.614791053560914
20230303,63.05,greed,0.05095262634324871,100.0,0.4364456649666536,39.40761082777559,0.004315417810906238,54.31541781090624,0.15684332136939522,71.5395106039277,-0.0007645743428795641,49.98088564142801
20230306,64.04,greed,0.045487223030843404,95.48722303084341,0.4544028240831536,42.400470680525586,0.00451068837026868,54.51068837026868,0.1503947109576035,73.92788483051721,0.15531841537556382,53.8829603843891
20230307,41.24,fear,0.030303773158734337,80.30377315873434,0.08725490196078431,0.0,0.0045098039215686276,54.509803921568626,0.15929704716319534,70.6307232728906,-1.9693312156862741,0.7667196078431471
20230308,72.34,greed,0.026667658764569113,76.66765876456911,0.6996667320133307,83.27778866888845,0.008821799647128014,58.82179964712802,0.159067731831234,70.71565487732074,0.8895729268770828,72.23932317192707
20230309,61.14,greed,0.023155782788035095,73.1557827880351,0.46197569580556647,43.662615967594405,0.008232065856526851,58.23206585652685,0.15058538637594082,73.8572643052071,0.2708294002352019,56.77073500588005
20230310,40.91,fear,0.009968099081539394,59.96809908153939,0.14615987460815047,0.0,0.004506269592476489,54.506269592476485,0.1555749281741982,72.00928586140807,-1.2783422413793104,18.04144396551724
20230313,59.84,greed,0.020619121421721287,70.61912142172129,0.45840673321589354,43.067788869315585,0.008612252887062048,58.61225288706204,0.15693051502870276,71.50721665603601,0.21549802309649638,55.38745057741241
20230314,42.02,fear,0.014591544103193854,64.59154410319385,0.18841713950303268,0.0,0.0031305028370181955,53.1305028370182,0.15748012417300744,71.30365771370094,-1.1561356486010566,21.096608784973586
20230315,69.33,greed,0.015212329725227791,65.21232972522779,0.698083691826359,83.01394863772649,0.00664841611263199,56.64841611263199,0.15721499880639936,71.40185229392617,0.8147197692608525,70.36799423152131
20230316,37.61,fear,0.0032842490633644417,53.28424906336444,0.13433711380524052,0.0,0.0029331247555729367,52.93312475557293,0.16028437328275247,70.2650469323139,-1.536655807587016,11.5836048103246
20230317,66.58,greed,0.008491434459768188,58.491434459768186,0.6295210166177908,71.58683610296512,0.012316715542521995,62.316715542522,0.1548607842024749,72.27378362871299,0.7294558357771261,68.23639589442816
20230320,52.11,neutral,0.0036638404549558246,53.663840454955825,0.37008797653958947,28.34799608993157,0.0035190615835777126,53.51906158357771,0.12265618940330002,84.2014113321111,-0.3662979863147605,40.84255034213099
20230321,78.65,extreme greed,0.014927327015390901,64.9273270153909,0.8153575615474795,100.0,0.009183274716686205,59.1832747166862,0.13052493770036208,81.28706011097701,1.5133386869871044,87.83346717467762
20230322,68.32,greed,0.01950841525574387,69.50841525574387,0.6099276920070353,68.32128200117255,0.007621653312487786,57.62165331248779,0.12951546951262743,81.6609372175454,0.5799492280633183,64.49873070158296
20230323,60.03,greed,0.029670045781963195,79.6700457819632,0.3984375,33.07291666666666,0.006640624999999999,56.640625,0.13550157381033434,79.44386155172802,0.053672910156249996,51.34182275390625
20230324,62.35,greed,0.026599917323439692,76.5999173234397,0.46572934973637964,44.28822495606327,0.006639328256199961,56.63932825619996,0.1310026797230818,81.11011862108082,0.12369179847685999,53.0922949619215
20230327,59.16,greed,0.02271956684037435,72.71956684037436,0.38766347843060706,31.277246405101167,0.010931095061487409,60.931095061487405,0.13078011207160264,81.19255108459161,-0.012490591450322068,49.687735213741945
20230328,49.35,neutral,0.01926701415690557,69.26701415690557,0.2730288836846214,12.171480614103565,0.0037080405932864947,53.70804059328649,0.12867970874900872,81.97047824110788,-0.8139028298204528,29.652429254488677
20230329,54.46,neutral,0.020803907726595128,70.80390772659513,0.30856251219036473,18.09375203172745,0.006631558416227814,56.63155841622781,0.11648695993764954,86.48631113420387,-0.3889923737078213,40.275190657304464
20230330,57.75,greed,0.02877240155824401,78.77240155824401,0.3770236005461283,29.503933424354717,0.004486054222742344,54.48605422274234,0.12123656986100836,84.72719634777468,-0.34961456992393214,41.2596357519017
20230331,75.58,extreme greed,0.0315494493245112,81.5494493245112,0.6850009752291789,80.8334958715298,0.008191925102399064,58.19192510239907,0.12121830235695764,84.73396209001568,0.9032300565632925,72.58075141408231
20230403,78.11,extreme greed,0.04114660592363295,91.14660592363295,0.6541236108403198,75.68726847338661,0.016377461493468512,66.37746149346852,0.12581780236307102,83.03044356923296,0.9731866055761356,74.32966513940339
20230404,55.92,greed,0.043771479135546576,93.77147913554657,0.2668484612388002,11.141410206466693,0.007012076353720297,57.012076353720296,0.11399783218687284,87.4082103011582,-0.789664394234515,30.258390144137127
20230406,64.05,greed,0.04169362606814464,91.69362606814464,0.3973509933774834,32.891832229580565,0.009154655239579276,59.15465523957928,0.11318964083052299,87.70754043313963,-0.0485917413322945,48.785206466692635
20230407,81.2,extreme greed,0.04783972677891857,97.83972677891856,0.6773816481589714,79.56360802649522,0.01636469900642899,66.36469900642899,0.11370579871296357,87.51637084705052,0.9890966880966295,74.72741720241574
20230410,53.28,neutral,0.04255794049082495,92.55794049082495,0.25199300019443904,8.665500032406504,-0.0015555123468792547,48.444487653120746,0.10280106974809702,91.55515935255666,-0.9926243826560373,25.18439043359907
20230411,67.82,greed,0.040748999455334056,90.74899945533406,0.45645412130637636,42.74235355106272,0.009136858475894245,59.13685847589425,0.09784037622464745,93.39245325013057,0.12315762052877138,53.07894051321929
20230412,77.62,extreme greed,0.039228743629879714,89.22874362987972,0.6150106941473847,69.16844902456411,0.014777367295352907,64.7773672953529,0.09447126490664484,94.64027225679821,0.8118162162162162,70.2954054054054
20230413,59.81,greed,0.03133428228982349,81.33428228982349,0.3638483965014577,27.308066083576282,0.008551992225461613,58.55199222546161,0.09897620651585902,92.97177536449666,-0.44561276967930025,38.8596807580175
20230414,72.26,greed,0.03652234926496378,86.52234926496378,0.5321796616760646,55.36327694601076,0.011471903558234494,61.47190355823449,0.08732973273872228,97.2852841708436,0.42722609371961884,60.68065234299047
20230417,71.62,greed,0.05021390953021032,100.0,0.5366375121477163,56.106252024619366,0.006802721088435375,56.80272108843537,0.09690342504889746,93.73947220411205,0.05793980563654032,51.44849514091351
20230418,60.18,greed,0.05273406028525485,100.0,0.2907608695652174,15.126811594202897,0.0038819875776397515,53.881987577639755,0.0929271822812255,95.21215471065722,-0.5335897127329192,36.66025718167702
20230419,60.57,greed,0.042668861392075375,92.66886139207537,0.3113354037267081,18.55590062111801,0.006793478260869566,56.79347826086957,0.09650670551380493,93.88640536525743,-0.3617509704968944,40.95622573757764
20230420,59.49,greed,0.03917426401260116,89.17426401260116,0.31328806983511154,18.881344972518583,0.0077594568380213395,57.759456838021336,0.09733287935560855,93.58041505347832,-0.47814609117361784,38.046347720659554
20230421,36.08,fear,0.01832068941812226,68.32068941812226,0.11292200232828871,0.0,-0.02405898331393093,25.941016686069073,0.1173803930944597,86.15540996501493,-2.6261281722933645,0.0
20230424,52.21,neutral,0.005251150903042623,55.25115090304262,0.397090203685742,32.84836728095699,0.0013579049466537346,51.35790494665373,0.12498344667556899,83.3394641942337,-0.47038479146459744,38.24038021338506
20230425,33.36,fear,-0.00023490542314041907,49.76509457685958,0.16505042668735453,0.0,-0.016097750193948795,33.9022498060512,0.1255397504201091,83.13342577032996,-2.10696012412723,0.0
20230426,67.8,greed,-0.0017577116186627828,48.24228838133722,0.6804584304584305,80.07640507640507,0.00543900543900544,55.43900543900544,0.1251612943645149,83.27359467980929,0.8788195027195027,71.97048756798756
20230427,56.71,greed,0.00486938721628305,54.86938721628305,0.5075816485225505,51.26360808709174,-0.005443234836702955,44.556765163297044,0.12806330674389077,82.19877528004045,0.02653522550544325,50.66338063763608
20230428,82.68,extreme greed,0.01435445344111308,64.35445344111308,0.7789904502046384,96.49840836743971,0.02455661664392906,74.55661664392906,0.1300780560370909,81.45257183811448,1.8605766907035663,96.51441726758915
20230504,67.63,greed,0.013831884186825905,63.8318841868259,0.5882237487733072,64.70395812888452,0.01511285574092247,65.11285574092247,0.12955676523217466,81.64564250660197,0.5142803925417075,62.85700981354269
20230505,50.22,neutral,0.009502550505391394,59.5025505053914,0.3030185004868549,17.16975008114248,0.008179162609542358,58.17916260954236,0.12437451330412251,83.56499507254722,-0.6922186562804283,32.694533592989295
20230508,69.44,greed,0.019873138851838057,69.87313885183806,0.5843068535825545,64.05114226375908,0.016549844236760123,66.54984423676011,0.13120922732333015,81.03361950987772,0.6268357281931465,65.67089320482866
20230509,40.56,fear,0.010341518306241193,60.34151830624119,0.16322555512271134,0.0,0.0013634592910011685,51.36345929100117,0.13430281529342541,79.88784618762021,-1.5511130307752239,11.222174230619403
20230510,62.52,greed,0.0019225840114374115,51.92258401143741,0.5734034267912772,62.23390446521285,0.008761682242990653,58.76168224299065,0.1335017296138685,80.18454458745612,0.38043860981308414,59.51096524532711
20230511,64.84,greed,-0.0003202363108605333,49.67976368913946,0.6223000583771162,70.38334306285269,0.00953492897450866,59.53492897450866,0.13304539596156328,80.35355705127286,0.5693198287604592,64.23299571901147
20230512,40.43,fear,-0.013909416145657438,36.09058385434256,0.23512252042007,5.8537534033449985,0.0038895371450797353,53.889537145079736,0.13955278900985976,77.94341147782971,-0.8657235511474135,28.35691122131466
20230515,66.73,greed,0.000949092108788685,50.94909210878868,0.6809255298463932,80.15425497439885,0.008555317907835893,58.55531790783589,0.1527827178732153,73.04343782473508,0.8381595955667899,70.95398988916975
20230516,43.09,fear,-0.004683881143449753,45.31611885655025,0.2836052836052836,13.934213934213927,0.00038850038850038807,50.388500388500375,0.15203990259105415,73.31855459590587,-0.7006129176379177,32.48467705905206
20230517,66.49,greed,-0.009684850022260383,40.315149977739615,0.6934575810522229,82.24293017537046,0.0114540865851291,61.4540865851291,0.15034110342748655,73.94773947130128,0.9789266550184429,74.47316637546108
20230518,58.96,greed,-0.011243689190468587,38.75631080953141,0.49107489328676757,48.51248221446125,0.016686069072565,66.68606907256499,0.13864139078156693,78.28096637719743,0.5027673069460613,62.56918267365153
20230519,54.91,neutral,-0.014432993798457083,35.56700620154292,0.4867170835757223,47.78618059595371,0.00736862516967229,57.36862516967229,0.13717200850872072,78.82518203380714,0.19962966841186736,54.99074171029669
20230522,60.19,greed,-0.008587123659084095,41.41287634091591,0.5696006203955021,61.60010339925034,0.00853043815432338,58.530438154323384,0.138499588565275,78.33348571656481,0.44351742923613807,61.08793573090345
20230523,39.02,fear,-0.02270120227940342,27.29879772059658,0.24069767441860465,6.7829457364341055,0.0048449612403100775,54.84496124031008,0.1451902601320334,75.85545921035799,-0.7878809496124032,30.302976259689917
20230524,46.92,neutral,-0.036258644924355155,13.741355075644849,0.3957768306857807,32.629471780963435,0.010267338240991863,60.26733824099186,0.13744363717277217,78.7245788248992,-0.03048955831073228,49.23776104223169
20230525,46.9,neutral,-0.038465978232228304,11.5340217677717,0.40054232035638193,33.423720059396985,0.010459035444509006,60.459035444509,0.13204998673419419,80.72222713548364,-0.06594524501258958,48.351368874685264
20230526,55.15,greed,-0.038448091199672074,11.55190880032793,0.5634321131125315,60.57201885208857,0.011814836335463878,61.81483633546387,0.13157227160686646,80.89915866412353,0.43702010459035445,60.92550261475886
20230529,41.0,fear,-0.042819154218067146,7.180845781932857,0.32254312851327777,20.423854752212954,0.00736576855979841,57.36576855979841,0.13198563397897675,80.74606148926787,-0.4277065516572979,39.307336208567556
20230530,53.75,neutral,-0.041998032250595285,8.001967749404718,0.5549312148808371,59.1552024801395,0.009494284053478009,59.49428405347801,0.1281380920262782,82.17107702730436,0.39763898469288894,59.94097461732222
20230531,42.98,fear,-0.05183314793803351,0.0,0.36289697908597984,27.149496514329968,0.0087141750580945,58.7141750580945,0.12297871943559283,84.08195576459525,-0.20258979473276525,44.93525513168087
20230601,50.59,neutral,-0.049850223514719794,0.14977648528020915,0.5094850948509485,51.580849141824736,0.009872241579558653,59.87224157955865,0.1238185792328602,83.77089658042215,0.3032005226480836,57.580013066202085
20230602,59.88,greed,-0.036296995871771265,13.703004128228738,0.6580882352941176,76.34803921568626,0.010448916408668732,60.44891640866873,0.13808814414142892,78.48587254021152,0.817468653250774,70.43671633126935
20230605,52.11,neutral,-0.04089767432491509,9.102325675084913,0.5156733746130031,52.61222910216718,0.00793343653250774,57.93343653250774,0.1289755170490645,81.86091961145759,0.36145801083591333,59.03645027089783
20230606,27.55,fear,-0.04982449972262537,0.17550027737463225,0.11240085122847746,0.0,0.0038692203520990518,53.86922035209905,0.12950234093759605,81.66579965274221,-1.9187895144128457,2.0302621396788565
20230607,52.18,neutral,-0.054400332842460264,0.0,0.534532791642484,55.755465273747326,0.011994583091507062,61.99458309150706,0.12847671666093427,82.04566049595027,0.44448616753724124,61.112154188431035
20230608,39.56,fear,-0.046561278809012174,3.4387211909878284,0.34422742216205765,24.03790369367627,0.0032875652678398763,53.287565267839874,0.134042225357485,79.98436097870926,-0.5172726358538,37.068184103655
20230609,54.74,neutral,-0.04237377773610829,7.626222263891716,0.530048309178744,55.008051529790656,0.01603864734299517,66.03864734299516,0.12915338092775838,81.79504410083022,0.5291666666666667,63.22916666666667
20230612,57.74,greed,-0.040248126332431466,9.751873667568537,0.5742708132122851,62.37846886871418,0.012748696156074947,62.74869615607494,0.11385664224025853,87.46050287397833,0.6536230249179061,66.34057562294765
20230613,55.09,greed,-0.034937517186763856,15.062482813236148,0.5161290322580645,52.68817204301074,0.011010237589337453,61.01023758933746,0.11598615502611777,86.6717944347712,0.40121056596484445,60.030264149121116
20230614,50.43,neutral,-0.03497591804191014,15.024081958089866,0.4191304347826087,36.521739130434774,0.01178743961352657,61.78743961352657,0.11545752670947214,86.8675827001955,0.07773547826086957,51.94338695652174
20230615,57.29,greed,-0.019556891362013995,30.443108637986004,0.5270374662031673,54.50624436719453,0.010814986481266897,60.8149864812669,0.13047448096389258,81.30574779115089,0.3751007145616068,59.37751786404017
20230616,63.47,greed,-0.010033979877351995,39.966020122648004,0.597952086553323,66.32534775888715,0.013717156105100464,63.71715610510046,0.13475172886094944,79.72158190335206,0.7055759080370944,67.63939770092736
20230619,51.42,neutral,-0.01809337793639143,31.90662206360857,0.38151292937089926,30.252154895149868,0.015052103434967195,65.05210343496721,0.13597280798663317,79.26933037532105,0.025403550752605166,50.63508876881513
20230620,45.74,neutral,-0.019717529437140113,30.282470562859885,0.294945987654321,15.824331275720164,0.010223765432098766,60.223765432098766,0.12617450630155852,82.89833099942277,-0.4214518132716049,39.46370466820988
20230621,32.77,fear,-0.03458167530526535,15.418324694734656,0.18230873000578146,0.0,0.0007708614376565823,50.77086143765658,0.12850160503866712,82.03644257827143,-1.3759525727500481,15.601185681248797
20230626,26.52,fear,-0.047886615837808955,2.113384162191048,0.17826170745808442,0.0,-0.0055887454230102145,44.41125457698978,0.13786406162814024,78.56886606365177,-1.7003287531316247,7.491781171709383
20230627,69.66,greed,-0.038746141754905095,11.253858245094909,0.8318567026194145,100.0,0.014060092449922958,64.06009244992296,0.1422623051868808,76.93988696782192,1.841606124807396,96.0401531201849
20230628,44.24,fear,-0.039804055780227277,10.195944219772727,0.41843016544824935,36.405027574708214,0.0036552520200076955,53.655252020007694,0.1414039961217608,77.25777921416267,-0.252045248172374,43.69886879569065
20230629,59.36,greed,-0.044529103830146854,5.470896169853148,0.6442307692307693,74.03846153846153,0.01596153846153846,65.96153846153847,0.1424839911004118,76.85778107392156,0.9797864230769231,74.49466057692308
20230630,64.56,greed,-0.03939991267608478,10.600087323915222,0.7567723342939481,92.79538904899134,0.012103746397694525,62.10374639769453,0.13860535499016222,78.29431296660658,1.1597884918347743,78.99471229586936
20230703,56.71,greed,-0.026903103457556976,23.096896542443027,0.6089127929312332,68.15213215520552,0.006146753745678064,56.14675374567807,0.14551943836843909,75.73354134502256,0.41678956972723785,60.41973924318095
20230704,59.59,greed,-0.025508457925201844,24.491542074798158,0.5784520837334357,63.07534728890594,0.014019589014787786,64.01958901478778,0.1368542686300919,78.94286347033633,0.6973149222200883,67.43287305550221
20230705,39.82,fear,-0.033107348656523095,16.89265134347691,0.2707373271889401,11.789554531490015,0.005952380952380953,55.952380952380956,0.1388778091316137,78.19340402532825,-0.5493260176651306,36.26684955837174
20230706,45.35,neutral,-0.03953133974809764,10.468660251902365,0.3918555512869766,31.975925214496087,0.0074913561275451405,57.49135612754513,0.13671153856800305,78.99572645629516,-0.08749973107952362,47.81250672301191
20230707,40.44,fear,-0.04370721007114997,6.2927899288500315,0.34958725283163755,24.93120880527292,0.004031483970051833,54.03148397005183,0.1364575882188454,79.08978214116837,-0.48678160875407944,37.830459781148015
20230710,49.46,neutral,-0.03902704887370012,10.972951126299883,0.4838771593090211,47.31285988483684,0.006909788867562381,56.90978886756238,0.13451291030533813,79.81003322024513,0.0908078886756238,52.270197216890594
20230711,61.28,greed,-0.032733806419416256,17.266193580583746,0.686120176617393,81.02002943623215,0.008830869648684968,58.83086964868497,0.1356099018011056,79.4037400736646,0.7960572278748319,69.9014306968708
20230712,33.32,fear,-0.03915996432068847,10.840035679311535,0.17267843438219493,0.0,0.0047966231772831915,54.79662317728319,0.13781625753530222,78.5865712832214,-1.1039859938603225,22.40035015349194
20230713,65.37,greed,-0.025424410631459282,24.575589368540722,0.7534062559969296,92.23437599948824,0.009403185568988677,59.40318556898868,0.14585205003750676,75.61035183796045,1.0018303204759162,75.0457580118979
20230714,49.11,neutral,-0.02511900938648881,24.88099061351119,0.4117421335379893,35.29035558966488,0.00825019186492709,58.25019186492709,0.1458334081054152,75.61725625725363,0.06125965080583272,51.531491270145814
20230717,45.59,neutral,-0.03288184844623432,17.118151553765685,0.3980824544582934,33.013742409715555,0.004602109300095877,54.60210930009588,0.1368540721988,78.94293622266667,-0.22822276126558008,44.2944309683605
20230718,49.77,neutral,-0.0356365859539286,14.363414046071401,0.488398849472675,48.06647491211249,0.005369127516778523,55.369127516778526,0.1314446863508828,80.946412462636,0.0034099520613614597,50.085248801534036
20230719,46.43,neutral,-0.03633418294743074,13.665817052569265,0.4149425287356322,35.82375478927203,0.004406130268199234,54.406130268199234,0.1289418278891983,81.8733970780747,-0.14420218390804598,46.394945402298845
20230720,33.52,fear,-0.04277672317093284,7.223276829067163,0.19471568064330844,0.0,0.00421213861765269,54.21213861765269,0.13071877436291846,81.21526875447465,-1.0024583381198544,24.93854154700364
20230721,44.27,fear,-0.04284784419083598,7.152155809164021,0.41432127130001917,35.720211883336525,0.0009573042312847023,50.95730423128471,0.11966940492958761,85.30762780385643,-0.3121653838789967,42.19586540302508
20230724,47.88,neutral,-0.04651323349208025,3.48676650791975,0.4703292496171516,45.05487493619192,0.0030627871362940277,53.062787136294034,0.10964781638783146,89.01932726376613,-0.04832224349157733,48.791943912710565
20230725,72.5,greed,-0.018538217899040643,31.461782100959358,0.8446527644920605,100.0,0.015305146355462025,65.30514635546203,0.1472555893111769,75.09052247734188,1.6253323512531088,90.63330878132771
20230726,47.98,neutral,-0.020116962842148478,29.883037157851522,0.4066144140699675,34.43573567832791,0.009558401835213151,59.55840183521315,0.14745431428063155,75.01692063680312,-0.3600559357675397,40.99860160581151
20230727,40.15,fear,-0.02083958550394105,29.16041449605895,0.2525329764863315,8.755496081055245,0.003249856623972472,53.24985662397247,0.14608393436960895,75.52446875199668,-0.6368502198432422,34.07874450391895
20230728,66.41,greed,0.0021695973553212955,52.169597355321294,0.6963500859927384,82.72501433212305,0.010701318555321995,60.70131855532199,0.16538253522961635,68.37683880384579,0.7224011274603478,68.06002818650869
20230731,68.5,greed,0.008002381167697248,58.00238116769725,0.6990254156315688,83.17090260526146,0.010701318555321995,60.70131855532199,0.16070572011766726,70.10899254901213,0.8196633097649532,70.49158274412383
20230801,50.39,neutral,0.004237288505984482,54.23728850598448,0.3717997707298433,28.63329512164055,0.00534963698891861,55.34963698891862,0.1619885924584779,69.63385464500819,-0.2360602598395109,44.098493504012225
20230802,50.53,neutral,-0.002447734760388065,47.552265239611934,0.396139881521116,32.68998025351933,0.005732849226065355,55.73284922606535,0.16147605377733956,69.82368378617053,-0.12600720428052742,46.849819892986815
20230803,52.72,neutral,0.006755823981523967,56.75582398152397,0.3983957219251337,33.06595365418894,0.005156608097784569,55.15660809778456,0.16060931860272604,70.14469681380517,-0.0618344537815126,48.45413865546219
20230804,55.89,greed,0.01100256442773384,61.002564427733844,0.4393736872255108,39.895614537585125,0.00515562344853924,55.15562344853924,0.15881138959751154,70.81059644536609,0.10328764559862517,52.58219113996563
20230807,45.5,neutral,0.00365754797122686,53.65754797122686,0.284077892325315,14.012982054219162,0.004581901489117983,54.58190148911798,0.16247977227275884,69.4519361952745,-0.5678003436426117,35.804991408934704
20230808,50.49,neutral,0.0012522174755746907,51.25221747557469,0.3849236641221374,30.8206106870229,0.00515267175572519,55.152671755725194,0.162268257611577,69.53027495867518,-0.17166232824427483,45.70844179389313
20230809,44.06,fear,-0.0015543023749247098,48.44569762507529,0.22826086956521738,4.710144927536227,0.004767353165522502,54.7673531655225,0.1603219382917307,70.25113396602566,-0.31464832189168573,42.13379195270785
20230810,59.96,greed,0.0006993312908818439,50.699331290881844,0.5797598627787307,63.29331046312178,0.0038117019249094717,53.81170192490947,0.15322342299190053,72.8802137067035,0.3643429197636745,59.108572994091865
20230811,31.26,fear,-0.02183639748451749,28.16360251548251,0.10842225609756098,0.0,0.002096036585365854,52.09603658536586,0.1754164940840011,64.66055774666626,-1.5455404725609756,11.36148818597561
20230814,52.05,neutral,-0.02848504101037941,21.514958989620595,0.5620354488279017,60.33924147131694,0.00476462740613684,54.76462740613683,0.17490190833525524,64.85114506101658,0.3515147894034687,58.787869735086716
20230815,37.94,fear,-0.030265358659968156,19.734641340031846,0.28138693084397026,13.56448847399504,0.004191274528481616,54.191274528481614,0.17475010518915046,64.90736844846279,-0.5079451133549248,37.30137216612688
20230816,32.19,fear,-0.036740032075397666,13.259967924602337,0.2067783701447068,1.1297283574511299,0.00476009139375476,54.76009139375476,0.17663802905705245,64.20813738627686,-0.8966491241431834,27.583771896420416
20230817,63.31,greed,-0.03294823115770196,17.051768842298046,0.7594213932242101,93.23689887070165,0.00970688998858013,59.70688998858012,0.17526578731564818,64.71637506827844,1.2742406547392462,81.85601636848115
20230818,28.18,fear,-0.0442392063289353,5.760793671064704,0.20258702682138102,0.43117113689683506,0.0020924481643522924,52.09244816435229,0.18076300467120618,62.680368640294006,-1.202323910975842,19.941902225603954
20230821,31.82,fear,-0.05741102281787025,0.0,0.26383869126878445,10.639781878130739,0.004375118889100247,54.37511888910025,0.18704460359679004,60.353850519707386,-0.651526421913639,33.711839452159026
20230822,46.76,neutral,-0.04944335921862797,0.5566407813720337,0.4883986306580449,48.06643844300748,0.008178014454165083,58.17801445416508,0.15453884462464526,72.39302050939064,0.18355671357930772,54.5889178394827
20230823,26.03,fear,-0.06417414895601392,0.0,0.11497529456480425,0.0,0.0028506271379703536,52.85062713797035,0.16276691823425857,69.34558583916349,-1.6812742493348538,7.968143766628655
20230824,41.39,fear,-0.05665800824066192,0.0,0.4336754085898898,38.94590143164829,0.0028506271379703536,52.85062713797035,0.16652785650532223,67.95264573876955,-0.11267065754465984,47.1832335613835
20230825,23.97,extreme fear,-0.05952330304984499,0.0,0.16891506745202356,0.0,-0.011590347710431315,38.40965228956869,0.13669583845121938,79.00154131436318,-1.9015360630818923,2.4615984229526933
20230828,58.08,greed,-0.04790616357312405,2.093836426875953,0.6890197568389058,81.50329280648428,0.007978723404255319,57.97872340425532,0.1438231183636436,76.36180801346534,0.8992662993920975,72.48165748480244
20230829,75.19,extreme greed,-0.03789959665004561,12.100403349954394,0.9027170815124453,100.0,0.04028120843625309,90.2812084362531,0.15131701450019797,73.58629092585261,3.522309785293559,100.0
20230830,56.32,greed,-0.03775598831039639,12.24401168960361,0.6011396011396012,66.85660018993353,0.010256410256410255,60.256410256410255,0.15058083641036688,73.85894947764189,0.7360184615384615,68.40046153846153
20230831,39.89,fear,-0.04295587673793699,7.044123262063009,0.34112060778727443,23.520101297879066,0.003988603988603989,53.98860398860399,0.14518361516168848,75.85792031048574,-0.43871012345679006,39.03224691358025
20230901,50.44,neutral,-0.035650749941248616,14.349250058751387,0.5199392328142803,53.323205469046705,0.005127231295100646,55.12723129510064,0.14751938800795775,74.99281925631195,0.17673389669578426,54.41834741739461
20230904,69.79,greed,-0.02047466509956175,29.52533490043825,0.7962013295346628,99.36688825577713,0.012345679012345678,62.34567901234568,0.1595208038486312,70.54785042643289,1.4872175878442546,87.18043969610636
20230905,40.45,fear,-0.027190072281534028,22.809927718465975,0.30220197418375094,17.033662363958484,0.004555808656036446,54.555808656036454,0.1607815365055673,70.08091240534543,-0.4891520880789674,37.77119779802581
20230906,54.05,neutral,-0.028832287674663837,21.167712325336165,0.5340671854241792,55.67786423736318,0.01081799202884798,60.817992028847975,0.160734483417709,70.0983394749226,0.500393528183716,62.5098382045929
20230907,26.84,fear,-0.0419375819482789,8.062418051721101,0.09070208728652751,0.0,-0.0005692599620493359,49.43074003795066,0.16550793087412136,68.33039597254765,-1.6653071347248576,8.36732163187856
20230908,49.08,neutral,-0.046104412618662605,3.895587381337398,0.5137545057863783,52.29241763106304,0.007398975526465567,57.39897552646557,0.14764301130068663,74.94703285159754,0.27551037753746915,56.887759438436724
20230911,60.01,greed,-0.038687653431279556,11.312346568720447,0.7126327769347496,85.4387961557916,0.006828528072837634,56.828528072837635,0.1496268694786899,74.21227056344819,0.8901593133535661,72.25398283383915
20230912,43.73,fear,-0.03997029493898452,10.029705061015484,0.38782476768443014,31.304127947405014,0.005499715531955244,55.49971553195524,0.14957279411974803,74.2322984741674,-0.09675497819078324,47.58112554523042
20230913,31.38,fear,-0.04560181080754733,4.3981891924526755,0.1644225298691447,0.0,0.0045514887161008915,54.55148871610089,0.14907815074023079,74.41549972584045,-1.058442404703205,23.538939882419875
20230914,33.93,fear,-0.04591073921611799,4.089260783882012,0.23568448995070154,5.947414991783587,0.003981797497155859,53.98179749715586,0.14818395709057453,74.74668255904646,-0.7642680887372013,30.893297781569967
20230915,47.4,neutral,-0.051784131385335,0.0,0.5027488151658768,50.458135860979446,0.006066350710900474,56.06635071090047,0.14388328928787728,76.33952248597137,0.1657952606635071,54.144881516587674
20230918,56.01,greed,-0.04649248976840992,3.5075102315900857,0.6438589840788476,73.97649734647457,0.006823351023502653,56.823351023502646,0.13619357274805222,79.18756564886955,0.6619361448066716,66.54840362016678
20230919,32.2,fear,-0.0479106038037963,2.0893961962036993,0.20735405610310842,1.2256760171847345,0.001326762699014405,51.3267626990144,0.13325025534958598,80.27768320385704,-0.9567060841546626,26.082347896133435
20230920,34.16,fear,-0.05116365995162919,0.0,0.20917014020462296,1.5283567007704917,0.0015157256536566881,51.51572565365669,0.12023434985257969,85.098388943489,-0.6930639446760136,32.67340138309966
20230921,34.33,fear,-0.05904572389245688,0.0,0.20041674559575678,0.06945759929279556,0.003788596325061565,53.78859632506157,0.12131275729127615,84.69897878100883,-0.6762009660920628,33.09497584769843
20230922,68.7,greed,-0.04142041984720446,8.579580152795543,0.8744318181818181,100.0,0.010606060606060605,60.60606060606061,0.13760390218378094,78.66522141341446,1.825961685606061,95.64904214015154
20230925,39.39,fear,-0.047047160234417906,2.9528397655820964,0.3107366029161144,18.456100486019057,0.006059458435902291,56.059458435902286,0.13291031564754072,80.40358679720714,-0.43672249573944333,39.08193760651392
20230926,38.3,fear,-0.05199513196700278,0.0,0.28701249526694433,14.502082544490719,0.005301022340022719,55.30102234002272,0.12817389941140878,82.15781503281156,-0.4181204468004544,39.546988829988635
20230927,51.84,neutral,-0.049459846959044484,0.5401530409555183,0.5556607345702386,59.27678909503975,0.00738356683074593,57.383566830745934,0.12869228709170152,81.9658195956661,0.4008282847406286,60.020707118515716
20230928,60.72,greed,-0.051662659726051996,0.0,0.7162059825823551,86.0343304303925,0.010412722453616055,60.412722453616055,0.12754881204744672,82.38932887131602,0.991132393032942,74.77830982582356
20231009,40.28,fear,-0.05220432901031247,0.0,0.32127981825066265,20.213303041777102,0.009276789095039758,59.27678909503976,0.12404246135780185,83.6879772748882,-0.4711575728890572,38.22106067777357
20231010,42.76,fear,-0.05854109623038828,0.0,0.35383159886471144,25.638599810785234,0.006054872280037843,56.054872280037834,0.10910756823373108,89.2194191726922,-0.2849577105014191,42.87605723746452
20231011,49.96,neutral,-0.055034801748051754,0.0,0.4763436790310371,46.05727983850617,0.008516275548826646,58.51627554882665,0.10908066194166204,89.2293844660511,0.2399542202876609,55.99885550719152
20231012,56.46,greed,-0.04527099763124964,4.7290023687503595,0.628003784295175,71.33396404919581,0.006622516556291391,56.622516556291394,0.11647455534144706,86.49090542909369,0.5250806811731316,63.12701702932829
20231013,37.77,fear,-0.05447561680837798,0.0,0.2453651153991676,7.560852566527933,0.009648127128263337,59.64812712826334,0.11199947563468732,88.14834235752322,-0.6600309118426031,33.49922720393492
20231016,39.2,fear,-0.06301616291349699,0.0,0.2883087400681044,14.718123344684066,0.0100264850548619,60.0264850548619,0.1156459021619482,86.79781401409326,-0.621590427544457,34.46023931138858
20231017,44.98,fear,-0.058802511932073975,0.0,0.4149016641452345,35.816944024205746,0.0045385779122541605,54.53857791225416,0.11250012814703034,87.96291550109987,-0.13714052571860819,46.57148685703479
20231018,29.63,fear,-0.06531033898522798,0.0,0.09684130887081521,0.0,0.005485152260261018,55.48515226026102,0.11464684452539928,87.16783536096324,-1.780552865519198,5.48617836202005
20231019,32.0,fear,-0.08418285495551059,0.0,0.22136105860113423,3.5601764335223685,-0.0015122873345935726,48.48771266540643,0.1330301721933991,80.35919548392626,-0.895951077504726,27.60122306238185
20231020,33.81,fear,-0.08907779600778187,0.0,0.25533925533925533,9.223209223209219,0.0020790020790020783,52.07900207900208,0.13346382031346413,80.19858506908736,-0.899004347004347,27.524891324891325
20231023,26.12,fear,-0.09735105208555184,0.0,0.08956916099773243,0.0,0.0011337868480725622,51.13378684807256,0.1354338143307307,79.46895765528492,-2.373255291005291,0.0
20231024,68.77,greed,-0.09275420154350167,0.0,0.8828198828198828,100.0,0.013986013986013986,63.98601398601398,0.13438122927403526,79.85880397257952,2.3834048762048763,100.0
20231025,64.08,greed,-0.08699655608026802,0.0,0.7589268845645192,93.15448076075319,0.01398072926506707,63.98072926506706,0.1375068502808295,78.70116656265573,1.3820177215189873,84.55044303797467
20231026,50.1,neutral,-0.08330653919713527,0.0,0.5414698658605706,56.91164431009508,0.007557150954090309,57.55715095409031,0.1389140398997338,78.17998522232081,0.3132053844700548,57.83013461175137
20231027,66.26,greed,-0.0696536013101634,0.0,0.7648281072912732,94.13801788187884,0.019078201737816394,69.07820173781639,0.14819265604705964,74.74346072331124,1.734234718549301,93.35586796373252
20231030,62.81,greed,-0.06318988440381135,0.0,0.6939931998488855,82.33219997481423,0.019833774083868532,69.83377408386853,0.13236304278912367,80.60628044847272,1.2507022667170382,81.26755666792596
20231031,41.27,fear,-0.06533325276648538,0.0,0.38153671889748914,30.256119816248184,0.004153294317538228,54.153294317538226,0.13140735871306777,80.9602375136786,-0.3603536718897489,40.99115820275628
20231101,49.56,neutral,-0.06495368190157846,0.0,0.5243396226415095,54.0566037735849,0.0073584905660377346,57.35849056603774,0.1306655870972433,81.23496774176174,0.2060022641509434,55.15005660377359
20231102,32.41,fear,-0.06857227896593898,0.0,0.1720754716981132,0.0,0.004528301886792452,54.52830188679245,0.13033154535939184,81.35868690392894,-0.9541368490566038,26.146578773584906
20231103,62.84,greed,-0.059927302744086086,0.0,0.7334967936627688,88.91613227712813,0.010562052055827989,60.562052055827984,0.1353675583923974,79.49349689170467,1.4082407204828367,85.20601801207091
20231106,69.36,greed,-0.04642041422925547,3.5795857707445338,0.879154078549849,100.0,0.017749244712990938,67.74924471299094,0.14538842295086682,75.78206557375303,1.9876653323262838,99.6916333081571
20231107,52.5,neutral,-0.04897354822098965,1.0264517790103538,0.5393470466125684,56.55784110209472,0.01453104359313078,64.53104359313078,0.14359541582325616,76.4461422876829,0.5567774863181733,63.91943715795433
20231108,47.77,neutral,-0.050445984584645776,0.0,0.44850999622783855,41.41833270463975,0.012636740852508488,62.63674085250849,0.14319207252008376,76.59552869626528,0.3285855149000377,58.214637872500944
20231109,35.85,fear,-0.0490849105705391,0.9150894294609052,0.28258819090737597,13.764698484562658,0.0,50.0,0.13813254005158687,78.46942961052338,-0.5555515751744954,36.111210620637614
20231110,42.67,fear,-0.055138793713008005,0.0,0.4056959637872501,34.28266063120834,0.0033949453036589963,53.39494530365899,0.13568662694093636,79.37532335520875,-0.1478195020746888,46.304512448132776
20231113,61.06,greed,-0.05617234887010325,0.0,0.7352941176470589,89.2156862745098,0.00942684766214178,59.42684766214178,0.1315280964727327,80.91551982491382,1.0305882164404223,75.76470541101055
20231114,53.41,neutral,-0.054660272319169256,0.0,0.5641025641025641,60.68376068376067,0.010558069381598794,60.5580693815988,0.13072991689894112,81.21114188928107,0.5840882164404223,64.60220541101056
20231115,57.18,greed,-0.04734840808958607,2.6515919104139334,0.6302093154818027,71.70155258030044,0.014331510465774092,64.33151046577409,0.1306438139010541,81.24303188849848,0.6382128417876672,65.95532104469169
20231116,35.09,fear,-0.05570941202988944,0.0,0.1794871794871795,0.0,0.005467571644042232,55.46757164404224,0.11038474155979802,88.74639201488962,-0.7504591817496229,31.238520456259426
20231117,61.03,greed,-0.05602616967098395,0.0,0.6999057492931197,83.31762488218659,0.011875589066918003,61.875589066918,0.10745074347436091,89.83305797245892,0.8052678416588126,70.13169604147032
20231120,65.41,greed,-0.05307298503134372,0.0,0.7392123610325985,89.8687268387664,0.016581872997927266,66.58187299792726,0.0990373814074341,92.94911799724663,1.1068444318824193,77.67111079706048
20231121,45.17,neutral,-0.05106308344714816,0.0,0.3269919005462422,21.165316757707032,0.016387266905255226,66.38726690525523,0.09868257258783761,93.08052867117125,-0.1919703522320588,45.20074119419853
20231122,43.63,fear,-0.0599778337145378,0.0,0.220422004521477,3.4036674202461654,0.03391107761868877,83.91107761868876,0.1057853900104886,90.44985555167088,-0.3840298229088169,40.39925442727958
20231123,63.15,greed,-0.054623611607643285,0.0,0.7856873822975518,97.6145637162586,0.005838041431261771,55.83804143126178,0.10659778969756019,90.14896677868141,0.8857010734463278,72.1425268361582
20231124,41.67,fear,-0.06011578766110226,0.0,0.21581920903954802,2.636534839924667,0.027495291902071565,77.49529190207156,0.09767500400007156,93.45370222219572,-0.6099582674199624,34.75104331450094
20231127,60.55,greed,-0.06635156758728278,0.0,0.4791039156626506,46.51731927710842,0.0442394578313253,94.23945783132531,0.0977157546717091,93.43860938084848,0.743113045933735,68.57782614834338
20231128,57.91,greed,-0.0639411637480779,0.0,0.7,83.33333333333331,-0.002071563088512241,47.928436911487765,0.09787463640551033,93.37976429425544,0.5966399435028248,64.91599858757063
20231129,31.0,fear,-0.07126291102742699,0.0,0.23060993975903615,5.101656626506023,-0.018825301204819275,31.174698795180728,0.10173450301161505,91.9501840697722,-0.9300216679216868,26.74945830195783
20231130,39.31,fear,-0.06849069541076414,0.0,0.29310993975903615,15.51832329317269,0.003200301204819276,53.200301204819276,0.10150800678417318,92.03407156141733,-0.5674130271084338,35.81467432228915
20231201,54.25,neutral,-0.07133756245529066,0.0,0.5633113828786454,60.55189714644088,0.007149576669802446,57.14957666980245,0.09589028304730145,94.11470998248095,0.37756146754468484,59.43903668861712
20231204,49.94,neutral,-0.07673529297889059,0.0,0.437794089968003,39.6323483280005,0.00997553171466215,59.975531714662154,0.07947012738086855,100.0,0.003972557876905706,50.09931394692264
20231205,37.96,fear,-0.09351581328133585,0.0,0.12248353715898401,0.0,0.02671683913452493,76.71683913452493,0.09901663585769871,92.95680153418566,-1.1954355032925683,20.114112417685792
20231206,56.07,greed,-0.09119193686722538,0.0,0.6117381489841986,68.62302483069976,0.007336343115124154,57.33634311512416,0.10043281248197213,92.43229167334366,0.47877554552294954,61.96938863807374
20231207,45.17,neutral,-0.09253587281493703,0.0,0.3654497553631916,27.57495922719859,0.008280015054572827,58.28001505457283,0.09962156885067416,92.73275227752809,-0.10904027098231087,47.273993225442226
20231208,38.93,fear,-0.08955058485467982,0.0,0.2760955425992101,12.682590433201678,0.007146887342486365,57.146887342486366,0.10021240585053776,92.51392375906009,-0.7081902764716946,32.295243088207634
20231211,62.33,greed,-0.0834696675325921,0.0,0.7421963144039112,90.36605240065187,0.008649868371568259,58.64986837156826,0.10469927415987706,90.85212068152701,0.8707629559984956,71.7690738999624
20231212,56.03,greed,-0.08072467089558377,0.0,0.5878924609889077,64.64874349815128,0.010528294792254183,60.52829479225419,0.10535304076808526,90.60998490070916,0.5745143448016544,64.36285862004137
20231213,41.38,fear,-0.09516158843643041,0.0,0.2986280774290547,16.43801290484244,0.01146401052433753,61.46401052433753,0.11129271564775402,88.41010531564666,-0.37633332080436005,40.591666979891
20231214,45.22,neutral,-0.09894548415621174,0.0,0.3905692278790156,31.761537979835925,0.007890287431899304,57.8902874318993,0.10905850110879102,89.23759218192924,-0.11196007890287434,47.20099802742814
20231215,41.58,fear,-0.10073231844623609,0.0,0.30603043396580876,17.671738994301457,0.009581063310163443,59.581063310163444,0.10881519957892634,89.3277038596569,-0.3474867555889536,41.31283111027616
20231218,33.75,fear,-0.10297922789235092,0.0,0.16231448431335713,0.0,0.006387375540108961,56.387375540108955,0.10681053574227885,90.07017194730413,-1.109242194251362,22.26894514371595
20231219,50.06,neutral,-0.10057289833057848,0.0,0.5123097162187559,52.05161936979263,0.003758691975192634,53.75869197519264,0.10685798458380492,90.05259830229447,0.17678135688780303,54.41953392219507
20231220,36.47,fear,-0.10914989237115769,0.0,0.22727272727272727,4.545454545454541,0.0067618332081141996,56.7618332081142,0.10748871802580638,89.81899332377542,-0.7513563110443275,31.216092223891813
20231221,48.69,neutral,-0.09896683166363018,0.0,0.6657276995305165,77.62128325508606,-0.025915492957746478,24.084507042253524,0.11440028275614826,87.2591545347599,0.1787724131455399,54.4693103286385
20231222,30.68,fear,-0.09609859101071605,0.0,0.21145539906103286,1.9092331768388082,-0.007136150234741784,42.863849765258216,0.1151459473917303,86.9829824475073,-1.1350508356807512,21.62372910798122
20231225,44.79,fear,-0.0923137181441468,0.0,0.38422535211267606,30.70422535211267,0.007699530516431925,57.69953051643192,0.11571987008537633,86.77041848689765,-0.048424056338028175,48.78939859154929
20231226,33.4,fear,-0.09750899043629235,0.0,0.15599774732494837,0.0,0.008259808522620612,58.25980852262062,0.11558259412044214,86.82126143687329,-1.122663412802703,21.933414679932422
20231227,58.5,greed,-0.09336694338052387,0.0,0.706081081081081,84.34684684684682,0.003003003003003003,53.003003003003,0.11550837851159916,86.84874869940772,0.7312505067567567,68.28126266891891
20231228,67.84,greed,-0.07126057328322233,0.0,0.8321441982726249,100.0,0.015208411565903118,65.20841156590312,0.14661257336127392,75.32867653286151,1.9466538865940668,98.66634716485167
20231229,66.61,greed,-0.06595957566506383,0.0,0.811033965096641,100.0,0.01707637455432539,67.07637455432538,0.14774079734558823,74.91081579793028,1.642988365547007,91.07470913867517
20240102,50.65,neutral,-0.07722723536314835,0.0,0.5398761493713642,56.646024895227356,0.014449240007506099,64.44924000750609,0.15286692706527144,73.01224923508465,0.3660908425595797,59.152271063989495
20240103,40.39,fear,-0.07838838019898264,0.0,0.3696060037523452,28.26766729205753,0.005065666041275799,55.0656660412758,0.13750527880761385,78.70174858977265,-0.402618799249531,39.93453001876173
20240104,40.37,fear,-0.08581093612450108,0.0,0.35196998123827394,25.328330206378986,0.006566604127579739,56.566604127579744,0.1409761946477975,77.41622420451944,-0.2978581613508443,42.55354596622889
20240105,25.93,fear,-0.08963751396141151,0.0,0.09489872468117029,0.0,-0.002250562640660165,47.749437359339844,0.14182053201143005,77.10350666243332,-1.80740635783946,4.8148410540135025
20240108,24.85,extreme fear,-0.10031543707005297,0.0,0.072768192048012,0.0,-0.0007501875468867219,49.24981245311328,0.14743520690241793,75.02399744354891,-2.0819764628657165,0.0
20240109,52.92,neutral,-0.09749741089790753,0.0,0.6468492123030758,74.47486871717929,0.005251312828207052,55.251312828207055,0.1454206088323952,75.77014487689067,0.3645065078769692,59.11266269692423
20240110,34.07,fear,-0.10059189504116284,0.0,0.2459692538432696,7.661542307211596,0.005811773528308962,55.81177352830896,0.14494672280488902,75.94565822041147,-0.7627310461192351,30.93172384701912
20240111,66.74,greed,-0.09436186716963924,0.0,0.8377061469265368,100.0,0.012743628185907047,62.74362818590704,0.13677261682847014,78.97310487834439,1.6791224512743628,91.97806128185907
20240112,27.44,fear,-0.096412452443836,0.0,0.26289143071441967,10.481905119069943,-0.02325145321582599,26.74854678417401,0.13620760253734313,79.18236943061365,-1.1685516032252015,20.786209919369963
20240115,40.77,fear,-0.09607728282863848,0.0,0.3732658417697788,28.877640294963125,0.004874390701162355,54.874390701162355,0.13597767936362185,79.26752616162153,-0.36727433445819274,40.81814163854518
20240116,42.39,fear,-0.08937834749322093,0.0,0.30603448275862066,17.672413793103438,0.015742128935532236,65.74212893553224,0.1377269621686454,78.61964364124243,-0.004000093703148433,49.89999765742129
20240117,25.17,fear,-0.10792813927229217,0.0,0.05247376311844078,0.0,0.004310344827586207,54.310344827586206,0.15690560824470004,71.51644139085184,-2.4629095577211393,0.0
20240118,37.4,fear,-0.09415614756171675,0.0,0.31279265780108634,18.798776300181054,0.009739651620153587,59.73965162015358,0.16214817298026604,69.57475074804961,-0.4441545420490728,38.89613644877318
20240119,29.62,fear,-0.09436146337352935,0.0,0.1955422363738528,0.0,0.002809514890428918,52.80951489042892,0.15742601227315134,71.3236991580921,-1.0416806330773554,23.957984173066116
20240122,18.47,extreme fear,-0.107256006483328,0.0,0.02753324592620341,0.0,-0.026034837984641318,23.965162015358686,0.1653360866676193,68.39404197495581,-5.682858849971905,0.0
20240123,48.32,neutral,-0.10246696623681428,0.0,0.5577823562464881,59.630392707748,0.005057126802772055,55.057126802772046,0.16575306601135634,68.23960518097913,0.3467432852594119,58.668582131485294
20240124,62.21,greed,-0.08885220009637185,0.0,0.7522471910112359,92.04119850187263,0.017228464419475658,67.22846441947567,0.173520282082615,65.36285848792036,1.4567822846441947,86.41955711610487
20240125,66.93,greed,-0.06937034896206751,0.0,0.9148099606815203,100.0,0.02471447294514136,74.71447294514135,0.18816920926284367,59.93732990265049,3.378926418273732,100.0
20240126,39.93,fear,-0.07071673014667967,0.0,0.4017222014226881,33.620366903781346,0.00861100711344066,58.611007113440664,0.16698300710310043,67.78407144329614,-0.4138381692250094,39.65404576937477
20240129,15.99,extreme fear,-0.07780973764065002,0.0,0.09096013475575519,0.0,-0.037619314991577765,12.380685008422237,0.16760053665698965,67.55535679370753,-3.281229683698297,0.0
20240130,20.52,extreme fear,-0.09274103878774831,0.0,0.058581321355043986,0.0,-0.013101253977166386,36.89874602283362,0.17263583990401427,65.69042966517989,-3.0670853640277005,0.0
20240131,16.12,extreme fear,-0.09943103854158686,0.0,0.09169161676646706,0.0,-0.0344311377245509,15.568862275449103,0.17445775015095608,65.01564809223848,-4.429110160928144,0.0
20240201,23.3,extreme fear,-0.09719184499566225,0.0,0.20677395209580837,1.12899201596806,-0.009730538922155689,40.26946107784431,0.1728598718763193,65.60745486062248,-1.62061126497006,9.484718375748502
20240202,20.15,extreme fear,-0.10629176576342259,0.0,0.07277829747427503,0.0,-0.013657623947614593,36.34237605238541,0.1760713406065906,64.41802199755904,-4.327978914873714,0.0
20240205,13.04,extreme fear,-0.09881671755646626,0.0,0.07990269461077844,0.0,-0.502806886227545,0.0,0.1739352599328532,65.20916298783214,-8.01547773203593,0.0
20240206,67.15,greed,-0.06599340378750296,0.0,0.7165575304022451,86.09292173370751,0.0695977549111319,100.0,0.21591526724639287,49.661012130965595,2.9497244527595883,100.0
20240207,20.0,extreme fear,-0.055608195415703165,0.0,0.41358024691358025,35.596707818930035,-0.0828656939768051,0.0,0.21745014773663388,49.09253787532077,-1.386786026936027,15.330349326599324
20240208,70.15,greed,-0.048270158212819325,1.7298417871806775,0.8982797307404637,100.0,0.3025430067314884,100.0,0.21766293640850573,49.01372725610897,6.575074551234105,100.0
20240219,72.3,greed,-0.036044318613834614,13.95568138616539,0.7961854899027674,99.36424831712789,0.07516828721017203,100.0,0.21996656256025773,48.16053238508972,3.3193252617801043,100.0
20240220,60.87,greed,-0.03281102487806198,17.188975121938025,0.6694091249065071,78.2348541510845,0.026551982049364247,76.55198204936426,0.21970500843733387,48.25740428246893,1.3655688481675394,84.13922120418849
20240221,68.31,greed,-0.0188110412017487,31.1889587982513,0.7677636499626028,94.62727499376713,0.028421839940164548,78.42183994016455,0.2230638336461919,47.01339494585485,1.6126209798055344,90.31552449513836
20240222,73.27,greed,-0.009521294788311652,40.47870521168835,0.8571428571428571,100.0,0.022064323111443532,72.06432311144353,0.2047432834682258,53.798783900657114,2.1949373784592368,100.0
20240223,75.58,extreme greed,-0.007845573795108862,42.15442620489114,0.8228913409388442,100.0,0.030671404525902377,80.67140452590237,0.2013525072545901,55.05462694274439,2.530266953431831,100.0
20240226,66.27,greed,-0.017373811913352077,32.62618808664792,0.6898615787504676,81.64359645841125,0.028058361391694726,78.05836139169472,0.20657300476587293,53.12110934597299,1.4361867377478488,85.90466844369622
20240227,76.35,extreme greed,-0.004823672021196046,45.176327978803954,0.9409014400598467,100.0,0.029923321488685244,79.92332148868525,0.1970007496825388,56.66638900646711,2.9015340938844214,100.0
20240228,17.32,extreme fear,-0.01675580323675996,33.24419676324004,0.05049560501215635,0.0,-0.2105853749766224,0.0,0.20597421835276358,53.342882091569045,-5.905637217131101,0.0
20240229,77.88,extreme greed,0.002490060892961443,52.490060892961445,0.9773704881241818,100.0,0.03515990274920516,85.15990274920516,0.21021491622627925,51.7722532495262,3.7533916962782867,100.0
20240301,66.88,greed,0.009190503941366446,59.190503941366444,0.6587509349289454,76.45848915482422,0.01608077786088257,66.08077786088256,0.20137123066460832,55.04769234644136,1.1048376402393418,77.62094100598354
20240304,52.92,neutral,0.010423938885705253,60.423938885705255,0.3894913986537023,31.581899775617046,0.015332834704562454,65.33283470456244,0.20044032847771764,55.39247093417865,0.07488350785340314,51.87208769633508
20240305,39.07,fear,0.01782377458962814,67.82377458962814,0.17464472700074796,0.0,0.010471204188481676,60.47120418848168,0.19565553337263067,57.16461726939605,-1.6035761967090503,9.910595082273744
20240306,69.36,greed,0.014060343165201328,64.06034316520133,0.6432846988402544,73.8807831400424,0.020014964459408906,70.01496445940892,0.18092656861484274,62.61978940191009,1.049890553684998,76.24726384212495
20240307,44.97,fear,0.008483151462068905,58.4831514620689,0.2837635615413393,13.960593590223214,0.011410400299289188,61.41040029928919,0.17808654706935156,63.67164923357349,-0.9067566404788626,27.33108398802844
20240308,69.76,greed,0.01339118107416648,63.39118107416648,0.678511314755938,79.75188579265631,0.015896764540864035,65.89676454086404,0.17747270496207954,63.89899816219276,1.0335240882737984,75.83810220684497
20240311,82.89,extreme greed,0.02653840653780093,76.53840653780092,0.8387579498690609,100.0,0.022072577628133184,72.07257762813319,0.1677766345113181,67.49013536617848,1.934746333707445,98.36865834268613
20240312,74.93,greed,0.02928743431485037,79.28743431485037,0.6918474195961107,81.9745699326851,0.016828721017202692,66.82872101720268,0.16831542563310312,67.29058309885069,1.170636406133134,79.26591015332835
20240313,60.79,greed,0.02260950826215624,72.60950826215624,0.41813084112149534,36.35514018691588,0.01252336448598131,62.523364485981304,0.1354380428259329,79.46739154595078,0.12010579439252338,53.00264485981309
20240314,51.99,neutral,0.020377419872512847,70.37741987251285,0.29121495327102803,15.202492211838,0.00897196261682243,58.971962616822424,0.13557848616702153,79.41537549369572,-0.5614781869158879,35.963045327102805
20240315,82.31,extreme greed,0.023190052438071262,73.19005243807126,0.8212750046737708,100.0,0.019255935688913813,69.25593568891382,0.13509635667210962,79.59394197329273,1.5805410730977754,89.51352682744438
20240318,86.63,extreme greed,0.03329544666709583,83.29544666709583,0.8580777860882572,100.0,0.02112939416604338,71.12939416604338,0.13348948566398133,80.18907938371062,1.9412838631264024,98.53209657816006
20240319,56.21,greed,0.026295157012668824,76.29515701266882,0.3257943925233645,20.965732087227412,0.012897196261682243,62.89719626168224,0.13820307742635035,78.44330465690727,-0.3028612710280374,42.42846822429907
20240320,79.29,extreme greed,0.02888442403769287,78.88442403769287,0.7245374696318445,87.42291160530742,0.020743786208185386,70.74378620818538,0.1318782084979904,80.785848704448,1.143812446271725,78.59531115679313
20240321,62.12,greed,0.028092361459152615,78.09236145915261,0.4128200336385722,35.47000560642869,0.014950476546439918,64.95047654643993,0.12978986634569106,81.55930876085516,0.020618856288544197,50.51547140721361
20240322,44.48,fear,0.018236122032879276,68.23612203287928,0.17267800411138104,0.0,0.010465333582507941,60.46533358250794,0.1360154287189589,79.25354491890411,-1.4231881330592413,14.420296673518967
20240325,37.73,fear,0.013201091235466311,63.20109123546631,0.13695814648729446,0.0,-0.005418535127055306,44.58146487294469,0.13161990364208492,80.88151716959817,-2.439822571001495,0.0
20240326,61.58,greed,0.01881342616061432,68.81342616061433,0.47225854660937794,45.376424434896315,0.012142723706332898,62.142723706332895,0.12619154951806963,82.89201869701125,-0.05270439006164768,48.68239024845881
20240327,36.41,fear,0.00751488727847871,57.51488727847871,0.1099906629318394,0.0,-0.008963585434173669,41.036414565826334,0.12457699757453311,83.49000089832107,-3.0625919514472453,0.0
20240328,85.32,extreme greed,0.013225553514360167,63.225553514360165,0.8541822255414488,100.0,0.022964899178491413,72.96489917849142,0.105880503453432,90.41462835058074,2.277619193427931,100.0
20240329,78.25,extreme greed,0.01840844971361566,68.40844971361565,0.7236743838685586,87.2790639780931,0.014563106796116504,64.5631067961165,0.10487406952403307,90.78738165776554,1.2086415795369678,80.2160394884242
20240401,88.15,extreme greed,0.03541524766952042,85.41524766952043,0.8678611422172452,100.0,0.020156774916013438,70.15677491601343,0.12002693985543327,85.17520746095065,2.1552876819708846,100.0
20240402,62.76,greed,0.031322261990093025,81.32226199009303,0.4254525097966038,37.57541829943396,0.013248740436648629,63.24874043664863,0.11893845092269958,85.57835151011126,-0.15791946258630343,46.05201343534242
20240403,54.07,neutral,0.02801994545933817,78.01994545933817,0.32941396043299737,21.568993405499555,0.005412467338559164,55.41246733855917,0.11872816598655052,85.65623481979611,-0.8117976483762598,29.705058790593508
20240408,40.8,fear,0.019392461177216935,69.39246117721693,0.14866629360193995,0.0,-0.00018653236336504259,49.813467636634954,0.12107498113316031,84.78704402475543,-2.443530050363738,0.0
20240409,79.86,extreme greed,0.01892513393547146,68.92513393547146,0.7769488996643044,96.15814994405072,0.013241327862737785,63.24132786273778,0.12009053820567617,85.15165251641623,1.4338850242446848,85.84712560611712
20240410,41.48,fear,0.01108315949865668,61.083159498656684,0.17493472584856398,0.0,0.0050354345393509884,55.03543453935098,0.11344023420355759,87.61472807275645,-1.8528147519582245,3.6796312010443866
20240411,61.97,greed,0.011381792770670973,61.38179277067097,0.49878799179563676,49.79799863260612,0.007085586425508111,57.08558642550812,0.11278383238196138,87.85783985853283,0.14900022375536084,53.72500559388402
20240412,49.2,neutral,0.0036674959323363954,53.667495932336394,0.2832369942196532,13.872832369942198,0.009323140033563306,59.323140033563305,0.11360131854402665,87.55506720591606,-0.737688588476599,31.55778528808503
20240415,31.66,fear,0.025070938244226237,75.07093824422624,0.22916278202498602,4.860463670831002,-0.0857728883087824,0.0,0.13842047356864828,78.3627875671673,-3.3136414693268694,0.0
20240416,28.23,fear,0.01447335896646651,64.4733589664665,0.05202312138728324,0.0,-0.2729815401827335,0.0,0.1430163703244546,76.66060358353533,-6.386361010628378,0.0
20240417,90.9,extreme greed,0.03048528904682457,80.48528904682458,0.9593435285341291,100.0,0.1650503543453935,100.0,0.15019107754379887,74.00330461340782,5.947603711301753,100.0
20240418,59.59,greed,0.031980008125876536,81.98000812587654,0.3948890132437978,32.48150220729963,0.01268420070882298,62.68420070882298,0.14817151434657327,74.75129098275063,-0.15717047192687933,46.070738201828014
20240419,51.96,neutral,0.024046307041166726,74.04630704116673,0.3144243328979287,19.070722149654777,0.008956894943086397,58.95689494308639,0.15043752639159855,73.91202726237091,-0.6479199477514461,33.802001306213846
20240422,51.82,neutral,0.021192169833291308,71.1921698332913,0.3590892123926838,26.514868732113968,0.0033594624860022407,53.35946248600224,0.1506807445308377,73.8219464700601,-0.6316178798058977,34.20955300485255
20240423,66.31,greed,0.014299341643645436,64.29934164364543,0.6040694418517827,67.3449069752971,0.008213552361396304,58.2135523613963,0.14850490114047307,74.62781439241738,0.6821212992346463,67.05303248086616
20240424,79.89,extreme greed,0.018781577983856712,68.7815779838567,0.7829413960432997,97.15689934054993,0.012877939529675253,62.87793952967525,0.148281236125398,74.71065328688962,1.8367439716312057,95.91859929078015
20240425,64.28,greed,0.0212401412273151,71.2401412273151,0.5486461251167134,58.10768751945222,0.00784313725490196,57.843137254901954,0.1473655814158654,75.04978466079059,0.36565230625583567,59.141307656395895
20240426,80.63,extreme greed,0.03659365147780491,86.59365147780491,0.7355031799476244,89.25052999127072,0.017957351290684626,67.95735129068461,0.15058192355207375,73.85854683256528,1.4200922371866815,85.50230592966703
20240429,89.83,extreme greed,0.04772732427016391,97.7273242701639,0.845793516957092,100.0,0.0288551620760727,78.8551620760727,0.15405068604723682,72.57381998250489,2.7207651114858535,100.0
20240430,56.22,greed,0.041843531862104655,91.84353186210465,0.3637049613280513,27.284160221341878,0.004338803999245425,54.33880399924542,0.15541692637218077,72.06780504734046,-0.577434785889455,35.56413035276363
20240506,88.72,extreme greed,0.056951229010375526,100.0,0.8451890677648821,100.0,0.020778734556345938,70.77873455634594,0.1533923993661242,72.81762986439844,2.1211747285660802,100.0
20240507,72.42,greed,0.05704191020255034,100.0,0.5623362036690378,60.389367278172955,0.01347809809060277,63.478098090602764,0.1522505850131459,73.24052406920522,0.6002145638337703,65.00536409584426
20240508,50.09,neutral,0.04861390996614223,98.61390996614223,0.18314606741573033,0.0,0.011048689138576779,61.048689138576776,0.1547420543613057,72.31775764396085,-1.2618939700374532,18.45265074906367
20240509,83.58,extreme greed,0.058307450762875135,100.0,0.8028459090058041,100.0,0.011608313049990639,61.608313049990635,0.15310687927998737,72.92337804444912,1.3347790114210822,83.36947528552705
20240510,51.76,neutral,0.05857010043570732,100.0,0.2557573488110841,9.29289146851401,0.003931847968545216,53.93184796854522,0.1528783934788575,73.00800241523795,-1.0980761280659053,22.54809679835237
20240513,47.51,neutral,0.0578420499286838,100.0,0.2104868913857678,1.747815230961296,0.0011235955056179778,51.12359550561798,0.1485544018241877,74.6094808058564,-1.5981633333333336,10.04591666666666
20240514,75.71,extreme greed,0.0554574701695727,100.0,0.6490735541830432,74.84559236384052,0.009545199326221224,59.54519932622122,0.14913522940373078,74.39435948009971,0.7896769230769232,69.74192307692309
20240515,53.3,neutral,0.04652944377620383,96.52944377620383,0.24812874251497005,8.021457085828338,0.0056137724550898195,55.613772455089816,0.14947694946961734,74.26779649273432,-0.716924120508982,32.07689698727545
20240516,71.5,greed,0.050607601872413754,100.0,0.5283548568220101,54.72580947033501,0.010855324723937862,60.85532472393786,0.13209097728951563,80.70704544832753,0.44863778775968555,61.21594469399214
20240517,85.68,extreme greed,0.0612980425475258,100.0,0.7647389107243122,94.12315178738534,0.0194647201946472,69.46472019464719,0.12777377769572157,82.30600826084387,1.3003736664795058,82.50934166198765
20240520,70.89,greed,0.06485508587917521,100.0,0.5160142348754448,52.66903914590746,0.008053942685896235,58.05394268589623,0.11820147585907764,85.85130523737865,0.31533584941000187,57.88339623525005
20240521,53.2,neutral,0.06036543123952276,100.0,0.21490078622238862,2.4834643703981008,0.003369524522650693,53.36952452265069,0.11996259520372107,85.19903881343664,-1.001308217895919,24.967294552602027
20240522,75.12,extreme greed,0.06249907426248069,100.0,0.5816956765861875,63.61594609769791,0.011603967808347371,61.60396780834737,0.11473382590446089,87.13562003538485,0.5291705596107056,63.22926399026764
20240523,49.23,neutral,0.05005254893822042,100.0,0.13775032753134944,0.0,0.007486430844095078,57.48643084409508,0.12338915142359064,83.92994391718865,-1.8107075612951524,4.732310967621189
20240524,51.12,neutral,0.03844180803222619,88.44180803222619,0.24574209245742093,7.623682076236819,0.0026202507954332776,52.62025079543328,0.12791377316820632,82.25415808584951,-1.0143975107617444,24.64006223095639
20240527,74.45,greed,0.04815918262448027,98.15918262448027,0.6360232166261,72.67053610434998,0.00599138738064033,55.99138738064033,0.13077089446262466,81.19596501384271,0.5696111027897398,64.2402775697435
20240528,50.7,neutral,0.040410478827702656,90.41047882770266,0.21512825313611683,2.5213755226861365,0.005055233102415277,55.05523310241528,0.13448224705262268,79.82138998051012,-0.9729721962179367,25.675695094551582
20240529,67.74,greed,0.04157506473806083,91.57506473806083,0.5156337764463583,52.605629407726376,0.005616925669350309,55.6169256693503,0.12368198487561674,83.82148708310491,0.2024176184235162,55.0604404605879
20240530,55.66,greed,0.03600620417007505,86.00620417007505,0.31336578060651443,18.8942967677524,0.0035567203294646207,53.556720329464625,0.11857816278116416,85.71179156253179,-0.634164863347061,34.14587841632347
20240531,72.01,greed,0.03177477333031575,81.77477333031575,0.6116832053922486,68.61386756537476,0.007302003370155401,57.3020033701554,0.11790400311154557,85.9614803290572,0.6554746489421457,66.38686622355364
20240603,44.96,fear,0.03425290513451329,84.25290513451328,0.16981838607002434,0.0,-0.003744617112900207,46.25538288709979,0.10419727483841257,91.0380463561435,-1.8707336828309304,3.231657929226739
20240604,59.55,greed,0.041825415891225015,91.82541589122502,0.3889513108614232,31.491885143570524,0.0024344569288389517,52.43445692883895,0.10837890387601926,89.48929486073361,-0.6987850374531835,32.53037406367041
20240605,46.84,neutral,0.03561186847488207,85.61186847488207,0.12609915809167446,0.0,0.0022450888681010287,52.24508886810103,0.10675364251346922,90.09124351352992,-1.7504960149672593,6.237599625818518
20240606,41.11,fear,0.034701963067726105,84.7019630677261,0.09519356648587993,0.0,-0.021694408079296804,28.3055919207032,0.10010675909630541,92.55305218655356,-3.6023397232092766,0.0
20240607,85.06,extreme greed,0.029276009645809786,79.27600964580978,0.7707709580838323,95.12849301397203,0.01216317365269461,62.1631736526946,0.10096135425338164,92.2365354617105,1.8599471369760476,96.49867842440119
20240611,69.3,greed,0.02017059895703488,70.17059895703488,0.5696107784431138,61.601796407185624,0.0074850299401197605,57.48502994011976,0.10431662732162851,90.99384173273017,0.6498285366766468,66.24571341691616
20240612,79.0,extreme greed,0.020385260622040935,70.38526062204093,0.7427075542258789,90.45125903764645,0.010658189977561705,60.658189977561705,0.10454573387429197,90.90898745396593,1.3048412116679133,82.62103029169782
20240613,55.88,greed,0.015050941458731648,65.05094145873164,0.32529444756029163,20.882407926715267,0.010095344924284913,60.09534492428491,0.10222981803328858,91.76673406174497,-0.33513458590390727,41.62163535240232
20240614,63.73,greed,0.019139131417307054,69.13913141730706,0.5016822429906542,50.28037383177569,0.005420560747663551,55.42056074766355,0.10253279748581673,91.6545194496975,0.08557642990654206,52.13941074766355
20240617,54.87,neutral,0.017284124751133945,67.28412475113394,0.29949523275378576,16.582538792297623,0.007291082445316881,57.29108244531689,0.09278375791673998,95.26527484565186,-0.4836014208263226,37.90996447934194
20240618,80.02,extreme greed,0.019623779043161926,69.62377904316193,0.7463998503833925,91.0666417305654,0.012530390873386945,62.53039087338694,0.09214700214751731,95.50111031573434,1.2553725079483824,81.38431269870956
20240619,55.13,greed,0.014478922819644469,64.47892281964447,0.3002244668911336,16.704077815188924,0.0102880658436214,60.288065843621396,0.09239906114851608,95.40775513017923,-0.4491477179199402,38.7713070520015
20240620,42.27,fear,0.0069631994583572165,56.96319945835722,0.15528531337698784,0.0,0.0054256314312441534,55.42563143124415,0.09269247737457027,95.29908245386287,-1.8538673900841909,3.653315247895228
20240621,59.36,greed,0.004601936193578515,54.60193619357852,0.4460243217960711,41.00405363267851,0.004864359214218896,54.864359214218894,0.08626738425013086,97.67874657402561,-0.05360209541627688,48.65994761459308
20240624,39.15,fear,-0.0010499497370425326,48.95005026295747,0.06138873292157963,0.0,-0.0029945723376380304,47.00542766236197,0.08053474600434973,99.80194592431491,-3.6336597791502907,0.0
20240625,61.56,greed,-0.006724395821320117,43.275604178679885,0.5322218059198202,55.37030098663668,0.0086174597227426,58.617459722742595,0.06956267349531861,100.0,0.020752210565754967,50.51880526414387
20240626,82.87,extreme greed,-0.0006193749552616534,49.380625044738345,0.8984097287184284,100.0,0.014967259120673525,64.96725912067353,0.07397618735325209,100.0,2.7784312441534142,100.0
20240627,39.88,fear,-0.008411917424206106,41.58808257579389,0.10020603109196478,0.0,0.0035587188612099642,53.55871886120996,0.07572096810456412,100.0,-1.8306257538864958,4.234356152837604
20240628,64.64,greed,-0.006538686631955226,43.46131336804477,0.5685650056200824,61.42750093668039,0.0067440989134507304,56.74409891345073,0.07635959952937418,100.0,0.4618632071937055,61.546580179842636
20240701,70.45,greed,-0.0022098856238548237,47.790114376145176,0.6711019490254873,78.51699150424786,0.005809595202398801,55.809595202398796,0.07939929912900386,100.0,0.8056312781109446,70.14078195277361
20240702,59.73,greed,-0.004366985409145485,45.633014590854515,0.45408545727136435,42.34757621189405,0.010307346326836582,60.30734632683657,0.07805862168854996,100.0,0.013772676161919035,50.34431690404798
20240703,47.26,neutral,-0.0070552359690728705,42.94476403092713,0.2530459231490159,8.84098719150265,0.0052483598875351445,55.248359887535145,0.0701879414471735,100.0,-0.8285836176194938,29.285409559512654
20240704,37.91,fear,-0.012324266156227504,37.6757338437725,0.08002248875562219,0.0,0.0018740629685157421,51.874062968515744,0.06975418528751932,100.0,-2.5668661169415294,0.0
20240705,71.65,greed,-0.01679231887407684,33.20768112592316,0.7360824742268042,89.3470790378007,0.008997188378631678,58.997188378631684,0.06995821471691224,100.0,1.0687336457357077,76.71834114339269
20240708,34.9,fear,-0.02533471841164503,24.665281588354972,0.08511436070491189,0.0,-0.0001874765654293212,49.812523434570686,0.07282762659700245,100.0,-2.6894602924634423,0.0
20240709,78.24,extreme greed,-0.014489596352122658,35.51040364787734,0.800374531835206,100.0,0.012734082397003745,62.734082397003746,0.08358335647311964,98.67283093588162,1.770450449438202,94.26126123595505
20240710,46.75,neutral,-0.017591989641669636,32.408010358330365,0.28903032572070386,14.838387620117308,0.005241482590789966,55.24148259078996,0.08350056660044651,98.70349385168647,-0.6982181392736803,32.54454651815799
20240711,81.71,extreme greed,-0.006546435700174547,43.45356429982545,0.9339198801946836,100.0,0.020404342942718083,70.40434294271807,0.09434193150318143,94.6881735173402,3.05799807188319,100.0
20240712,53.79,neutral,-0.005548521059963174,44.45147894003683,0.37308124298015727,28.846873830026205,0.005990265818045675,55.99026581804567,0.0926970694717096,95.2973816771446,-0.22531110071134405,44.3672224822164
20240715,41.91,fear,-0.004741870538700899,45.2581294612991,0.16676024705221784,0.0,0.0050533408197641775,55.05334081976417,0.09296005578576369,95.19997933860604,-1.437940913344563,14.051477166385922
20240716,62.08,greed,0.0011791611802141055,51.17916118021411,0.46116413999625677,43.527356666042785,0.011603967808347371,61.60396780834737,0.0956759424581541,94.19409538586885,0.3956034999064196,59.890087497660495
20240717,53.85,neutral,0.0016295903239744725,51.62959032397447,0.30430711610486894,17.384519350811484,0.019850187265917602,69.8501872659176,0.09457144848356377,94.60316722830972,-0.5687247940074905,35.781880149812736
20240718,56.92,greed,0.006637709412916637,56.637709412916635,0.4039722690650178,33.995378177502964,0.004496908375491849,54.49690837549185,0.09314001419584823,95.13332807561177,-0.22748502904253326,44.31287427393667
20240719,68.62,greed,0.011202415456511572,61.202415456511574,0.5813343328335832,63.55572213893051,0.009370314842578711,59.37031484257871,0.0942017597118954,94.74008899559429,0.5701463830584707,64.25365957646176
20240722,65.19,greed,0.0038158933095604475,53.81589330956045,0.5445173383317713,57.419556388628536,0.009372071227741332,59.37207122774133,0.09553617639021818,94.2458605962155,0.44429465791940015,61.107366447985
20240723,34.9,fear,-0.017965894698545704,32.0341053014543,0.10646672914714152,0.0,0.007872539831302717,57.87253983130272,0.12186300335493759,84.49518394261571,-1.9951141330834115,0.1221466729147136
20240724,34.51,fear,-0.02447001951968497,25.52998048031503,0.14976569821930646,0.0,0.001499531396438613,51.49953139643861,0.1209832077517771,84.82103416600849,-1.5720409559512651,10.69897610121837
20240725,60.49,greed,-0.03008038109265254,19.919618907347463,0.6414775923495218,73.57959872492029,0.009750609413088319,59.75060941308832,0.11973667306062695,85.28271368124928,0.5575055128445527,63.93763782111381
20240726,72.05,greed,-0.027620927671169415,22.37907232883059,0.8406747891283973,100.0,0.012371134020618556,62.371134020618555,0.12001774052369824,85.1786146208525,1.6124947516401125,90.31236879100281
20240729,51.85,neutral,-0.0331678958473387,16.8321041526613,0.43915244702793926,39.8587411713232,0.015000937558597412,65.0009375585974,0.11927461163118991,85.45384754400374,0.08457971123195202,52.114492780798805
20240730,59.15,greed,-0.03947667435500235,10.523325644997653,0.63535808023997,72.55968003999499,0.013123359580052493,63.123359580052494,0.1206124453466379,84.9583535753193,0.5841601049868766,64.60400262467192
20240731,75.75,extreme greed,-0.01925032763416057,30.74967236583943,0.946944131983502,100.0,0.02230971128608924,72.30971128608923,0.1455955371432835,75.7053566135987,3.317237214098238,100.0
20240801,49.31,neutral,-0.026167621093846294,23.83237890615371,0.4068241469816273,34.47069116360454,0.01124859392575928,61.24859392575927,0.1463752991883441,75.41655585616886,0.06323413948256468,51.58085348706412
20240802,32.48,fear,-0.036335751220062606,13.664248779937397,0.18646926536731634,0.0,0.007121439280359821,57.12143928035982,0.1499493161089204,74.09284588558504,-1.2984720202398798,17.538199494003003
20240805,24.84,extreme fear,-0.04803120149588136,1.9687985041186433,0.09505061867266591,0.0,-0.0007499062617172848,49.25009373828272,0.15297392731704837,72.9726195122043,-2.4950070866141734,0.0
20240806,67.3,greed,-0.04814832355377119,1.8516764462288142,0.8937207122774133,100.0,0.01162136832239925,61.62136832239925,0.14632531334214544,75.43506913253873,1.903822999062793,97.59557497656984
20240807,44.07,fear,-0.04865387060428539,1.3461293957146152,0.4049850074962519,34.16416791604197,0.008620689655172414,58.62068965517242,0.1462073282971676,75.47876729734534,0.028812912293853063,50.72032280734633
20240808,44.09,fear,-0.048453817433248725,1.5461825667512779,0.4412591343451377,40.20985572418961,0.005621135469364811,55.621135469364816,0.13856461227854727,78.3094028597973,-0.20938251826869023,44.765437043282745
20240809,33.87,fear,-0.0519240249382813,0.0,0.24020985572418962,6.701642620698268,0.001873711823121604,51.8737118231216,0.13819632895214803,78.44580409179702,-0.7059553869214915,32.35111532696271
20240812,35.81,fear,-0.05379693542846231,0.0,0.2832521543649307,13.875359060821776,0.0033720494567253652,53.37204945672537,0.1377078220910789,78.62673255885966,-0.6726329898838517,33.18417525290371
20240813,57.29,greed,-0.05170538443881589,0.0,0.6987635818658674,83.12726364431123,0.006931434994379917,56.93143499437991,0.13524261270681234,79.53977307155098,0.6733939115773697,66.83484778943425
20240814,36.89,fear,-0.05909134676859917,0.0,0.25660235999250797,9.433726665417991,0.008241243678591496,58.241243678591495,0.13584531513257414,79.31654995089846,-0.5025163139164638,37.437092152088404
20240815,59.31,greed,-0.049855218586667305,0.144781413332698,0.7242929387525754,87.38215645876257,0.010863457576325154,60.86345757632515,0.14019574481049632,77.70527969981617,0.8180793219704063,70.45198304926016
20240816,39.13,fear,-0.048813014838342106,1.1869851616578968,0.31279265780108634,18.798776300181054,0.006555534744334145,56.555534744334146,0.13796874042863308,78.5300961375433,-0.37718600861584567,40.57034978460386
20240819,40.7,fear,-0.04557348128857108,4.42651871142892,0.3581865867366055,26.364431122767574,0.005058074185088047,55.058074185088046,0.1387556135049049,78.23866166485004,-0.4240041213937804,39.39989696515549
20240820,29.7,fear,-0.05231884987770852,0.0,0.1253043641131298,0.0,0.0033714178685147027,53.371417868514705,0.12088957802314033,84.85571184328136,-1.5896728038958607,10.258179902603482
20240821,42.08,fear,-0.05527449587886113,0.0,0.3462546816479401,24.375780274656677,0.006928838951310861,56.928838951310865,0.11978960039326195,85.26311096545854,-0.24674661048689142,43.83133473782772
20240822,30.16,fear,-0.057383552772927504,0.0,0.1455056179775281,0.0,0.0031835205992509366,53.18352059925093,0.11889441005763485,85.59466294161672,-1.518318820224719,12.042029494382023
20240823,41.15,fear,-0.05304109414382474,0.0,0.3535031847133758,25.583864118895956,0.005807418508804795,55.807418508804794,0.11958798755559022,85.33778238681843,-0.4391095541401274,39.02226114649682
20240826,61.46,greed,-0.053528957045200776,0.0,0.7196629213483146,86.61048689138575,0.007865168539325843,57.865168539325836,0.11852922799037269,85.72991555912122,1.0845513857677902,77.11378464419477
20240827,30.74,fear,-0.058589698780757815,0.0,0.19722794530811014,0.0,0.0014984079415620907,51.4984079415621,0.11818048615858366,85.85907920052458,-1.3472812886308296,16.31796778422926
20240828,58.11,greed,-0.06351065430056013,0.0,0.6401947930324031,73.36579883873384,0.005993631766248361,55.99363176624836,0.08398768519723017,98.52307955658142,0.5057194231129425,62.64298557782356
20240829,68.72,greed,-0.06565474219855472,0.0,0.7825435474808017,97.09059124680024,0.011799962539801461,61.79996253980147,0.08244171191089157,99.09566225522535,1.4236076606106014,85.59019151526503
20240830,72.14,greed,-0.05276244810107866,0.0,0.8765686458138228,100.0,0.017044390335268778,67.04439033526877,0.09340067667347689,95.03678641723079,1.944157463944559,98.60393659861397
20240902,30.96,fear,-0.06827332026157107,0.0,0.154206483042908,0.0,0.004309537193179689,54.30953719317969,0.1022905018573551,91.74425857134996,-1.6493742177253137,8.765644556867159
20240903,62.63,greed,-0.06530064818677805,0.0,0.7351067815661296,89.18446359435494,0.008430123641813413,58.43012364181342,0.10309894042475337,91.44483687972097,0.9627070625702511,74.06767656425627
20240904,37.77,fear,-0.07070701894029341,0.0,0.24203821656050956,7.006369426751589,0.0067440989134507304,56.74409891345073,0.10486523487249214,90.79065375092884,-0.6280110340951668,34.29972414762083
20240905,62.43,greed,-0.06848433368336526,0.0,0.7396028475084301,89.93380791807165,0.009554140127388535,59.554140127388536,0.10525135465228957,90.64764642507794,0.8799582240539529,71.99895560134883
20240906,30.07,fear,-0.07540548402187519,0.0,0.10097414762083178,0.0,0.005620082427875608,55.62008242787561,0.10781482670353183,89.69821233202525,-1.798740783064818,5.031480423379548
20240909,43.11,fear,-0.08565465470464406,0.0,0.36450524737631185,27.4175412293853,0.007308845577211395,57.3088455772114,0.11394366381472953,87.42827266121128,-0.2636281109445277,43.409297226386805
20240910,55.17,greed,-0.08402606246959066,0.0,0.6229385307346327,70.48975512243877,0.004685157421289355,54.685157421289354,0.11320054030031454,87.7035035924761,0.5187315404797601,62.96828851199401
20240911,39.62,fear,-0.08592268420263871,0.0,0.300561797752809,16.76029962546816,0.003932584269662922,53.93258426966292,0.11143814194386437,88.35624372449468,-0.4377699063670412,39.05575234082397
20240912,43.38,fear,-0.08900415302855225,0.0,0.3544943820224719,25.74906367041198,0.006367041198501872,56.367041198501866,0.10261405087359263,91.6244256023731,-0.2731543071161049,43.17114232209738
20240913,34.04,fear,-0.09196196561233916,0.0,0.20483055607564127,0.8050926792735428,0.005991387380640329,55.991387380640326,0.10180926439914079,91.92249466698489,-1.1407478374836173,21.48130406290957
20240918,37.94,fear,-0.0877440446795984,0.0,0.2848041971144838,14.134032852413961,0.0013115982761851223,51.31159827618512,0.1020884091981223,91.81910770439914,-0.7030654300168634,32.42336424957841
20240919,70.48,greed,-0.07968144206464167,0.0,0.8985398727068513,100.0,0.012542119056533133,62.54211905653313,0.10740990475563321,89.84818342383956,2.2061278360164733,100.0
20240920,42.04,fear,-0.07743729689866863,0.0,0.30681392736802693,17.802321228004484,0.010857356795207787,60.857356795207785,0.10805480863242516,89.60933013613882,-0.32375093597903404,41.90622660052415
20240923,50.0,neutral,-0.07326500363122901,0.0,0.48006737787759685,46.6778963129328,0.010668163952835485,60.668163952835485,0.10973620704286409,88.98658998412441,0.14677772786823884,53.66944319670597
20240924,69.64,greed,-0.032616409317782646,17.383590682217356,0.9670658682634731,100.0,0.022642215568862274,72.64221556886227,0.1929740534280871,58.157757989597364,3.4865203218562875,100.0
20240925,65.47,greed,-0.017969290187615283,32.030709812384714,0.7789414625023378,96.49024375038961,0.012343370114082663,62.34337011408266,0.19947230861744764,55.750996808352724,1.2289348980736863,80.72337245184215
20240926,79.81,extreme greed,0.023496245444756036,73.49624544475604,0.9618548990276738,100.0,0.03664921465968587,86.64921465968585,0.24490516950457536,38.92401129460171,3.440395774121166,100.0
20240927,85.04,extreme greed,0.06881958997809035,100.0,0.9773747195213164,100.0,0.06806282722513089,100.0,0.28194022017240217,25.207325862073276,5.139413500373972,100.0
20240930,80.0,extreme greed,0.1581063936852376,100.0,0.9985032740879326,100.0,0.5824134705332086,100.0,0.3943333352304404,0.0,11.842063947614594,100.0
20241008,80.0,extreme greed,0.22470112476527415,100.0,0.9417712038944018,100.0,0.42426511889159335,100.0,0.43075770470992025,0.0,8.924615802284217,100.0
20241009,20.0,extreme fear,0.1372475276813121,100.0,0.05523310241527804,0.0,-0.5175060850028085,0.0,0.5137741988447667,0.0,-9.204959314735069,0.0
20241010,52.77,neutral,0.14820323323856188,100.0,0.5612951525360285,60.215858756004735,0.002245929253228522,52.24592925322852,0.5129973864892245,0.0,0.05492472393786263,51.37311809844657
20241011,23.49,extreme fear,0.11564618643210167,100.0,0.08270958083832336,0.0,-0.03255988023952096,17.440119760479046,0.527619505633374,0.0,-3.6222197979041915,0.0
20241014,78.79,extreme greed,0.13590868887434993,100.0,0.9399438727782975,100.0,0.04396632366697848,93.9663236669785,0.5278331601266251,0.0,3.287229859681946,100.0
20241015,34.45,fear,0.10489043208533477,100.0,0.15001870557426114,0.0,0.010475121586232698,60.475121586232696,0.5403357438850849,0.0,-1.5297975308641978,11.755061728395056
20241016,58.32,greed,0.09714747978846838,100.0,0.5096279678444569,51.60466130740946,0.022434099831744252,72.43409983174426,0.5377858051427108,0.0,0.7018829313890447,67.54707328472611
20241017,47.22,neutral,0.08402554464589884,100.0,0.336322869955157,22.720478325859492,0.015508221225710016,65.50822122571,0.5421637683116723,0.0,-0.08453583707025412,47.886604073243646
20241018,80.0,extreme greed,0.12215107618081111,100.0,0.9521584750513923,100.0,0.057185572790132685,100.0,0.5483676321128459,0.0,3.55367961128761,100.0
20241021,76.84,extreme greed,0.12381876896705157,100.0,0.7052887310783031,84.21478851305052,0.07120164455242012,100.0,0.5463681385643341,0.0,2.4259593347037938,100.0
20241022,60.9,greed,0.12921226620819204,100.0,0.6719626168224299,78.66043613707163,0.006915887850467289,56.915887850467286,0.543751858621326,0.0,0.7561460747663551,68.90365186915888
20241023,58.86,greed,0.13242123606124312,100.0,0.5148681503646905,52.47802506078173,0.027866093136338133,77.86609313633814,0.5437171630015047,0.0,0.5589027492051617,63.97256873012904
20241024,52.89,neutral,0.11884643887627067,100.0,0.4002617311647037,33.37695519411727,0.026173116470368293,76.1731164703683,0.5497536687866578,0.0,0.19646180594503646,54.911545148625905
20241025,79.05,extreme greed,0.1257112550464925,100.0,0.8044494297999626,100.0,0.04524210132735091,95.24210132735091,0.5488608308459757,0.0,2.1913762198541784,100.0
20241028,79.67,extreme greed,0.1268286703758128,100.0,0.7901234567901234,98.35390946502056,0.06322484100261878,100.0,0.549205121268453,0.0,2.606721006359895,100.0
20241029,39.42,fear,0.11460037923440058,100.0,0.1987658937920718,0.0,0.03216155572176515,82.16155572176514,0.5402856954625879,0.0,-1.402509573672401,14.937260658189977
20241030,54.65,neutral,0.10364256896353252,100.0,0.43415637860082307,39.02606310013717,0.02992891881780771,79.9289188178077,0.5431678066420438,0.0,0.17097203516647966,54.274300879162
20241031,70.85,greed,0.10316888854493289,100.0,0.656758272574313,76.12637876238549,0.04299869134417648,92.99869134417649,0.5274945415839184,0.0,1.404635427182651,85.11588567956628
20241101,20.0,extreme fear,0.10198076034080117,100.0,0.18246401196485323,0.0,-0.057393905402879045,0.0,0.5065816765612295,0.0,-3.2300159842961302,0.0
20241104,76.99,extreme greed,0.11657596743740828,100.0,0.8403738317757009,100.0,0.034953271028037386,84.95327102803738,0.407438522980824,0.0,2.3097339626168227,100.0
20241105,80.0,extreme greed,0.14373816859492328,100.0,0.947132449093966,100.0,0.06463665234447973,100.0,0.35574525967443005,0.0,3.3284921726134873,100.0
20241106,70.88,greed,0.13692070013075708,100.0,0.5282032125513635,54.70053542522724,0.03828912962271199,88.28912962271198,0.24919160658764067,37.33644200457753,0.9638714792678371,74.09678698169593
20241107,85.25,extreme greed,0.16993156730044778,100.0,0.84572282405678,100.0,0.045946955547254385,95.94695554725438,0.26819221394772147,30.29918001936241,2.624780332461711,100.0
20241108,60.69,greed,0.15701578640896163,100.0,0.41486183719193426,35.8103061986557,0.02744585511575803,77.44585511575804,0.24898099154096034,37.41444757742208,0.1103835138162808,52.75958784540702
20241111,85.18,extreme greed,0.16333712557064106,100.0,0.7361733931240658,89.36223218734428,0.04652466367713005,96.52466367713005,0.24202241316882267,39.991698826361976,2.241000224215247,100.0
20241112,49.72,neutral,0.14946502526837446,100.0,0.27760134504016437,12.933557506694058,0.012703157108163644,62.70315710816365,0.2229779556778297,47.04520160080382,-0.9627812628432655,25.930468428918363
20241113,63.55,greed,0.15538362649317206,100.0,0.4832804035120493,47.21340058534154,0.016252568653091725,66.25256865309173,0.22044633900775074,47.98283740453676,0.2523782925462357,56.3094573136559
20241114,38.83,fear,0.13439630201179642,100.0,0.09096002988419873,0.0,-0.0014942099364960767,48.50579006350392,0.226797656083419,45.63049774688185,-2.840821946208442,0.0
20241115,43.54,fear,0.11373759373241965,100.0,0.1734827264239029,0.0,0.007843137254901959,57.843137254901954,0.2024054405842571,54.664651635460324,-1.79326522875817,5.168369281045749
20241118,37.02,fear,0.10775352464702603,100.0,0.21767563527653214,2.945939212755354,-0.022234678624813157,27.765321375186847,0.20311287226599395,54.40263990148372,-2.213009958893871,0.0
20241119,85.3,extreme greed,0.11434626491100053,100.0,0.8435107376283847,100.0,0.022222222222222223,72.22222222222221,0.2034894578556683,54.26316375715988,2.3251138001867417,100.0
20241120,88.97,extreme greed,0.11606484128525674,100.0,0.8533308453069602,100.0,0.040492629221869754,90.49262922186976,0.20318627960532304,54.375451998028495,2.3693906885612988,100.0
20241121,68.18,greed,0.11630591205942231,100.0,0.47844747154319833,46.40791192386638,0.025564470983392422,75.56447098339241,0.19866821459965206,56.04880940753627,0.5160355663370031,62.90088915842508
20241122,40.95,fear,0.08126102387841527,100.0,0.0800223838836038,0.0,0.009140085804887146,59.14008580488714,0.22678969169635266,45.633447519869385,-3.509930889759373,0.0
20241125,78.91,extreme greed,0.07594197548889636,100.0,0.6966417910447761,82.773631840796,0.03283582089552239,82.83582089552239,0.22681813213588267,45.62291402374715,1.3317260634328358,83.2931515858209
20241126,48.35,neutral,0.07325508907188016,100.0,0.28651371012870736,14.41895168811789,-0.0020518559970154823,47.94814400298451,0.22457699744778856,46.45296390822645,-0.6837674874090655,32.90581281477336
20241127,81.95,extreme greed,0.09119561709051927,100.0,0.8078358208955224,100.0,0.023320895522388058,73.32089552238806,0.23156258378335123,43.865709709869904,1.7033395335820896,92.58348833955223
20241128,63.17,greed,0.0809897185975319,100.0,0.47219111608809256,45.36518601468209,0.020903322135125045,70.90332213512504,0.2338296104597132,43.026070200106204,0.2631699514744308,56.57924878686077
20241129,82.95,extreme greed,0.09253106382468057,100.0,0.7999627143922446,99.99378573204075,0.030014914243102164,80.01491424310217,0.23736495167939542,41.71668456318688,1.7206173005219985,93.01543251304996
20241202,86.23,extreme greed,0.10037169161764181,100.0,0.86609474076837,100.0,0.038045505408429686,88.04550540842968,0.23365973831325734,43.08898580990468,2.2454823013800818,100.0
20241203,64.01,greed,0.10068125021090935,100.0,0.4565460649011563,42.75767748352604,0.021260723610593064,71.26072361059308,0.21405988208128732,50.348191821745424,0.2268512868332712,55.67128217083178
20241204,45.54,neutral,0.0938845768545824,100.0,0.18295412159641924,0.0,0.012122342409548677,62.12234240954868,0.2141575361305453,50.31202365535358,-1.3894835322640804,15.26291169339799
20241205,82.45,extreme greed,0.09058039783434202,100.0,0.7126351099515468,85.43918499192445,0.02925829295564666,79.25829295564665,0.17950625783382457,63.14583043191682,1.3769939247111442,84.42484811777861
20241206,77.29,extreme greed,0.10403891760675466,100.0,0.6778523489932886,79.6420581655481,0.02330350484712901,73.303504847129,0.18571131515402917,60.847661054063266,0.9071280760626398,72.678201901566
20241209,57.09,greed,0.10130317221369989,100.0,0.3804550540842969,30.075842347382814,0.004289444237224917,54.28944423722491,0.18319917302034708,61.77808406653811,-0.4275346512495338,39.311633718761655
20241210,72.67,greed,0.10838015388824518,100.0,0.5388630009319665,56.47716682199441,0.02590866728797763,75.90866728797762,0.182773441030019,61.93576258147444,0.7605746318732527,69.01436579683131
20241211,81.79,extreme greed,0.10547475533618123,100.0,0.7182258665672754,86.37097776121256,0.028512858740216175,78.51285874021619,0.18078205327001812,62.67331360369699,1.2556672195303764,81.39168048825941
20241212,79.24,extreme greed,0.11526929321228563,100.0,0.6590273896031302,76.50456493385502,0.027203279299422393,77.20327929942239,0.17481135117201635,64.88468475110506,1.103886566051798,77.59716415129495
20241213,47.79,neutral,0.08794192458747108,100.0,0.1714498695490123,0.0,0.01900857249347745,69.00857249347744,0.1840500537637642,61.462943050457696,-1.6609592992918378,8.476017517704054
20241216,56.45,greed,0.08111661613957555,100.0,0.3292364990689013,21.539416511483545,0.01564245810055866,65.64245810055866,0.18430906058533955,61.36701459802239,-0.6512111173184358,33.7197220670391
20241217,35.38,fear,0.08302221046900615,100.0,0.10322340227315073,0.0,-0.035028880193776785,14.971119806223218,0.18277040752451976,61.93688610202972,-3.5185395751816655,0.0
20241218,69.8,greed,0.08753071045922778,100.0,0.5218848947662507,53.64748246104176,0.02104674986030918,71.04674986030918,0.18363243527620146,61.617616564369825,0.5077631029986962,62.69407757496741
20241219,64.06,greed,0.08755676025436632,100.0,0.45119225037257826,41.86537506209637,0.013040238450074515,63.04023845007451,0.18363464469669807,61.61679826048219,0.15098919523099855,53.77472988077496
20241220,80.16,extreme greed,0.08172069557481132,100.0,0.6618276568025312,76.97127613375518,0.019914386748557604,69.9143867485576,0.14537959676373205,75.7853345319511,1.1253707798250512,78.13426949562627
20241223,36.29,fear,0.0822996184094551,100.0,0.10333271271644014,0.0,-0.0448706013777695,5.129398622230504,0.14398295436145833,76.30260949575617,-4.037194935766151,0.0
20241224,79.77,extreme greed,0.0949125775892472,100.0,0.7285421709178924,88.0903618196487,0.011915844349283188,61.91584434928319,0.14911784379520499,74.40079859436852,0.9775419661143175,74.43854915285793
20241225,44.74,fear,0.09422183102244652,100.0,0.16970938897168406,0.0,-0.005029806259314456,44.970193740685545,0.13737537766795915,78.74986012297809,-2.0333467399403875,0.0
20241226,82.63,extreme greed,0.09345817392388622,100.0,0.6792628443782577,79.8771407297096,0.0199180938198064,69.9180938198064,0.13239860034849305,80.5931109820396,1.3096466679076695,82.74116669769174
20241227,77.49,extreme greed,0.09049161788875648,100.0,0.6605214152700186,76.75356921166976,0.011731843575418994,61.731843575419,0.12748749192403294,82.41204002813595,0.662192644320298,66.55481610800746
20241230,53.61,neutral,0.09412228182870197,100.0,0.24632010434134527,7.720017390224208,0.004285448108813118,54.285448108813114,0.12553941170106794,83.13355122182668,-1.08417061673188,22.895734581702996
20241231,45.83,neutral,0.07545878716282939,100.0,0.13128491620111732,0.0,0.000931098696461824,50.93109869646182,0.1388169534913813,78.21594315134027,-2.3271269646182495,0.0
20260106,86.19,extreme greed,0.07847437029345006,100.0,0.7525187763326616,92.08646272211024,0.026928008792819196,76.92800879281918,0.1377096733974485,78.62604688983389,1.332318959516395,83.30797398790988
20260107,67.74,greed,0.07378005659941644,100.0,0.39798534798534796,32.99755799755798,0.021062271062271064,71.06227106227105,0.1370337086052358,78.87640422028304,0.22990173992673993,55.7475434981685
20260108,81.64,extreme greed,0.06353276399084096,100.0,0.6834585088844111,80.57641814740182,0.023081150393845024,73.08115039384502,0.1394644449190636,77.97613151145792,1.0620427917200952,76.55106979300238
20260109,85.32,extreme greed,0.06685021515834988,100.0,0.7180802344751787,86.3467057458631,0.028576662392379555,78.57666239237956,0.13939225602777394,78.0028681378615,1.3459676131159553,83.64919032789888
20260112,94.59,extreme greed,0.07226271533147366,100.0,0.7591133907309031,93.18556512181718,0.0608169994504488,100.0,0.13460599640848317,79.77555688574697,2.2253077303535447,100.0
20260113,52.56,neutral,0.06436546706930879,100.0,0.297505502567865,16.250917094644162,-0.004035216434336023,45.96478356566398,0.13717240504200023,78.82503516962954,-1.1291646735143066,21.770883162142336
20260114,74.83,greed,0.05871832066300309,100.0,0.5036670333700036,50.61117222833392,0.026585991932526587,76.58599193252658,0.1355697091733041,79.41862623210959,0.7003875687568757,67.50968921892189
20260115,60.07,greed,0.059450554494315355,100.0,0.40864944108484513,34.77490684747418,-0.007146783947223748,42.853216052776254,0.1250207409934626,83.32565148390273,-0.42385711929631664,39.40357201759208
20260116,66.25,greed,0.05375008937207881,100.0,0.43424908424908426,39.041514041514034,0.004029304029304027,54.02930402930403,0.11283024645915285,87.84064945957302,0.014071007326007315,50.35177518315018
20260119,80.24,extreme greed,0.0529610119137538,100.0,0.6458524079838858,74.30873466398094,0.014283098333638528,64.28309833363852,0.1093578760286185,89.12671258199315,0.9398046145394616,73.49511536348655
20260120,63.75,greed,0.04822013919764201,98.22013919764201,0.4084507042253521,34.74178403755868,0.008231205414304006,58.23120541430401,0.11077983197237601,88.60006223245333,-0.44114344247301995,38.97141393817451
20260121,77.63,extreme greed,0.047913621520079275,97.91362152007927,0.5665141811527905,61.085696858798414,0.019945105215004574,69.94510521500457,0.10681961185340928,90.06681042466323,0.7653741811527903,69.13435452881976
20260122,80.55,extreme greed,0.04686989945277076,96.86989945277075,0.6544090742773508,75.7348457128918,0.01756311745334797,67.56311745334797,0.1068457683878486,90.05712281931534,0.900780314672521,72.51950786681303
