trade_date,score,rating,momentum_val,momentum_score,breadth_val,breadth_score,strength_val,strength_score,volatility_val,volatility_score,avgret_val,avgret_score
20230103,,extreme greed,,,0.7037037037037037,83.9506172839506,0.0,50.0,0.1332287260534476,80.28565701724162,0.5181234567901235,62.95308641975309
20230104,,extreme greed,,,0.4753086419753086,45.88477366255143,0.0061728395061728,56.17283950617284,0.1275266320730288,82.39754367665599,0.1616419753086419,54.04104938271605
20230105,,extreme greed,,,0.5123456790123457,52.05761316872428,0.0,50.0,0.1255664654863614,83.12353130134763,0.2318018518518518,55.79504629629631
20230106,,extreme greed,,,0.4135802469135802,35.596707818930035,0.0,50.0,0.1226869025398995,84.1900360963335,-0.041703086419753,48.95742283950617
20230109,,extreme greed,,,0.4567901234567901,42.79835390946501,0.0,50.0,0.1224408945170441,84.28115017887254,0.1740469135802468,54.35117283950617
20230110,,extreme greed,,,0.3333333333333333,22.22222222222221,0.0,50.0,0.1181180334692322,85.88220982621027,-0.1978697530864197,45.053256172839504
20230111,,extreme greed,,,0.3312883435582822,21.881390593047023,0.0,50.0,0.1141182256961847,87.36362011252417,-0.0270042944785275,49.32489263803681
20230112,,extreme greed,,,0.263803680981595,10.633946830265842,0.0,50.0,0.1105177257052062,88.69713862770139,-0.1713852760736196,45.71536809815951
20230113,,extreme greed,,,0.4171779141104294,36.1963190184049,0.0,50.0,0.1083313572227596,89.50690473231124,0.1498049079754601,53.745122699386506
20230116,67.32,greed,0.0167216761885395,66.72167618853959,0.6319018404907976,71.98364008179958,0.0,50.0,0.1112909775585155,88.41074905240164,0.3802122699386503,59.50530674846626
20230117,61.45,greed,0.017551780447824,67.55178044782402,0.4417177914110429,40.28629856850715,0.0061349693251533,56.13496932515337,0.1085900895019019,89.41107796225853,0.1544128834355828,53.86032208588957
20230118,74.76,greed,0.0262615457744899,76.26154577448992,0.6829268292682927,80.48780487804878,0.0060975609756097,56.09756097560975,0.113130192571591,87.72955830681813,0.9282548780487804,73.20637195121951
20230119,67.79,greed,0.0313454347899306,81.34543478993068,0.5818181818181818,63.636363636363626,0.0,50.0,0.1123559757812908,88.0163052661886,0.2386654545454545,55.96663636363637
20230120,84.4,extreme greed,0.0444675427551601,94.46754275516018,0.9454545454545454,100.0,0.006060606060606,56.060606060606055,0.0999704566239923,92.60353458370656,1.1540369696969697,78.85092424242424
20230130,86.49,extreme greed,0.0458348020857795,95.8348020857795,0.8554216867469879,100.0,0.0060240963855421,56.024096385542165,0.0790234422529652,100.0,1.2239325301204818,80.59831325301204
20230131,90.45,extreme greed,0.1019295850255468,100.0,1.0,100.0,0.1385542168674698,100.0,0.2089213952488633,52.25133509301358,6.77383795180723,100.0
20230201,65.43,greed,0.1023457546718809,100.0,0.5060240963855421,51.00401606425701,0.0120481927710843,62.04819277108433,0.2070799227115545,52.93336195868349,0.4457759036144579,61.14439759036146
20230202,37.13,fear,0.079502452789951,100.0,0.0718562874251497,0.0,-0.0119760479041916,38.02395209580839,0.2213634475491273,47.64316757439728,-2.024988622754491,0.0
20230203,60.85,greed,0.0749663680405372,100.0,0.4491017964071856,41.51696606786427,0.0119760479041916,61.97604790419161,0.2204927827354953,47.9656360238906,0.1124107784431138,52.81026946107784
20230206,43.25,fear,0.059175870686615,100.0,0.0833333333333333,0.0,0.0,50.0,0.229277532706647,44.71202492346404,-1.1381857142857144,21.545357142857146
20230207,68.68,greed,0.0604646943306295,100.0,0.625,70.83333333333333,0.0119047619047619,61.90476190476191,0.2292935473987721,44.70609355601031,0.6387529761904761,65.9688244047619
20230208,45.58,neutral,0.0555669315154729,100.0,0.1845238095238095,0.0,0.0,50.0,0.2303640232828966,44.30962100633457,-0.6568839285714286,33.57790178571428
20230209,73.33,greed,0.0586511963044582,100.0,0.7159763313609467,85.99605522682442,0.0118343195266272,61.83431952662721,0.2303603326887606,44.310987893051625,0.9798934911242604,74.49733727810651
20230210,48.88,neutral,0.0540123118276232,100.0,0.2958579881656805,15.976331360946745,-0.0059171597633136,44.08284023668639,0.2317714453620557,43.788353569608965,-0.3779437869822485,40.55140532544379
20230213,78.1,extreme greed,0.0681759732096918,100.0,0.8994082840236687,100.0,0.0118343195266272,61.83431952662721,0.2351705927963127,42.5294100754397,1.4461556213017752,86.15389053254438
20230214,50.01,neutral,0.0616353985253528,100.0,0.2544378698224852,9.072978303747536,0.0059171597633136,55.917159763313606,0.2368457079964293,41.90899703835952,-0.2737680473372781,43.15579881656805
20230215,53.6,neutral,0.0552839295411742,100.0,0.3254437869822485,20.90729783037475,0.0059171597633136,55.917159763313606,0.2382387377529508,41.39306009149967,-0.0082834319526627,49.79291420118343
20230216,46.68,neutral,0.0408483539864488,90.8483539864488,0.1352941176470588,0.0,0.0117647058823529,61.76470588235294,0.244879710908746,38.93344040416813,-0.3252194117647058,41.86951470588235
20230217,48.99,neutral,0.0339357601263301,83.93576012633015,0.3391812865497076,23.196881091617925,0.0058479532163742,55.84795321637427,0.2471809429154042,38.081132253554,-0.2449409356725146,43.87647660818713
20230220,65.59,greed,0.0389724527155119,88.97245271551198,0.7192982456140351,86.54970760233918,0.0,50.0,0.2464909929104559,38.33666929242372,0.5636836257309941,64.09209064327486
20230221,47.38,neutral,0.035581920075751,85.581920075751,0.2732558139534883,12.209302325581389,0.005813953488372,55.81395348837209,0.247228578227664,38.063489545309615,-0.1908610465116279,45.22847383720931
20230222,46.59,neutral,0.0264833833535016,76.48338335350164,0.2716763005780346,11.946050096339103,0.0057803468208092,55.78034682080924,0.2488063958329248,37.47911265447227,0.0502971098265895,51.25742774566474
20230223,38.78,fear,0.0193270201451478,69.32702014514787,0.132183908045977,0.0,0.0,50.0,0.2500224204130131,37.02873318036551,-0.4988172413793104,37.52956896551724
20230224,44.18,fear,0.0143747412240711,64.37474122407112,0.2701149425287356,11.685823754789268,0.0114942528735632,61.49425287356321,0.2457323362309811,38.617653247784745,-0.210119540229885,44.74701149425288
20230227,33.94,fear,0.0097330485380966,59.73304853809665,0.1436781609195402,0.0,-0.0057471264367816,44.2528735632184,0.2460601232940732,38.49625063182472,-0.9108879310344828,27.22780172413793
20230228,63.95,greed,0.0183366786220051,68.33667862200517,0.5028571428571429,50.47619047619048,0.0057142857142857,55.71428571428572,0.1246235272437048,83.47276768751674,0.4690525714285714,61.72631428571429
20230301,66.98,greed,0.0248744493351036,74.87444933510363,0.5885714285714285,64.76190476190474,0.0057142857142857,55.71428571428572,0.1268420324689265,82.65109908558276,0.2751691428571429,56.87922857142858
20230302,55.25,greed,0.0213848649869083,71.3848649869084,0.3428571428571428,23.809523809523807,0.0,50.0,0.1128620191165402,87.82888180868879,-0.2711245714285714,43.22188571428571
20230303,52.75,neutral,0.0151963814186333,65.19638141863334,0.3142857142857143,19.04761904761904,0.0,50.0,0.1138497387121282,87.46305973624878,-0.3173257142857143,42.06685714285714
20230306,53.43,neutral,0.0092269642434765,59.22696424347657,0.2971428571428571,16.19047619047619,0.0057142857142857,55.71428571428572,0.1074742386799855,89.82435604444979,-0.1520828571428571,46.19792857142857
20230307,42.39,fear,-0.0023363494147862,47.66365058521378,0.08,0.0,0.0,50.0,0.1117095007119125,88.25574047706944,-0.9590582857142858,26.023542857142857
20230308,55.72,greed,-0.0053889368152273,44.61106318477266,0.4147727272727273,35.79545454545454,0.0056818181818181,55.68181818181819,0.1117436932501029,88.24307657403592,0.1698068181818182,54.24517045454545
20230309,52.99,neutral,-0.0031476269572183,46.85237304278162,0.3693181818181818,28.219696969696965,0.0,50.0,0.1099949662855805,88.89075322756274,0.0397607954545454,50.99401988636364
20230310,43.45,fear,-0.0105829139012209,39.417086098779095,0.1468926553672316,0.0,0.0056497175141242,55.6497175141243,0.111644193593583,88.27992829867294,-0.6428740112994351,33.928149717514124
20230313,44.7,fear,-0.0140227890947659,35.977210905234045,0.2808988764044944,13.48314606741573,-0.0112359550561797,38.764044943820224,0.0891401588636562,96.61475597642362,-0.4532348314606742,38.669129213483146
20230314,37.31,fear,-0.0250246652799476,24.97533472005238,0.106145251396648,0.0,-0.0055865921787709,44.41340782122905,0.0936871117648681,94.93069934634514,-1.1104418994413408,22.23895251396648
20230315,55.0,greed,-0.0225089503082697,27.49104969173029,0.5469613259668509,57.82688766114181,-0.005524861878453,44.47513812154696,0.0960386235084051,94.05976907096104,0.046317679558011,51.15794198895027
20230316,33.07,fear,-0.0397594342778148,10.240565722185194,0.0662983425414364,0.0,-0.005524861878453,44.47513812154696,0.1049877055118867,90.74529425485674,-1.2041513812154694,19.896215469613267
20230317,53.03,neutral,-0.0361977646552058,13.802235344794148,0.5384615384615384,56.4102564102564,0.0,50.0,0.1074589610681676,89.83001441919717,0.2045302197802197,55.113255494505495
20230320,36.47,fear,-0.0431138339473089,6.886166052691059,0.2142857142857142,2.3809523809523765,0.0,50.0,0.1027894621847388,91.55945845009674,-0.7393203296703298,31.51699175824175
20230321,68.26,greed,-0.0316317391736071,18.368260826392827,0.7747252747252747,95.78754578754577,0.0109890109890109,60.98901098901099,0.1165845886539709,86.45015235038113,1.1877417582417582,79.69354395604395
20230322,54.8,neutral,-0.0258790805327188,24.12091946728119,0.5384615384615384,56.4102564102564,0.0,50.0,0.1191873945159856,85.48615017926456,0.3185934065934066,57.96483516483517
20230323,35.76,fear,-0.0369434190767753,13.05658092322466,0.2076502732240437,1.2750455373406189,-0.0054644808743169,44.53551912568306,0.1230114164173033,84.06984577136915,-0.5646360655737706,35.884098360655734
20230324,68.93,greed,-0.0230747585844296,26.925241415570355,0.7377049180327869,89.61748633879779,0.0163934426229508,66.39344262295083,0.1367080279914906,78.9970266698183,1.308788524590164,82.7197131147541
20230327,43.54,fear,-0.0226292257764679,27.370774223532024,0.2622950819672131,10.382513661202184,0.0054644808743169,55.46448087431693,0.1366100871670559,79.03330104923853,-0.1819918032786885,45.45020491803279
20230328,36.81,fear,-0.0319177909535823,18.08220904641762,0.1912568306010929,0.0,0.0,50.0,0.1333887330231171,80.2263951766233,-0.5707819672131148,35.730450819672136
20230329,44.89,fear,-0.0330608787588776,16.93912124112236,0.3224043715846995,20.40072859744991,0.0054644808743169,55.46448087431693,0.1284909913768667,82.04037356412343,-0.0152360655737704,49.61909836065574
20230330,35.33,fear,-0.0341265002579032,15.8734997420968,0.1684782608695652,0.0,-0.0054347826086956,44.56521739130435,0.1286089416096758,81.99668829271265,-0.6317989130434782,34.205027173913045
20230331,47.08,neutral,-0.029660049383681,20.33995061631895,0.4076086956521739,34.601449275362306,0.0,50.0,0.1307145799705773,81.2168222331195,-0.0298902173913043,49.25274456521739
20230403,45.5,neutral,-0.0311093512333597,18.89064876664022,0.372972972972973,28.82882882882883,0.0,50.0,0.1302159071793447,81.40151585950193,-0.0648443243243243,48.37889189189189
20230404,37.12,fear,-0.0388833946992829,11.116605300717078,0.1675675675675675,0.0,0.0054054054054054,55.4054054054054,0.127898940052079,82.25965183256334,-0.5263637837837838,36.84090540540541
20230406,37.05,fear,-0.046829973354586,3.1700266454139507,0.2741935483870967,12.365591397849457,0.0,50.0,0.13004779159382,81.46378089117775,-0.4699010752688172,38.252473118279575
20230407,55.56,greed,-0.0354829924167376,14.517007583262313,0.6559139784946236,75.98566308243726,0.0,50.0,0.1383578769534589,78.3859714987189,0.3570182795698924,58.92545698924732
20230410,39.68,fear,-0.0360457267839998,13.954273216000136,0.2849462365591398,14.157706093189963,0.0,50.0,0.1368136259278285,78.95791632302647,-0.3460967741935483,41.347580645161294
20230411,40.51,fear,-0.033520807488545,16.47919251145498,0.2741935483870967,12.365591397849457,0.0,50.0,0.1372906204008681,78.78125170338215,-0.2030655913978494,44.92336021505376
20230412,42.23,fear,-0.0381119983521156,11.888001647884352,0.3333333333333333,22.22222222222221,0.0,50.0,0.1328508144853429,80.4256242646878,-0.1363225806451613,46.59193548387097
20230413,38.11,fear,-0.0450895357951507,4.910464204849266,0.2299465240641711,4.991087344028519,0.0053475935828877,55.3475935828877,0.1342706333600181,79.89976542221552,-0.1845903743315508,45.38524064171123
20230414,47.45,neutral,-0.041211101325378,8.788898674621917,0.4331550802139037,38.85918003565062,0.0,50.0,0.119913759841242,85.21712598472516,0.1752684491978609,54.381711229946525
20230417,50.31,neutral,-0.0363373788003531,13.662621199646855,0.4224598930481283,37.07664884135472,0.0106951871657754,60.6951871657754,0.1206527178321456,84.94343783994604,0.2064663101604277,55.1616577540107
20230418,43.47,fear,-0.0337187206158222,16.28127938417774,0.2872340425531915,14.539007092198585,0.0053191489361702,55.319148936170215,0.1177344292126735,86.02428547678758,-0.1932973404255318,45.1675664893617
20230419,45.95,neutral,-0.034760044187623,15.239955812376984,0.328042328042328,21.340388007054667,0.0052910052910052,55.29100529100529,0.1097455909637137,88.98311445788381,-0.0448931216931216,48.87767195767196
20230420,39.12,fear,-0.0390122006970211,10.987799302978845,0.2433862433862433,7.231040564373893,0.0,50.0,0.108226052306777,89.54590655304554,-0.4868777777777777,37.82805555555556
20230421,36.44,fear,-0.0489741540321825,1.0258459678174765,0.1322751322751322,0.0,0.0105820105820105,60.58201058201058,0.1069653889481793,90.01281890808173,-0.7776253968253969,30.55936507936508
20230424,54.14,neutral,-0.0411512964543125,8.848703545687412,0.4421052631578947,40.35087719298245,0.0157894736842105,65.78947368421053,0.0970214151354486,93.69577217205604,0.4810499999999999,62.02624999999999
20230425,28.23,fear,-0.063305853783545,0.0,0.1204188481675392,0.0,-0.0157068062827225,34.29319371727749,0.1251996062003228,83.25940511099155,-1.0552031413612566,23.619921465968584
20230426,61.09,greed,-0.0520017147707871,0.0,0.6649214659685864,77.48691099476439,0.0209424083769633,70.94240837696336,0.1314108936001911,80.95892829622548,1.041997382198953,76.04993455497382
20230427,32.18,fear,-0.0651557893439781,0.0,0.3089005235602094,18.150087260034898,-0.0157068062827225,34.29319371727749,0.1393860015689051,78.00518460410922,-0.7819979057591624,30.45005235602094
20230428,56.8,greed,-0.0663813331622025,0.0,0.6701570680628273,78.35951134380453,0.0104712041884816,60.47120418848168,0.1393704436111287,78.01094681069307,0.6863780104712042,67.15945026178011
20230504,56.69,greed,-0.0695358029705336,0.0,0.5340314136125655,55.671902268760896,0.0261780104712041,76.17801047120419,0.1374285769070035,78.73015670110978,0.915144502617801,72.87861256544502
20230505,73.73,greed,-0.0441087123709703,5.891287629029643,0.8795811518324608,100.0,0.0471204188481675,97.12041884816756,0.1727125686000211,65.66201162962179,2.841328272251309,100.0
20230508,77.85,extreme greed,-0.0157346233181522,34.26537668184777,0.9109947643979056,100.0,0.06282722513089,100.0,0.2015847921227058,54.96859551010896,3.547187958115183,100.0
20230509,22.5,extreme fear,-0.0349672503588296,15.032749641170366,0.1197916666666666,0.0,-0.0104166666666666,39.583333333333336,0.2120634521810971,51.08761030329735,-1.7286864583333337,6.782838541666664
20230510,16.68,extreme fear,-0.0484030429112076,1.5969570887923306,0.1875,0.0,-0.03125,18.750000000000004,0.2137364072581109,50.46799731181076,-1.4972640625,12.5683984375
20230511,56.07,greed,-0.0298052620816052,20.19473791839473,0.6875,81.24999999999999,0.0104166666666666,60.41666666666667,0.2256065240832838,46.07165774693191,0.8958921875,72.3973046875
20230512,50.37,neutral,-0.0355966650838063,14.40333491619368,0.4455958549222797,40.93264248704662,0.0155440414507772,65.5440414507772,0.2264890445747812,45.74479830563655,1.4089860103626943,85.22465025906736
20230515,44.09,fear,-0.0330270985667353,16.972901433264646,0.4587628865979381,43.12714776632301,0.0103092783505154,60.30927835051546,0.2259902645029553,45.9295316655721,0.1643788659793814,54.10947164948454
20230516,28.58,fear,-0.0368933215119403,13.106678488059645,0.2216494845360824,3.608247422680408,0.0,50.0,0.2247595336517781,46.385357906748816,-0.8084922680412371,29.787693298969074
20230517,47.7,neutral,-0.0288619842496478,21.138015750352192,0.4793814432989691,46.56357388316151,0.0154639175257731,65.4639175257732,0.2262604839585413,45.82945038572541,0.3792876288659794,59.48219072164949
20230518,50.14,neutral,-0.0315406838075114,18.4593161924886,0.4256410256410256,37.6068376068376,0.0256410256410256,75.64102564102565,0.2259361359621453,45.94957927327948,0.9224194871794872,73.06048717948718
20230519,49.18,neutral,-0.0247161892041759,25.28381079582405,0.5076923076923077,51.28205128205126,0.0153846153846153,65.38461538461539,0.2271424415975712,45.50279940830695,0.3373323076923077,58.43330769230769
20230522,53.35,neutral,-0.0130355382345782,36.96446176542174,0.5641025641025641,60.68376068376067,0.0102564102564102,60.25641025641026,0.2308174925974258,44.1416694083608,0.5872097435897435,64.6802435897436
20230523,58.81,greed,-0.0088142728168696,41.18572718313036,0.5282051282051282,54.7008547008547,0.0307692307692307,80.76923076923077,0.2301258066937688,44.39784937267822,0.9205076923076924,73.01269230769232
20230524,44.65,fear,-0.0182604681169892,31.739531883010773,0.4102564102564102,35.04273504273503,0.0102564102564102,60.256410256410255,0.2292912212590897,44.706955089226,0.0606358974358974,51.51589743589744
20230525,27.59,fear,-0.0239868063717157,26.013193628284203,0.1836734693877551,0.0,-0.0051020408163265,44.89795918367347,0.2293635564043782,44.680164294674704,-1.1065183673469388,22.33704081632653
20230526,47.71,neutral,-0.0178272094047711,32.17279059522888,0.4213197969543147,36.88663282571911,0.015228426395939,65.22842639593908,0.2109833083281034,51.48766358218392,0.1107101522842639,52.7677538071066
20230529,32.32,fear,-0.0224287077372418,27.571292262758185,0.2081218274111675,1.3536379018612523,0.0,50.0,0.2093235805416532,52.10237757716545,-0.7771558375634519,30.5711040609137
20230530,39.48,fear,-0.0275768354619047,22.4231645380953,0.3553299492385787,25.88832487309644,0.0,50.0,0.202550948297342,54.61075988987333,-0.2202812182741116,44.49296954314721
20230531,35.37,fear,-0.0335456534894886,16.45434651051132,0.2979797979797979,16.32996632996632,0.0,50.0,0.2042250223307304,53.99073247009983,-0.3967489898989899,40.08127525252525
20230601,35.98,fear,-0.0351450061368038,14.854993863196178,0.321608040201005,20.2680067001675,0.0,50.0,0.2035678278682532,54.234137826572855,-0.3789673366834171,40.52581658291457
20230602,54.42,neutral,-0.0287600105381632,21.239989461836764,0.6381909547738693,73.03182579564488,0.0,50.0,0.1817379099129075,62.31929262484904,0.6203336683417086,65.50834170854272
20230605,39.42,fear,-0.0338031634902591,16.196836509740866,0.2814070351758794,13.567839195979897,0.0,50.0,0.1470072982557084,75.1824821275154,-0.3133859296482412,42.16535175879397
20230606,31.52,fear,-0.0487117338185085,1.2882661814914291,0.1055276381909547,0.0,0.0,50.0,0.1407194315967463,77.51132163083469,-0.8472547738693468,28.81863065326633
20230607,38.52,fear,-0.0540793591657704,0.0,0.3266331658291457,21.105527638190956,0.0,50.0,0.1330435717239085,80.3542326948487,-0.353553768844221,41.16115577889448
20230608,39.55,fear,-0.0601478194062659,0.0,0.245,7.499999999999997,0.01,60.0,0.1122758035779982,88.04599867481546,-0.3122444999999999,42.1938875
20230609,37.08,fear,-0.0666740901858407,0.0,0.3,16.66666666666666,-0.005,45.0,0.1129763449168133,87.78653891969877,-0.561425,35.964375000000004
20230612,39.98,fear,-0.0788459538381238,0.0,0.29,14.999999999999996,0.005,54.99999999999999,0.119172405563667,85.49170164308627,-0.2236479999999999,44.4088
20230613,44.55,fear,-0.0855356869587798,0.0,0.43,38.33333333333332,0.0,50.0,0.120522790148966,84.99155920408667,-0.0228304999999999,49.4292375
20230614,36.84,fear,-0.0891644036462813,0.0,0.265,10.833333333333332,0.0,50.0,0.1134668196299431,87.60488161853958,-0.5687065,35.7823375
20230615,48.8,neutral,-0.0783367183937032,0.0,0.445,40.83333333333333,0.01,60.0,0.1249955194004849,83.3349928146352,0.3942115,59.8552875
20230616,51.8,neutral,-0.0731840245992305,0.0,0.59,64.99999999999999,0.0,50.0,0.1232908546906146,83.96635011458716,0.401323,60.033075
20230619,37.32,fear,-0.0791759933230783,0.0,0.17,0.0,0.01,60.0,0.1109382652599891,88.54138323704106,-0.477904,38.0524
20230620,41.87,fear,-0.0769921154741118,0.0,0.28,13.333333333333334,0.01,60.0,0.108898204540421,89.29696128132555,-0.130216,46.744600000000005
20230621,64.42,greed,-0.0635179351148033,0.0,0.6417910447761194,73.63184079601989,0.0248756218905472,74.87562189054727,0.1239911169329498,83.70699372853709,1.5955761194029852,89.88940298507463
20230626,29.27,fear,-0.077042469897569,0.0,0.1791044776119403,0.0,-0.0099502487562189,40.0497512437811,0.1310445526021855,81.0946101473387,-0.9915791044776118,25.210522388059708
20230627,46.78,neutral,-0.0766365321438795,0.0,0.5247524752475248,54.125412541254114,-0.0049504950495049,45.04950495049505,0.1268969738399263,82.6307504296569,0.0841514851485148,52.10378712871288
20230628,43.73,fear,-0.0829742342990809,0.0,0.3564356435643564,26.072607260726063,0.0099009900990099,59.900990099009896,0.1276592252669134,82.34843508632834,0.0134282178217821,50.33570544554456
20230629,74.23,greed,-0.0757138151842179,0.0,0.7881773399014779,98.02955665024628,0.0492610837438423,99.26108374384238,0.133119627892517,80.32606374351222,1.741869458128079,93.54673645320196
20230630,46.14,neutral,-0.0711355811132781,0.0,0.5637254901960784,60.620915032679726,-0.0098039215686274,40.19607843137255,0.1349618469509905,79.64376038852201,0.0100794117647058,50.25198529411765
20230703,47.14,neutral,-0.0758814199046165,0.0,0.4878048780487805,47.967479674796735,0.0048780487804878,54.8780487804878,0.1353906597464722,79.48494083463993,0.1349487804878048,53.37371951219512
20230704,62.41,greed,-0.0712142100452855,0.0,0.6,66.66666666666666,0.0341463414634146,84.14634146341463,0.1340120067827699,79.99555304341852,1.249410731707317,81.23526829268293
20230705,55.92,greed,-0.0738891660902845,0.0,0.5804878048780487,63.41463414634144,0.0195121951219512,69.51219512195122,0.133651695620389,80.12900162207812,0.6616639024390244,66.5415975609756
20230706,37.3,fear,-0.0833307663618028,0.0,0.2829268292682926,13.821138211382106,0.0,50.0,0.1280387945837944,82.20785385785392,-0.3804160975609756,40.48959756097561
20230707,45.13,neutral,-0.0786899402650845,0.0,0.4439024390243902,40.65040650406503,0.0048780487804878,54.87804878048781,0.1295958349592666,81.63117223730866,-0.0609717073170732,48.475707317073166
20230710,39.11,fear,-0.0819849513062543,0.0,0.3300970873786408,21.682847896440126,0.0048543689320388,54.85436893203883,0.1284941389064849,82.039207812413,-0.5204970873786408,36.98757281553398
20230711,38.73,fear,-0.0873043011066246,0.0,0.3155339805825243,19.25566343042071,0.0,50.0,0.1278659397514444,82.2718741661317,-0.314231067961165,42.14422330097087
20230712,32.0,fear,-0.1003215262676784,0.0,0.1207729468599033,0.0,0.0,50.0,0.1295101985585254,81.66288942276836,-0.8666531400966183,28.333671497584547
20230713,59.38,greed,-0.0944253241425813,0.0,0.7246376811594203,87.43961352657003,0.0096618357487922,59.66183574879227,0.1299848364489081,81.48709761151552,0.7331671497584541,68.32917874396135
20230714,57.28,greed,-0.0894224137113232,0.0,0.5652173913043478,60.86956521739128,0.0193236714975845,69.32367149758454,0.1308313491855086,81.17357437573756,1.000371497584541,75.00928743961353
20230717,41.72,fear,-0.0952139525176691,0.0,0.2801932367149758,13.365539452495977,0.0144927536231884,64.4927536231884,0.1249665082234632,83.34573769501361,-0.1041599033816424,47.39600241545894
20230718,38.18,fear,-0.0994588034925866,0.0,0.2657004830917874,10.950080515297904,0.0048309178743961,54.830917874396135,0.1233114816637402,83.95871049491103,-0.3527140096618356,41.18214975845411
20230719,34.64,fear,-0.1044093032929496,0.0,0.2019230769230769,0.3205128205128193,0.0048076923076923,54.8076923076923,0.1229396817680142,84.09641415999472,-0.6403423076923076,33.99144230769231
20230720,37.59,fear,-0.1070929274701013,0.0,0.2296650717703349,4.944178628389153,-0.0095693779904306,40.430622009569376,0.1223074286438935,84.33058198374313,0.329676076555024,58.2419019138756
20230721,42.6,fear,-0.1093369556607776,0.0,0.3971291866028708,32.8548644338118,-0.0047846889952153,45.215311004784695,0.1059907980981069,90.37377848218264,-0.2186760765550239,44.5330980861244
20230724,41.8,fear,-0.1118556480736084,0.0,0.3205741626794258,20.095693779904305,0.0047846889952153,54.784688995215305,0.0962958098279871,93.96451487852326,-0.3941990430622009,40.14502392344498
20230725,63.58,greed,-0.1039337138234836,0.0,0.8038277511961722,100.0,0.0047846889952153,54.784688995215305,0.1030134807504431,91.47648861094696,0.8662669856459331,71.65667464114833
20230726,45.74,neutral,-0.1057974801227304,0.0,0.3666666666666666,27.777777777777768,0.0095238095238095,59.523809523809526,0.1010492492161067,92.20398177181232,-0.0322695238095238,49.193261904761904
20230727,39.35,fear,-0.1091800934135164,0.0,0.2904761904761905,15.07936507936508,-0.0047619047619047,45.23809523809524,0.0955086583107108,94.2560524775145,-0.3127685714285714,42.18078571428572
20230728,57.53,greed,-0.1040704857572362,0.0,0.6285714285714286,71.42857142857142,0.0142857142857142,64.28571428571429,0.0957336882252488,94.17270806472264,0.3109842857142857,57.77460714285715
20230731,60.59,greed,-0.0994723018225143,0.0,0.7047619047619048,84.12698412698411,0.0095238095238095,59.523809523809526,0.0975710993405288,93.49218542943376,0.6313280952380953,65.78320238095239
20230801,43.78,fear,-0.1016192031175143,0.0,0.3380952380952381,23.015873015873016,0.0047619047619047,54.76190476190476,0.0943901753454292,94.6703054276188,-0.1422333333333333,46.44416666666666
20230802,40.88,fear,-0.1003434493987367,0.0,0.2822966507177033,13.716108452950552,0.0,50.0,0.0946141556186312,94.58734977087732,-0.1561741626794258,46.09564593301435
20230803,46.19,neutral,-0.0961511646930995,0.0,0.3732057416267942,28.867623604465702,0.0047846889952153,54.784688995215305,0.0908602435449267,95.97768757595304,0.0534028708133971,51.33507177033493
20230804,52.18,neutral,-0.0898037512928374,0.0,0.5119617224880383,51.99362041467304,0.0047846889952153,54.784688995215305,0.0915697622087062,95.71490288566436,0.3363488038277512,58.40872009569378
20230807,38.39,fear,-0.095897137387876,0.0,0.2200956937799043,3.349282296650717,0.0047846889952153,54.784688995215305,0.094352458880495,94.68427448870553,-0.4349684210526315,39.125789473684215
20230808,37.53,fear,-0.1023096641083921,0.0,0.2952380952380952,15.87301587301587,-0.0095238095238095,40.47619047619048,0.0962183791792169,93.99319289658632,-0.5086085714285714,37.28478571428572
20230809,37.59,fear,-0.1103399004945446,0.0,0.2227488151658767,3.791469194312793,0.0,50.0,0.0895010020322971,96.48111035840846,-0.4936862559241706,37.657843601895735
20230810,47.08,neutral,-0.1081497078384909,0.0,0.3867924528301887,31.132075471698112,0.0047169811320754,54.71698113207547,0.0854705501021492,97.97387033253732,0.0628122641509433,51.57030660377359
20230811,34.86,fear,-0.1122786215370036,0.0,0.160377358490566,0.0,-0.0047169811320754,45.28301886792453,0.0828306455962625,98.95161274212498,-0.7977254716981133,30.056863207547167
20230814,37.51,fear,-0.1153520035427899,0.0,0.2311320754716981,5.188679245283017,-0.0047169811320754,45.28301886792453,0.0817514162230753,99.35132732478692,-0.4904023584905661,37.739941037735846
20230815,39.32,fear,-0.1185779237396997,0.0,0.240566037735849,6.761006289308173,0.0,50.0,0.0818150737332831,99.3277504691544,-0.3786683962264151,40.53329009433963
20230816,38.66,fear,-0.1270632953724679,0.0,0.1690140845070422,0.0,0.0,50.0,0.087141501864153,97.35499930957292,-0.162106572769953,45.94733568075117
20230817,48.09,neutral,-0.1231534096462653,0.0,0.4485981308411215,41.43302180685357,0.0,50.0,0.0889262795823438,96.69397052505784,0.092946261682243,52.32365654205607
20230818,35.35,fear,-0.1292271608995294,0.0,0.1767441860465116,0.0,0.0,50.0,0.0917972260248061,95.63065702784957,-0.7550916279069768,31.12270930232558
20230821,31.52,fear,-0.1385322387249036,0.0,0.213953488372093,2.3255813953488342,-0.013953488372093,36.04651162790698,0.0983723955913219,93.19540904025116,-0.958273023255814,26.043174418604654
20230822,43.64,fear,-0.1399297224921355,0.0,0.3023255813953488,17.054263565891464,0.013953488372093,63.95348837209303,0.0892718720542386,96.56597331324494,-0.3741,40.6475
20230823,31.02,fear,-0.154178375905698,0.0,0.0833333333333333,0.0,-0.0046296296296296,45.37037037037037,0.1038719054048412,91.1585535537625,-1.257738888888889,18.556527777777777
20230824,35.16,fear,-0.1598559045249209,0.0,0.3101851851851852,18.36419753086419,-0.0138888888888888,36.11111111111111,0.1050313915584355,90.72911423761646,-0.7756657407407408,30.60835648148148
20230825,19.97,extreme fear,-0.1722571568689375,0.0,0.1388888888888889,0.0,-0.0416666666666666,8.33333333333334,0.107634518692797,89.76499307674185,-1.9308648148148149,1.7283796296296283
20230828,56.72,greed,-0.1667811725789321,0.0,0.7175925925925926,86.26543209876543,-0.0046296296296296,45.37037037037037,0.1083069117513227,89.5159586106212,0.4983013888888888,62.45753472222222
20230829,64.3,greed,-0.1462713906867773,0.0,0.8796296296296297,100.0,0.0046296296296296,54.629629629629626,0.1478163544484367,74.88283168576417,1.6786611111111112,91.96652777777778
20230830,43.5,fear,-0.1406937276082444,0.0,0.449074074074074,41.512345679012334,0.0,50.0,0.1505619594528777,73.86594094337859,0.084461574074074,52.11153935185185
20230831,49.65,neutral,-0.1364760930483998,0.0,0.5,49.99999999999999,0.0092592592592592,59.25925925925925,0.150552477179103,73.86945289662852,0.6057675925925926,65.14418981481481
20230901,69.36,greed,-0.1100729233712601,0.0,0.9539170506912442,100.0,0.0368663594470046,86.8663594470046,0.1881210286732754,59.95517456545354,2.23614930875576,100.0
20230904,64.53,greed,-0.056010483934462,0.0,0.9907834101382488,100.0,0.0691244239631336,100.0,0.2888337726704323,22.65415827021023,4.9985023041474665,100.0
20230905,13.64,extreme fear,-0.0684472821512219,0.0,0.0967741935483871,0.0,-0.0046082949308755,45.39170506912442,0.2920360114853294,21.46814389432244,-1.945535483870968,1.3616129032258062
20230906,25.72,fear,-0.0669192881796412,0.0,0.3179723502304147,19.66205837173579,-0.0046082949308755,45.39170506912442,0.2892689067556716,22.492997497899395,-0.3580179723502303,41.04955069124424
20230907,19.25,extreme fear,-0.0831425476999835,0.0,0.0963302752293578,0.0,0.0045871559633027,54.58715596330275,0.2973875664482583,19.486086500645055,-1.11263623853211,22.18409403669725
20230908,24.41,extreme fear,-0.0872949999046744,0.0,0.3165137614678899,19.41896024464831,-0.0045871559633027,45.41284403669725,0.297291604047051,19.52162813072184,-0.4915729357798165,37.71067660550459
20230911,37.92,fear,-0.0758030058692427,0.0,0.536697247706422,56.11620795107033,0.0091743119266055,59.17431192660551,0.2994024944905205,18.739816855362776,0.2233573394495412,55.583933486238536
20230912,26.08,fear,-0.0734696146573383,0.0,0.3027522935779816,17.12538226299694,0.0,50.0,0.2985306081775579,19.062737712015576,-0.2318481651376146,44.20379587155964
20230913,21.99,extreme fear,-0.0854580591659252,0.0,0.1880733944954128,0.0,0.0045871559633027,54.58715596330275,0.3001253238167238,18.472102290102285,-0.5252605504587156,36.868486238532114
20230914,26.55,fear,-0.0820443239831577,0.0,0.3211009174311927,20.183486238532108,0.0,50.0,0.3001170539151258,18.475165216620084,-0.2371770642201834,44.07057339449542
20230915,29.7,fear,-0.0822074500320984,0.0,0.365296803652968,27.549467275494667,0.0045662100456621,54.5662100456621,0.2981307521697475,19.21083252972315,-0.1139529680365296,47.15117579908676
20230918,31.21,fear,-0.0784827146166136,0.0,0.4090909090909091,34.848484848484844,0.0,50.0,0.293720077932999,20.84441558037075,0.0152609090909091,50.38152272727273
20230919,25.48,fear,-0.0810927743556971,0.0,0.2545454545454545,9.090909090909085,0.0045454545454545,54.54545454545454,0.2938028441683708,20.81376141912192,-0.2827168181818182,42.93207954545454
20230920,22.0,extreme fear,-0.0873738338574702,0.0,0.1818181818181818,0.0,0.0,50.0,0.2863203902679845,23.585040641487225,-0.543839090909091,36.404022727272725
20230921,25.62,fear,-0.0902776027808316,0.0,0.2227272727272727,3.787878787878784,0.009090909090909,59.09090909090909,0.2844980531301125,24.259980322180525,-0.3613218181818181,40.96695454545455
20230922,50.31,neutral,-0.0745558419878889,0.0,0.8,100.0,0.0045454545454545,54.54545454545454,0.2785297301790254,26.470470304064648,0.8217290909090909,70.54322727272726
20230925,22.03,extreme fear,-0.0828527521072493,0.0,0.2045454545454545,0.7575757575757577,0.0,50.0,0.283280137243213,24.711060280291463,-0.6122977272727274,34.69255681818182
20230926,20.88,extreme fear,-0.0867231405042304,0.0,0.1266968325791855,0.0,-0.004524886877828,45.47511312217195,0.2756467106191507,27.53825532624046,-0.7442529411764706,31.39367647058824
20230927,30.84,fear,-0.0870126378219556,0.0,0.3800904977375565,30.01508295625942,0.0,50.0,0.2757979305610601,27.482247940348103,-0.1314533936651583,46.71366515837104
20230928,45.59,neutral,-0.0764142303989605,0.0,0.6801801801801802,80.03003003003002,0.0045045045045045,54.5045045045045,0.2774579821320347,26.867414025172323,0.6618698198198197,66.5467454954955
20231009,26.72,fear,-0.0760132782597334,0.0,0.2342342342342342,5.705705705705702,0.0045045045045045,54.5045045045045,0.2592065835598186,33.62719127414124,-0.4088364864864865,39.77908783783784
20231010,30.7,fear,-0.0906956121207824,0.0,0.1486486486486486,0.0,0.0,50.0,0.1483369637033317,74.69001344321047,-0.847122072072072,28.8219481981982
20231011,38.89,fear,-0.0894673858551849,0.0,0.3333333333333333,22.22222222222221,0.0,50.0,0.1423302029490894,76.9147396484854,-0.1873774774774775,45.31556306306307
20231012,45.63,neutral,-0.0864470864559741,0.0,0.4864864864864865,47.74774774774775,0.0,50.0,0.1428825651449277,76.71016105743419,0.1473126126126126,53.68281531531531
20231013,32.12,fear,-0.0931497223184105,0.0,0.1434977578475336,0.0,0.0,50.0,0.1314508756246518,80.94412013901783,-0.8130179372197309,29.674551569506725
20231016,29.52,fear,-0.102417709754624,0.0,0.1621621621621621,0.0,-0.0045045045045045,45.49549549549549,0.1353337076862362,79.50603419028288,-1.0964797297297295,22.58800675675676
20231017,34.08,fear,-0.1133863497013638,0.0,0.2612612612612612,10.210210210210208,-0.0045045045045045,45.49549549549549,0.1317179959044089,80.84518670207078,-0.6462063063063064,33.84484234234234
20231018,28.61,fear,-0.1310963234449513,0.0,0.1126126126126126,0.0,0.0,50.0,0.1455436049949042,75.72459074262807,-1.3068045045045045,17.329887387387387
20231019,27.41,fear,-0.1466297866651219,0.0,0.1614349775784753,0.0,-0.0089686098654708,41.03139013452915,0.1515438740360102,73.50226887555175,-1.0992896860986547,22.51775784753363
20231020,34.26,fear,-0.1594011560290497,0.0,0.3139013452914798,18.98355754857997,-0.0044843049327354,45.51569506726458,0.1548041722999175,72.29475100003053,-0.6204448430493273,34.48887892376682
20231023,22.29,extreme fear,-0.1808635378761691,0.0,0.0538116591928251,0.0,-0.0044843049327354,45.51569506726458,0.1720130699764372,65.92108519391213,-2.25252600896861,0.0
20231024,55.6,greed,-0.1709995534159334,0.0,0.7488789237668162,91.47982062780268,0.0,50.0,0.1790743101110418,63.305811069984514,0.928913004484305,73.22282511210763
20231025,56.98,greed,-0.1566565332343115,0.0,0.7892376681614349,98.2062780269058,0.0044843049327354,54.48430493273543,0.1952142224724639,57.32806575093926,0.995718385650224,74.8929596412556
20231026,40.38,fear,-0.1504626133750878,0.0,0.4170403587443946,36.17339312406576,0.0089686098654708,58.968609865470846,0.1988536994339224,55.980111320769474,0.0319860986547085,50.79965246636772
20231027,63.3,greed,-0.1151533104882513,0.0,0.9241071428571428,100.0,0.03125,81.25,0.254859038996323,35.23739296432481,7.251169196428571,100.0
20231030,40.85,fear,-0.1093226134682432,0.0,0.5466666666666666,57.77777777777776,0.0,50.0,0.2468601708676599,38.19993671568148,0.3303062222222222,58.25765555555555
20231031,22.46,extreme fear,-0.1164067116215132,0.0,0.2133333333333333,2.2222222222222223,-0.0044444444444444,45.55555555555556,0.2466120545192519,38.291831659536335,-0.9510253333333332,26.224366666666672
20231101,27.39,fear,-0.1249211780416605,0.0,0.2212389380530973,3.539823008849557,0.0044247787610619,54.42477876106194,0.2480691821828438,37.75215474709485,-0.3499269911504424,41.25182522123894
20231102,32.31,fear,-0.1317711660607755,0.0,0.2466960352422907,7.78267254038179,0.013215859030837,63.21585903083701,0.248809134294537,37.47809840943072,0.1236458149779735,53.09114537444933
20231103,57.7,greed,-0.1164388440270871,0.0,0.8722466960352423,100.0,0.0176211453744493,67.62114537444933,0.254056010919046,35.53481077072368,1.4129211453744497,85.32302863436124
20231106,55.16,greed,-0.0940298220905831,0.0,0.8370044052863436,100.0,0.013215859030837,63.21585903083701,0.2724883656288631,28.708012730050697,1.355238325991189,83.88095814977974
20231107,47.18,neutral,-0.080479773345316,0.0,0.5859030837004405,64.31718061674007,0.0176211453744493,67.62114537444933,0.2724442192889058,28.724363226331192,1.0100590308370043,75.2514757709251
20231108,59.68,greed,-0.0541838763833624,0.0,0.9649122807017544,100.0,0.0263157894736842,76.3157894736842,0.2904273676722297,22.063937899174164,2.8301631578947366,100.0
20231109,40.94,fear,-0.0478715099480633,2.128490051936674,0.5526315789473685,58.7719298245614,0.0087719298245614,58.7719298245614,0.2908887948081853,21.893038959931346,0.5263013157894737,63.157532894736846
20231110,29.22,fear,-0.0526849515605771,0.0,0.3362445414847161,22.70742358078602,0.0043668122270742,54.36681222707424,0.2900403111610742,22.20729216256511,-0.126447598253275,46.83881004366812
20231113,44.34,fear,-0.0426860461492064,7.313953850793545,0.6200873362445415,70.0145560407569,0.0043668122270742,54.36681222707424,0.2877631522823692,23.05068433986324,0.6772554585152838,66.93138646288209
20231114,57.59,greed,-0.0342623669086399,15.737633091360074,0.6986899563318777,83.1149927219796,0.0262008733624454,76.2008733624454,0.2824097935096131,25.0334098112544,1.5139545851528384,87.84886462882096
20231115,58.49,greed,-0.0077391281247612,42.26087187523871,0.7161572052401747,86.02620087336243,0.0131004366812227,63.1004366812227,0.2786996535856506,26.40753570901828,0.9858921397379912,74.64730349344978
20231116,20.08,extreme fear,-0.0322389442929182,17.76105570708171,0.0649350649350649,0.0,-0.0043290043290043,45.67099567099567,0.2867228975990038,23.435963852220794,-1.4582385281385282,13.544036796536796
20231117,54.77,neutral,-0.0243379956911592,25.66200430884076,0.6926406926406926,82.10678210678208,0.0129870129870129,62.98701298701299,0.2749760804279539,27.78663687853559,1.012877922077922,75.32194805194806
20231120,76.85,extreme greed,0.0067689282510758,56.76892825107589,0.9696969696969696,100.0,0.0432900432900432,93.29004329004329,0.2577419011312289,34.16966624769297,3.891299134199135,100.0
20231121,84.6,extreme greed,0.0528175761577573,100.0,0.9783549783549784,100.0,0.1645021645021645,100.0,0.2879581863907133,22.97844948492097,6.937725974025974,100.0
20231122,80.0,extreme greed,0.1415104157838957,100.0,0.9913419913419912,100.0,0.5844155844155844,100.0,0.3889246178602933,0.0,12.362454112554111,100.0
20231123,43.67,fear,0.1101496234564773,100.0,0.2068965517241379,1.149425287356319,0.0258620689655172,75.86206896551724,0.4157454462993558,0.0,-0.3469262931034483,41.32684267241379
20231124,80.0,extreme greed,0.1820549934573807,100.0,0.9827586206896552,100.0,0.5560344827586207,100.0,0.4462337644614801,0.0,12.229231896551726,100.0
20231127,80.0,extreme greed,0.3150542791404092,100.0,1.0,100.0,0.9439655172413792,100.0,0.5687979575006269,0.0,17.071560344827585,100.0
20231128,20.0,extreme fear,0.258182632855237,100.0,0.1739130434782608,0.0,-0.1956521739130435,0.0,0.6016187746396496,0.0,-4.629865217391304,0.0
20231129,20.0,extreme fear,0.1657852342469272,100.0,0.0869565217391304,0.0,-0.5565217391304348,0.0,0.6766526556822988,0.0,-9.155876521739131,0.0
20231130,30.36,fear,0.1455611467364559,100.0,0.29004329004329,15.007215007215006,-0.0303030303030303,19.6969696969697,0.6808014733634284,0.0,-1.3165294372294372,17.08676406926407
20231201,20.0,extreme fear,0.0998407666149654,100.0,0.0815450643776824,0.0,-0.1030042918454935,0.0,0.7073996251689282,0.0,-5.017715021459227,0.0
20231204,48.71,neutral,0.1021175810462551,100.0,0.4310344827586206,38.505747126436766,0.0086206896551724,58.62068965517242,0.7065109113660152,0.0,-0.1435025862068965,46.41243534482759
20231205,80.0,extreme greed,0.1817225406048848,100.0,1.0,100.0,0.4678111587982833,100.0,0.7406504323669076,0.0,11.467453648068668,100.0
20231206,48.86,neutral,0.1676516099414686,100.0,0.3433476394849785,23.891273247496414,0.0257510729613733,75.7510729613734,0.7436763108473977,0.0,-0.2139334763948498,44.65166309012875
20231207,80.0,extreme greed,0.1942297769513257,100.0,0.9313304721030042,100.0,0.0901287553648068,100.0,0.7445128440173524,0.0,4.137263090128755,100.0
20231208,74.38,greed,0.1877616605260139,100.0,0.648068669527897,74.67811158798283,0.0472103004291845,97.21030042918454,0.7439734725765967,0.0,2.1239866952789703,100.0
20231211,30.0,fear,0.1475035894062233,100.0,0.1452991452991453,0.0,0.0,50.0,0.7614987479261806,0.0,-3.371517521367521,0.0
20231212,80.0,extreme greed,0.1608156576886605,100.0,0.8808510638297873,100.0,0.051063829787234,100.0,0.7614697272419052,0.0,3.092144680851064,100.0
20231213,80.0,extreme greed,0.2013090307059166,100.0,0.9744680851063828,100.0,0.0893617021276595,100.0,0.7648779275033781,0.0,4.320844255319149,100.0
20231214,77.63,extreme greed,0.2092906210687488,100.0,0.7288135593220338,88.13559322033895,0.0762711864406779,100.0,0.7526698356005073,0.0,2.958616525423729,100.0
20231215,65.45,greed,0.1947940349037522,100.0,0.5508474576271186,58.47457627118643,0.0423728813559322,92.3728813559322,0.7570473902365469,0.0,1.0551754237288138,76.37938559322035
20231218,80.0,extreme greed,0.2333884115250815,100.0,0.9194915254237288,100.0,0.059322033898305,100.0,0.7581415388327352,0.0,3.777275423728814,100.0
20231219,48.22,neutral,0.2164065919657349,100.0,0.2616033755274262,10.267229254571028,0.0337552742616033,83.75527426160336,0.7520744463673884,0.0,-0.1173447257383967,47.06638185654008
20231220,80.0,extreme greed,0.2451336168619255,100.0,0.9493670886075948,100.0,0.0632911392405063,100.0,0.7009846436823477,0.0,4.058637130801689,100.0
20231221,20.0,extreme fear,0.1581272175963617,100.0,0.0462184873949579,0.0,-0.73109243697479,0.0,0.7414525246581952,0.0,-10.932237394957983,0.0
20231222,78.12,extreme greed,0.1685938665224089,100.0,0.7436974789915967,90.61624649859944,0.0546218487394958,100.0,0.7061498712936874,0.0,2.1389252100840337,100.0
20231225,80.0,extreme greed,0.2143222714507902,100.0,0.9915966386554622,100.0,0.1302521008403361,100.0,0.5884647787542414,0.0,6.146517226890756,100.0
20231226,77.0,extreme greed,0.2293092503854126,100.0,0.7100840336134454,85.01400560224089,0.0630252100840336,100.0,0.5717136881815592,0.0,2.3651138655462183,100.0
20231227,46.77,neutral,0.2061379847590114,100.0,0.3949579831932773,32.49299719887954,0.0084033613445378,58.40336134453781,0.5073432915195676,0.0,-0.2814722689075629,42.96319327731093
20231228,73.32,greed,0.2364818532171542,100.0,0.6234309623430963,70.5718270571827,0.0460251046025104,96.02510460251044,0.5081106467663049,0.0,2.146338912133891,100.0
20231229,80.0,extreme greed,0.264856494675493,100.0,0.9205020920502092,100.0,0.0836820083682008,100.0,0.4828984793529311,0.0,3.6783230125523017,100.0
20240102,80.0,extreme greed,0.2886154313875253,100.0,0.9539748953974896,100.0,0.104602510460251,100.0,0.4841534711541741,0.0,4.998644351464435,100.0
20240103,52.96,neutral,0.2807527381141923,100.0,0.4351464435146444,39.19107391910739,0.0251046025104602,75.10460251046025,0.4238645576635119,0.0,0.0206460251046025,50.51615062761506
20240104,51.19,neutral,0.2701530520417872,100.0,0.3974895397489539,32.91492329149232,0.0125523012552301,62.55230125523013,0.4214905432828785,0.0,0.4187317991631797,60.468294979079495
20240105,20.0,extreme fear,0.2172597545311265,100.0,0.0958333333333333,0.0,-0.075,0.0,0.4460853438716704,0.0,-4.801377916666667,0.0
20240108,20.0,extreme fear,0.1581238419800661,100.0,0.0833333333333333,0.0,-0.075,0.0,0.4800383361308575,0.0,-5.055790000000001,0.0
20240109,23.33,extreme fear,0.1207152602734937,100.0,0.1166666666666666,0.0,-0.0333333333333333,16.66666666666668,0.4782793213291199,0.0,-3.6558016666666666,0.0
20240110,74.62,greed,0.1309886228295469,100.0,0.7916666666666666,98.61111111111109,0.0291666666666666,79.16666666666666,0.4776484663495039,0.0,1.8135545833333333,95.33886458333332
20240111,61.32,greed,0.1481440835831307,100.0,0.5518672199170125,58.6445366528354,0.0165975103734439,66.59751037344398,0.4631867481232047,0.0,1.2540215767634857,81.35053941908714
20240112,20.0,extreme fear,0.0737107218595589,100.0,0.0041493775933609,0.0,-0.6141078838174274,0.0,0.5138752599414824,0.0,-10.214136514522824,0.0
20240115,17.67,extreme fear,0.0381647714890585,88.1647714890585,0.0788381742738589,0.0,-0.0497925311203319,0.207468879668056,0.5235286486642339,0.0,-4.31195062240664,0.0
20240116,80.0,extreme greed,0.092430567095648,100.0,0.995850622406639,100.0,0.2240663900414937,100.0,0.5463757380563435,0.0,8.123879668049792,100.0
20240117,35.95,fear,0.0614515865874027,100.0,0.1701244813278008,0.0,0.0207468879668049,70.74688796680498,0.5521471383158084,0.0,-1.6408564315352696,8.97858921161826
20240118,80.0,extreme greed,0.0862213225904164,100.0,0.9586776859504132,100.0,0.0867768595041322,100.0,0.5514032756242504,0.0,4.5019326446280985,100.0
20240119,80.0,extreme greed,0.1124947339442374,100.0,0.9214876033057852,100.0,0.0578512396694214,100.0,0.5059736687129824,0.0,4.01092479338843,100.0
20240122,23.39,extreme fear,0.0639113066784171,100.0,0.0909090909090909,0.0,-0.0330578512396694,16.942148760330582,0.5261903056247234,0.0,-4.610869008264463,0.0
20240123,71.76,greed,0.0779737430905349,100.0,0.7892561983471075,98.20936639118456,0.0165289256198347,66.52892561983471,0.5052722214018577,0.0,1.761695041322314,94.04237603305783
20240124,54.25,neutral,0.0700432566595996,100.0,0.3512396694214876,25.20661157024793,0.0454545454545454,95.45454545454544,0.5007206069984802,0.0,0.0232706611570247,50.58176652892562
20240125,33.56,fear,0.0757413978000414,100.0,0.2066115702479339,1.1019283746556463,0.012396694214876,62.39669421487604,0.5001034846959796,0.0,-1.8279119834710744,4.3022004132231455
20240126,32.79,fear,0.0493088092010634,99.3088092010634,0.205761316872428,0.9602194787379964,0.0,50.0,0.4907978301868057,0.0,-1.4537234567901234,13.656913580246917
20240129,6.03,extreme fear,-0.0198656684847712,30.134331515228773,0.0493827160493827,0.0,-0.48559670781893,0.0,0.5183478588240343,0.0,-8.773078600823043,0.0
20240130,28.3,fear,-0.0368516617319976,13.148338268002394,0.3497942386831276,24.965706447187927,0.0164609053497942,66.46090534979423,0.5046021288298865,0.0,-0.5220502057613168,36.94874485596708
20240131,57.32,greed,-0.0384786984465848,11.5213015534152,0.7530864197530864,92.18106995884771,0.0329218106995884,82.92181069958848,0.5052186261515847,0.0,2.012330452674897,100.0
20240201,0.0,extreme fear,-0.0685517665854384,0.0,0.1069958847736625,0.0,-0.0781893004115226,0.0,0.5087533312922232,0.0,-4.704650205761317,0.0
20240202,0.0,extreme fear,-0.1126413183138543,0.0,0.0860655737704918,0.0,-0.110655737704918,0.0,0.5147244588567728,0.0,-5.65102418032787,0.0
20240205,3.47,extreme fear,-0.1458243991750174,0.0,0.2008196721311475,0.1366120218579218,-0.0327868852459016,17.21311475409837,0.5079366883901992,0.0,-3.2540090163934425,0.0
20240206,60.0,greed,-0.0643108731398247,0.0,0.9959016393442623,100.0,0.5,100.0,0.6337261410579059,0.0,10.773631147540982,100.0
20240207,6.69,extreme fear,-0.069403610062805,0.0,0.319672131147541,19.94535519125683,-0.0450819672131147,4.918032786885247,0.6302570374657884,0.0,-1.6569028688524592,8.57742827868852
20240208,17.82,extreme fear,-0.0516906298188302,0.0,0.5450819672131147,57.51366120218579,-0.0491803278688524,0.8196721311475447,0.6316878024799241,0.0,-0.7702524590163935,30.74368852459016
20240219,65.74,greed,-0.0213042608002146,28.695739199785365,0.9221311475409836,100.0,0.0696721311475409,100.0,0.611353892982479,0.0,3.856332786885246,100.0
20240220,69.65,greed,-0.0017386798423192,48.26132015768077,0.9508196721311476,100.0,0.0532786885245901,100.0,0.6068950984755755,0.0,3.420480327868852,100.0
20240221,44.48,fear,0.0018624079632501,51.8624079632501,0.4918032786885246,48.63387978142075,0.0122950819672131,62.29508196721312,0.5729713941234573,0.0,0.3838344262295082,59.59586065573771
20240222,40.43,fear,0.011745551058246,61.74555105824604,0.3565573770491803,26.092896174863384,0.0122950819672131,62.29508196721312,0.567478512248708,0.0,0.0811463114754098,52.02865778688525
20240223,23.72,extreme fear,0.0080190583756709,58.019058375670966,0.1557377049180328,0.0,0.0040983606557377,54.0983606557377,0.5592858324937307,0.0,-1.7402737704918032,6.49315573770492
20240226,48.68,neutral,0.0029577866587366,52.95778665873669,0.4836065573770491,47.26775956284152,0.0245901639344262,74.59016393442623,0.549266442714136,0.0,0.7438905737704918,68.5972643442623
20240227,80.0,extreme greed,0.0541175008274639,100.0,0.9877049180327868,100.0,0.1188524590163934,100.0,0.564191025357739,0.0,6.336363934426229,100.0
20240228,23.7,extreme fear,0.0185117349582941,68.51173495829417,0.1352459016393442,0.0,0.0,50.0,0.5736429057862488,0.0,-3.2542069672131144,0.0
20240229,79.84,extreme greed,0.0520053303943472,100.0,0.9672131147540984,100.0,0.0491803278688524,99.18032786885246,0.5873759783469973,0.0,3.653318852459016,100.0
20240301,48.91,neutral,0.0576810132802974,100.0,0.4549180327868852,42.4863387978142,0.0040983606557377,54.0983606557377,0.5874519666035689,0.0,-0.0811229508196721,47.9719262295082
20240304,29.98,fear,0.0457880991575603,95.78809915756032,0.1557377049180328,0.0,0.0040983606557377,54.0983606557377,0.5819393176330628,0.0,-2.570188524590164,0.0
20240305,24.1,extreme fear,0.0082198381963105,58.21983819631056,0.110655737704918,0.0,0.0122950819672131,62.29508196721312,0.5441422261412879,0.0,-3.260672540983607,0.0
20240306,69.06,greed,0.0207172379751781,70.71723797517811,0.8442622950819673,100.0,0.0245901639344262,74.59016393442623,0.5404169368042117,0.0,2.09517131147541,100.0
20240307,16.58,extreme fear,-0.0171177093093846,32.88229069061539,0.0942622950819672,0.0,0.0,50.0,0.5585933252523106,0.0,-2.996465573770492,0.0
20240308,38.3,fear,-0.0130852180867032,36.914781913296736,0.4204081632653061,36.73469387755101,0.0081632653061224,58.16326530612245,0.5442223020745476,0.0,0.3871432653061223,59.67858163265306
20240311,63.9,greed,0.0048211668789943,54.82116687899436,0.7755102040816326,95.91836734693877,0.0285714285714285,78.57142857142857,0.5103830886740429,0.0,1.607629387755102,90.19073469387754
20240312,39.44,fear,0.0001471044930028,50.147104493002814,0.4530612244897959,42.17687074829931,0.0040816326530612,54.08163265306123,0.4834158265946489,0.0,0.0310844897959183,50.77711224489796
20240313,17.93,extreme fear,-0.0186715218267053,31.32847817329461,0.1142857142857142,0.0,0.0040816326530612,54.08163265306123,0.3700866306604067,0.0,-1.8313893877551024,4.215265306122445
20240314,23.23,extreme fear,-0.0226607208204305,27.33927917956942,0.2571428571428571,9.523809523809517,0.0040816326530612,54.08163265306123,0.3695412237356138,0.0,-0.9920069387755102,25.19982653061225
20240315,72.05,greed,0.0102579395202488,60.2579395202489,0.9877551020408164,100.0,0.0653061224489796,100.0,0.3818053113529706,0.0,5.17011918367347,100.0
20240318,52.97,neutral,0.0178267074540923,67.82670745409231,0.5836734693877551,63.94557823129251,0.0122448979591836,62.24489795918368,0.3676572079764899,0.0,0.8340795918367347,70.85198979591837
20240319,26.21,fear,0.0053465802835468,55.34658028354684,0.2040816326530612,0.6802721088435363,0.0,50.0,0.3651938548774626,0.0,-0.9994551020408164,25.01362244897959
20240320,46.07,neutral,0.0043098828642282,54.309882864228285,0.5346938775510204,55.78231292517005,0.0122448979591836,62.24489795918368,0.3651100240017985,0.0,0.3205359183673469,58.01339795918368
20240321,19.66,extreme fear,-0.0078043236325276,42.1956763674723,0.1387755102040816,0.0,0.0,50.0,0.3660926209419944,0.0,-1.7551073469387752,6.122316326530619
20240322,16.79,extreme fear,-0.0271425606243512,22.857439375648728,0.1428571428571428,0.0,0.0040816326530612,54.08163265306123,0.3723499148683036,0.0,-1.7188861224489795,7.027846938775512
20240325,8.4,extreme fear,-0.0498935623815866,0.1064376184134047,0.073170731707317,0.0,-0.008130081300813,41.86991869918699,0.3806707208915566,0.0,-2.588110569105691,0.0
20240326,19.69,extreme fear,-0.0590169334387493,0.0,0.2439024390243902,7.317073170731704,0.0040650406504065,54.0650406504065,0.3239166641459453,9.660494760761011,-0.9037174796747968,27.407063008130084
20240327,36.55,fear,-0.0613054995185468,0.0,0.508130081300813,51.355013550135496,0.008130081300813,58.13008130081301,0.3062207786304716,16.214526433158653,0.281419918699187,57.03549796747968
20240328,50.22,neutral,-0.0493872450392286,0.6127549607713584,0.7032520325203252,83.87533875338751,0.016260162601626,66.26016260162602,0.2801324067089373,25.87688640409729,0.9783650406504067,74.45912601626017
20240329,35.14,fear,-0.0463488147720657,3.651185227934242,0.3562753036437247,26.04588394062077,0.0080971659919028,58.097165991902834,0.2787119025443333,26.402999057654316,0.460197975708502,61.50494939271255
20240401,46.37,neutral,-0.0362324640148491,13.76753598515086,0.680161943319838,80.02699055330632,0.0,50.0,0.2830938418698749,24.780058566712995,0.5306372469635627,63.26593117408908
20240402,26.21,fear,-0.044147124384533,5.852875615466949,0.2226720647773279,3.778677462887985,0.0161943319838056,66.19433198380567,0.2583335656989442,33.95053122261325,-1.1491983805668018,21.27004048582996
20240403,25.15,fear,-0.0534148955967308,0.0,0.2550607287449393,9.176788124156548,0.0080971659919028,58.097165991902834,0.2526762019983357,36.04585111172752,-1.102967206477733,22.425819838056675
20240408,17.16,extreme fear,-0.093481860103239,0.0,0.0604838709677419,0.0,0.0040322580645161,54.03225806451613,0.2641806641615257,31.78493919943493,-3.667471774193548,0.0
20240409,56.4,greed,-0.0741379281715197,0.0,0.8266129032258065,100.0,0.0161290322580645,66.12903225806451,0.2773783803080475,26.896896182204628,1.5580197580645163,88.95049395161291
20240410,65.59,greed,-0.0593488577648902,0.0,0.9637096774193548,100.0,0.0524193548387096,100.0,0.274559154656336,27.94105383098666,3.289908064516129,100.0
20240411,16.1,extreme fear,-0.0717611999092801,0.0,0.157258064516129,0.0,-0.0040322580645161,45.96774193548387,0.2769770013157505,27.04555506824056,-1.7002173387096773,7.494566532258068
20240412,25.67,fear,-0.0849413352742495,0.0,0.2661290322580645,11.02150537634408,0.0120967741935483,62.096774193548384,0.2744226141523991,27.991624388000304,-0.909553629032258,27.261159274193545
20240415,13.0,extreme fear,-0.0972335824237159,0.0,0.1169354838709677,0.0,-0.0120967741935483,37.903225806451616,0.276862802267546,27.087851012019968,-2.8894653225806457,0.0
20240416,6.24,extreme fear,-0.1319507591269021,0.0,0.0846774193548387,0.0,-0.189516129032258,0.0,0.2657822778666839,31.19174893826522,-6.019071774193548,0.0
20240417,62.56,greed,-0.095097460779011,0.0,0.9879032258064516,100.0,0.0967741935483871,100.0,0.3154579169159067,12.793364105219723,6.530748790322581,100.0
20240418,37.37,fear,-0.0953433739419682,0.0,0.4879032258064516,47.98387096774193,0.0161290322580645,66.12903225806451,0.3150964365330047,12.92724572851678,0.3925032258064516,59.81258064516128
20240419,17.16,extreme fear,-0.1130789539574382,0.0,0.2701612903225806,11.693548387096769,-0.0080645161290322,41.935483870967744,0.3187959746272995,11.5570464343335,-1.1754068548387098,20.614828629032257
20240422,27.28,fear,-0.1131055303764555,0.0,0.4112903225806452,35.21505376344086,0.0,50.0,0.3187011963644707,11.592149494640452,-0.4153508064516128,39.616229838709685
20240423,48.11,neutral,-0.1023423520883165,0.0,0.7298387096774194,88.3064516129032,0.0080645161290322,58.06451612903226,0.320189565259349,11.040901755796668,1.3255689516129032,83.13922379032257
20240424,42.82,fear,-0.0913528890604198,0.0,0.6370967741935484,72.84946236559139,0.0080645161290322,58.06451612903226,0.316619259363495,12.3632372727796,0.8329915322580644,70.82478830645161
20240425,18.62,extreme fear,-0.0997400455421011,0.0,0.2217741935483871,3.629032258064514,0.0,50.0,0.3163530921059624,12.461817738532403,-0.9206064516129032,26.984838709677422
20240426,48.28,neutral,-0.0921319239586043,0.0,0.6814516129032258,80.24193548387095,0.0201612903225806,70.16129032258064,0.3188221847738152,11.54733897266101,1.1782774193548389,79.45693548387098
20240429,45.86,neutral,-0.0857098785906184,0.0,0.7137096774193549,85.61827956989245,0.0040322580645161,54.03225806451613,0.3163912440000264,12.447687407397638,1.0872096774193547,77.18024193548388
20240430,34.59,fear,-0.0875253104137173,0.0,0.4959677419354839,49.3279569892473,0.0040322580645161,54.03225806451613,0.3158555818606191,12.64608079236328,0.2776262096774194,56.94065524193549
20240506,53.72,neutral,-0.0753045826391211,0.0,0.782258064516129,97.04301075268816,0.0201612903225806,70.16129032258064,0.3177967797124283,11.927118625026525,1.5782725806451612,89.45681451612903
20240507,22.67,extreme fear,-0.0799015482544196,0.0,0.2540322580645161,9.005376344086018,0.0040322580645161,54.03225806451613,0.3171318203084055,12.173399885775735,-0.4736370967741935,38.15907258064516
20240508,30.81,fear,-0.0873133859510048,0.0,0.3266129032258064,21.1021505376344,0.0241935483870967,74.19354838709677,0.3165516974499711,12.38826020371441,-0.1458548387096773,46.35362903225806
20240509,39.39,fear,-0.0842100913756808,0.0,0.5483870967741935,58.06451612903224,0.0,50.0,0.2770621055235203,27.01403499128878,0.4739177419354839,61.84794354838709
20240510,17.82,extreme fear,-0.0999785936905187,0.0,0.1491935483870967,0.0,0.0,50.0,0.2727765189106286,28.60128929235978,-1.580507258064516,10.487318548387105
20240513,19.52,extreme fear,-0.116972414467925,0.0,0.1814516129032258,0.0,0.0040322580645161,54.03225806451613,0.2716497541460796,29.01860957552607,-1.418505241935484,14.5373689516129
20240514,34.22,fear,-0.1108339109172474,0.0,0.4314516129032258,38.5752688172043,0.0080645161290322,58.06451612903226,0.2708940460780752,29.298501452564736,-0.1941645161290322,45.1458870967742
20240515,19.38,extreme fear,-0.1171099861738886,0.0,0.157258064516129,0.0,0.0,50.0,0.2676048678862636,30.516715597680147,-1.345283870967742,16.36790322580645
20240516,24.43,extreme fear,-0.1222620077373631,0.0,0.2419354838709677,6.989247311827955,0.0,50.0,0.2643569698402152,31.719640799920285,-0.661516129032258,33.46209677419355
20240517,49.55,neutral,-0.117934875754024,0.0,0.6169354838709677,69.48924731182795,0.0161290322580645,66.12903225806451,0.2237570330044551,46.75665444279437,0.6146862903225806,65.36715725806451
20240520,38.15,fear,-0.1186342625611742,0.0,0.3427419354838709,23.790322580645157,0.0040322580645161,54.03225806451613,0.1624864840844975,69.44945033907497,-0.2616620967741935,43.45844758064517
20240521,28.93,fear,-0.1288768363736155,0.0,0.1854838709677419,0.0,0.0040322580645161,54.03225806451613,0.1670212095636106,67.7699223838479,-1.085431451612903,22.86421370967741
20240522,63.37,greed,-0.1176495247932758,0.0,0.8024193548387096,100.0,0.0161290322580645,66.12903225806451,0.1596918510427749,70.48449961378708,1.210060483870968,80.25151209677419
20240523,73.32,greed,-0.1027382596734401,0.0,0.9717741935483872,100.0,0.0524193548387096,100.0,0.1702379263247214,66.5785458056587,3.8577641129032254,100.0
20240524,21.69,extreme fear,-0.1241496353419429,0.0,0.1491935483870967,0.0,-0.0040322580645161,45.96774193548387,0.1866474453281165,60.500946174771656,-1.9198262096774192,2.0043447580645197
20240527,40.15,fear,-0.1199183058515481,0.0,0.4193548387096774,36.55913978494623,0.0040322580645161,54.03225806451613,0.1808336591339257,62.65420032076825,-0.1000508064516129,47.49872983870967
20240528,40.65,fear,-0.1211089685839637,0.0,0.4112903225806452,35.21505376344086,0.0040322580645161,54.03225806451613,0.1787599820006721,63.42222888863993,0.0236616935483871,50.59154233870969
20240529,36.02,fear,-0.124829843686301,0.0,0.3387096774193548,23.118279569892465,0.0,50.0,0.1750165314544541,64.80869205390586,-0.3129487903225806,42.17628024193548
20240530,28.9,fear,-0.1363571020346217,0.0,0.0883534136546184,0.0,0.0040160642570281,54.01606425702812,0.1765844993342141,64.2279632095503,-0.9496417670682732,26.25895582329317
20240531,41.22,fear,-0.1349532983814794,0.0,0.429718875502008,38.286479250334665,0.0040160642570281,54.01606425702812,0.1767635276671672,64.16165641956769,-0.0136433734939759,49.65891566265061
20240603,24.51,extreme fear,-0.1517953820905896,0.0,0.1044176706827309,0.0,0.0040160642570281,54.01606425702812,0.1763581518073851,64.31179562689441,-1.8311710843373492,4.220722891566265
20240604,46.3,neutral,-0.1489131505464684,0.0,0.4899598393574297,48.32663989290494,0.0120481927710843,62.04819277108433,0.1775119389132592,63.88446706916323,0.2897698795180723,57.24424698795181
20240605,22.6,extreme fear,-0.1571421907211241,0.0,0.108433734939759,0.0,0.0,50.0,0.1798438044101894,63.02081318141133,-2.2497253012048186,0.0
20240606,19.2,extreme fear,-0.1771451068403298,0.0,0.072289156626506,0.0,-0.0120481927710843,37.95180722891567,0.1933025705278602,58.03608498968138,-3.806764257028112,0.0
20240607,57.99,greed,-0.1676151847437783,0.0,0.8473895582329317,100.0,0.0,50.0,0.1961007842166114,56.99970954940315,1.3189598393574298,82.97399598393575
20240611,57.81,greed,-0.1591015624908685,0.0,0.7550200803212851,92.50334672021415,0.0120481927710843,62.04819277108433,0.1939712186749116,57.7884375278105,1.0691112449799198,76.727781124498
20240612,46.33,neutral,-0.1551387940137527,0.0,0.5622489959839357,60.37483266398928,0.0040160642570281,54.01606425702812,0.1914210149930174,58.73295740999354,0.340712048192771,58.51780120481928
20240613,28.78,fear,-0.155917461117526,0.0,0.2048192771084337,0.8032128514056195,0.0040160642570281,54.01606425702812,0.1910237224597261,58.88010279269401,-0.7916493975903615,30.20876506024096
20240614,52.1,neutral,-0.1482371594980287,0.0,0.6987951807228916,83.13253012048192,0.0040160642570281,54.01606425702812,0.1940505014275056,57.75907354536826,0.624625702811245,65.61564257028112
20240617,25.78,fear,-0.1558138908326968,0.0,0.1686746987951807,0.0,0.0040160642570281,54.01606425702812,0.1941442054353465,57.72436835727906,-1.313506425702811,17.162339357429722
20240618,48.76,neutral,-0.156265011660955,0.0,0.5823293172690763,63.72155287817938,0.0080321285140562,58.03212851405623,0.1939261696848852,57.8051223389314,0.5688389558232931,64.22097389558232
20240619,67.14,greed,-0.1487461174969987,0.0,0.891566265060241,100.0,0.0281124497991967,78.1124497991968,0.1944888834428046,57.59670983599827,2.044698393574297,100.0
20240620,29.0,fear,-0.1691660824035606,0.0,0.216867469879518,2.8112449799196773,0.0120481927710843,62.04819277108433,0.2026035686694982,54.59127086314881,-0.9779152610441766,25.552118473895582
20240621,66.74,greed,-0.1549363793206835,0.0,0.8955823293172691,100.0,0.0281124497991967,78.1124497991968,0.1998986052689074,55.59310915966391,2.416544979919679,100.0
20240624,14.74,extreme fear,-0.1840897767118513,0.0,0.0642570281124498,0.0,-0.0240963855421686,25.903614457831324,0.220953708459453,47.79492279279516,-3.688025301204819,0.0
20240625,53.43,neutral,-0.1792089259890593,0.0,0.6626506024096386,77.10843373493975,0.0160642570281124,66.06425702811244,0.2200877844580991,48.11563538588921,1.0351710843373494,75.87927710843374
20240626,55.47,greed,-0.1624892376520921,0.0,0.8353413654618473,100.0,0.0,50.0,0.2345789662772437,42.748531008428245,1.384881124497992,84.6220281124498
20240627,17.79,extreme fear,-0.1733320455839574,0.0,0.1204819277108433,0.0,-0.0040160642570281,45.98393574297189,0.2381765313141423,41.41609951328061,-1.937352610441767,1.5661847389558226
20240628,46.42,neutral,-0.1678155920528493,0.0,0.5943775100401606,65.72958500669343,0.0120481927710843,62.04819277108433,0.2374981941905617,41.66733548497712,0.5061915662650602,62.6547891566265
20240701,44.71,fear,-0.1643168302458129,0.0,0.5622489959839357,60.37483266398928,0.0080321285140562,58.03212851405623,0.2377420698153338,41.577011179506,0.5422618473895583,63.55654618473896
20240702,29.79,fear,-0.1654921595273912,0.0,0.2610441767068273,10.174029451137889,0.0040160642570281,54.01606425702812,0.2291950939784554,44.74255778575726,-0.3986835341365461,40.03291164658634
20240703,22.07,extreme fear,-0.1796321653694558,0.0,0.1566265060240964,0.0,0.0040160642570281,54.01606425702812,0.2357585919329004,42.31163261744428,-1.438575502008032,14.0356124497992
20240704,23.65,extreme fear,-0.1741101610603762,0.0,0.1606425702811245,0.0,0.0040160642570281,54.01606425702812,0.2350208597051655,42.584866775864604,-1.1344915662650603,21.63771084337349
20240705,40.35,fear,-0.1751785092361492,0.0,0.4578313253012048,42.97188755020079,0.0120481927710843,62.04819277108433,0.2186562012892948,48.64585137433526,-0.0772755020080321,48.0681124497992
20240708,17.04,extreme fear,-0.2020924727620585,0.0,0.0441767068273092,0.0,-0.0040160642570281,45.98393574297189,0.2441704336894198,39.19613567058525,-3.485206425702811,0.0
20240709,61.15,greed,-0.18840001913737,0.0,0.8714859437751004,100.0,0.0200803212851405,70.08032128514056,0.248509762654375,37.58897679467591,1.922301204819277,98.05753012048191
20240710,30.55,fear,-0.1868363263352462,0.0,0.2931726907630522,15.528781793842027,0.0080321285140562,58.03212851405623,0.2471520510010045,38.0918329625909,-0.3565534136546185,41.08616465863454
20240711,60.25,greed,-0.1648592518482855,0.0,0.9518072289156626,100.0,0.0200803212851405,70.08032128514056,0.2657986615487306,31.18568090787754,2.687341365461847,100.0
20240712,38.9,fear,-0.1589819387982469,0.0,0.4056224899598393,34.27041499330655,0.0200803212851405,70.08032128514056,0.2642192158501191,31.77066079625216,0.3352248995983936,58.38062248995984
20240715,24.92,extreme fear,-0.1588131456320765,0.0,0.1767068273092369,0.0,0.0160642570281124,66.06425702811244,0.2627054493910074,32.33131504036761,-0.9509558232931726,26.226104417670683
20240716,64.93,greed,-0.1333540951804148,0.0,0.9839357429718876,100.0,0.108433734939759,100.0,0.2834620758392149,24.643675615105565,5.801743775100402,100.0
20240717,60.0,greed,-0.0687822655750576,0.0,0.9919678714859438,100.0,0.3493975903614458,100.0,0.385417205291675,0.0,9.765575502008032,100.0
20240718,0.0,extreme fear,-0.1042182448233852,0.0,0.0803212851405622,0.0,-0.0763052208835341,0.0,0.4018408591427067,0.0,-4.4062421686747,0.0
20240719,16.19,extreme fear,-0.1073702366575812,0.0,0.2289156626506024,4.81927710843373,0.0080321285140562,58.03212851405623,0.3990688441193681,0.0,-1.2759899598393574,18.100251004016062
20240722,13.4,extreme fear,-0.1046867196625812,0.0,0.2449799196787148,7.496653279785806,-0.0120481927710843,37.95180722891567,0.3742285878264827,0.0,-1.1372883534136546,21.567791164658637
20240723,11.61,extreme fear,-0.1189387426717966,0.0,0.144578313253012,0.0,0.0,50.0,0.3806887940607539,0.0,-1.6773779116465863,8.065552208835342
20240724,12.41,extreme fear,-0.1388982999517072,0.0,0.1285140562248996,0.0,0.0120481927710843,62.04819277108433,0.385301277584321,0.0,-2.33091967871486,0.0
20240725,54.3,neutral,-0.1325392506523457,0.0,0.8433734939759037,100.0,0.0240963855421686,74.09638554216869,0.381913303739981,0.0,1.895542168674699,97.38855421686748
20240726,46.65,neutral,-0.1254120481741164,0.0,0.7871485943775101,97.85809906291834,0.0080321285140562,58.03212851405623,0.3823361773251001,0.0,1.09514016064257,77.37850401606426
20240729,20.02,extreme fear,-0.131622011714028,0.0,0.2409638554216867,6.827309236947789,0.0120481927710843,62.04819277108433,0.3837140119947991,0.0,-0.7505706827309236,31.23573293172691
20240730,45.83,neutral,-0.122017725903783,0.0,0.7469879518072289,91.16465863453814,0.0120481927710843,62.04819277108433,0.3848477047892595,0.0,1.0377345381526104,75.94336345381527
20240731,52.91,neutral,-0.0984404538411188,0.0,0.9036144578313252,100.0,0.0160642570281124,66.06425702811244,0.3872109758858759,0.0,1.939467871485944,98.4866967871486
20240801,14.92,extreme fear,-0.098706036115873,0.0,0.216867469879518,2.8112449799196773,-0.0040160642570281,45.98393574297189,0.3875035423889164,0.0,-0.9679650602409638,25.800873493975907
20240802,9.2,extreme fear,-0.1124355277398897,0.0,0.1204819277108433,0.0,-0.0040160642570281,45.98393574297189,0.3929646133160962,0.0,-2.197967469879518,0.0
20240805,9.2,extreme fear,-0.1371227519601924,0.0,0.0522088353413654,0.0,-0.0040160642570281,45.98393574297189,0.3863575387814197,0.0,-3.2174726907630524,0.0
20240806,49.8,neutral,-0.1221416974414921,0.0,0.931726907630522,100.0,0.0080321285140562,58.03212851405623,0.3870646806648465,0.0,1.6380437751004018,90.95109437751005
20240807,27.43,fear,-0.1219494362261754,0.0,0.3694779116465863,28.24631860776438,0.0080321285140562,58.03212851405623,0.3870034769018131,0.0,0.0339361445783132,50.84840361445783
20240808,23.36,extreme fear,-0.1245170256070871,0.0,0.3493975903614458,24.89959839357429,0.0,50.0,0.3790320420427184,0.0,-0.3234313253012048,41.91421686746988
20240809,24.1,extreme fear,-0.1219705663681594,0.0,0.3333333333333333,22.22222222222221,0.0040160642570281,54.01606425702812,0.3789074430769719,0.0,-0.228914859437751,44.27712851405622
20240812,29.31,fear,-0.1255663733546579,0.0,0.393574297188755,32.2623828647925,0.0120481927710843,62.04819277108433,0.3791718962413125,0.0,0.0900349397590361,52.2508734939759
20240813,34.82,fear,-0.1202292407598716,0.0,0.5783132530120482,63.05220883534135,0.0040160642570281,54.01606425702812,0.3664121432746809,0.0,0.282014859437751,57.05037148594377
20240814,27.49,fear,-0.1287483665991524,0.0,0.2610441767068273,10.174029451137889,0.0040160642570281,54.01606425702812,0.2450262745594577,38.8791575705712,-0.6249329317269076,34.37667670682731
20240815,46.99,neutral,-0.1309224287027725,0.0,0.6184738955823293,69.74564926372155,0.0040160642570281,54.01606425702812,0.2070036862717201,52.961597677140674,0.3290417670682731,58.22604417670683
20240816,38.88,fear,-0.134585744469865,0.0,0.3775100401606425,29.58500669344042,0.0120481927710843,62.04819277108433,0.2069382573012234,52.9858306291765,-0.0086558232931726,49.78360441767069
20240819,22.95,extreme fear,-0.1424289215860978,0.0,0.1967871485943775,0.0,-0.0080321285140562,41.967871485943775,0.2079914504909371,52.59575907743066,-1.1916305220883534,20.209236947791165
20240820,49.76,neutral,-0.1387677349459125,0.0,0.570281124497992,61.71352074966532,0.0160642570281124,66.06425702811244,0.2021692010332797,54.75214776545194,0.651518875502008,66.2879718875502
20240821,30.24,fear,-0.1388526907987578,0.0,0.2409638554216867,6.827309236947789,0.0040160642570281,54.01606425702812,0.1851426555619605,61.058275717792405,-0.8283156626506025,29.29210843373494
20240822,21.22,extreme fear,-0.1572027021063144,0.0,0.064,0.0,0.0,50.0,0.1985441544641439,56.094757605872594,-2.3727964000000004,0.0
20240823,40.91,fear,-0.1611014489271642,0.0,0.404,34.0,0.012,62.0,0.1958905271088149,57.07758255229076,0.0598392,51.49598
20240826,50.92,neutral,-0.1549841244068618,0.0,0.66,76.66666666666666,0.004,54.0,0.1970404058154739,56.65170154982445,0.6909448,67.27362
20240827,20.84,extreme fear,-0.168903555045042,0.0,0.184,0.0,-0.008,42.0,0.1996661517920131,55.67920303999514,-1.7397400000000005,6.506499999999993
20240828,48.42,neutral,-0.1645817622581347,0.0,0.628,71.33333333333333,-0.004,46.0,0.1697701066326107,66.75181235829234,0.320634,58.01585
20240829,51.5,neutral,-0.1587692461789107,0.0,0.5976095617529881,66.26826029216467,0.0079681274900398,57.96812749003985,0.1731645102751375,65.49462582402313,0.7109231075697212,67.77307768924304
20240830,63.55,greed,-0.1421969192985256,0.0,0.9203187250996016,100.0,0.0079681274900398,57.96812749003985,0.1836237569785147,61.62083074869825,1.926662549800797,98.16656374501991
20240902,22.93,extreme fear,-0.1632204463483675,0.0,0.0637450199203187,0.0,0.0,50.0,0.1783212213095339,63.58473284832076,-1.9578589641434263,1.0535258964143424
20240903,46.98,neutral,-0.1543883278223483,0.0,0.5657370517928287,60.95617529880478,0.0,50.0,0.1698445313986763,66.72424763011986,0.2895462151394422,57.23865537848606
20240904,27.27,fear,-0.163388786319907,0.0,0.1633466135458167,0.0,0.0,50.0,0.1728514976496198,65.61055642606672,-1.1713286852589642,20.716782868525897
20240905,50.2,neutral,-0.1633977847293587,0.0,0.6533864541832669,75.56440903054447,0.0,50.0,0.1729376862568724,65.57863471967687,0.3933689243027888,59.83422310756972
20240906,27.38,fear,-0.1768737996906295,0.0,0.1155378486055776,0.0,0.0039840637450199,53.98406374501992,0.1787622240599667,63.421398496308605,-1.2210888446215138,19.472778884462155
20240909,30.64,fear,-0.1852649536435991,0.0,0.2629482071713147,10.491367861885784,-0.0039840637450199,46.01593625498008,0.180796673062574,62.66789886571331,-0.6381812749003984,34.04546812749004
20240910,45.69,neutral,-0.1853231506765754,0.0,0.5338645418326693,55.64409030544487,0.0039840637450199,53.98406374501992,0.1765094667012178,64.255753073623,0.1817657370517928,54.54414342629482
20240911,36.12,fear,-0.1827281402208341,0.0,0.3187250996015936,19.7875166002656,0.0039840637450199,53.98406374501992,0.1771402289558514,64.02213742375872,-0.2879880478087649,42.80029880478088
20240912,28.39,fear,-0.1888481539461456,0.0,0.1434262948207171,0.0,0.0,50.0,0.1777941321709951,63.77995104777956,-0.8732537848605579,28.16865537848605
20240913,66.36,greed,-0.1817855800893592,0.0,0.873015873015873,100.0,0.0198412698412698,69.84126984126983,0.182674113052796,61.97255072118666,2.555486111111112,100.0
20240918,25.82,fear,-0.1867100289077073,0.0,0.1666666666666666,0.0,-0.0039682539682539,46.03174603174603,0.1821666616061715,62.160495701417936,-1.1627321428571429,20.931696428571435
20240919,60.12,greed,-0.1740402983287213,0.0,0.876984126984127,100.0,0.0119047619047619,61.90476190476191,0.1909407633569078,58.91082838633042,1.1906170634920634,79.76542658730159
20240920,33.39,fear,-0.1740110912685996,0.0,0.2857142857142857,14.28571428571428,0.0039682539682539,53.96825396825397,0.1908094847523107,58.95945009173676,-0.4102297619047619,39.74425595238095
20240923,29.28,fear,-0.1810484488664047,0.0,0.1626984126984127,0.0,0.0039682539682539,53.96825396825397,0.179663724530528,63.08750943313776,-0.8259916666666667,29.35020833333333
20240924,62.74,greed,-0.1522013592340492,0.0,0.98015873015873,100.0,0.0158730158730158,65.87301587301587,0.2208763856884365,47.82356085613462,2.778365079365079,100.0
20240925,56.41,greed,-0.1397652256063105,0.0,0.841897233201581,100.0,0.0079051383399209,57.90513833992095,0.2253370606570059,46.17145901592371,1.1188284584980237,77.9707114624506
20240926,60.37,greed,-0.1123259455683522,0.0,0.9486166007905138,100.0,0.0118577075098814,61.85770750988142,0.241979775776684,40.00749045307997,2.1560193675889328,100.0
20240927,67.56,greed,-0.0122054091121117,37.79459088788823,1.0,100.0,0.2529644268774703,100.0,0.4619699278209869,0.0,9.024437944664031,100.0
20240930,80.0,extreme greed,0.2127918805283817,100.0,1.0,100.0,1.0,100.0,0.9144308447202292,0.0,20.97508695652174,100.0
20241008,80.0,extreme greed,0.5081792078078577,100.0,1.0,100.0,1.0,100.0,1.225418463947355,0.0,23.21641106719368,100.0
20241009,20.0,extreme fear,0.3237468517517194,100.0,0.0592885375494071,0.0,-0.849802371541502,0.0,1.3235680305847008,0.0,-14.730138339920948,0.0
20241010,28.3,fear,0.3180678174294538,100.0,0.3478260869565217,24.63768115942028,-0.0513833992094861,0.0,1.325883299266378,0.0,-1.3252264822134383,16.869337944664036
20241011,20.0,extreme fear,0.2065626712609467,100.0,0.0314960629921259,0.0,-0.2755905511811024,0.0,1.375045894864245,0.0,-4.935968503937008,0.0
20241014,80.0,extreme greed,0.2849068427505206,100.0,0.9960629921259844,100.0,0.1299212598425197,100.0,1.381636962442411,0.0,6.429338976377952,100.0
20241015,35.05,fear,0.2632173212828008,100.0,0.2086614173228346,1.443569553805771,0.0039370078740157,53.93700787401576,1.3804330105017004,0.0,-1.2059425196850395,19.85143700787401
20241016,78.14,extreme greed,0.2784293806641253,100.0,0.7440944881889764,90.68241469816272,0.0708661417322834,100.0,1.3743663748317834,0.0,2.8273015748031494,100.0
20241017,80.0,extreme greed,0.3334980794237918,100.0,0.9803149606299212,100.0,0.0826771653543307,100.0,1.3719560458344482,0.0,5.009405118110236,100.0
20241018,80.0,extreme greed,0.4667406176913369,100.0,0.9921259842519684,100.0,0.2322834645669291,100.0,1.3934208980241172,0.0,8.577934645669291,100.0
20241021,80.0,extreme greed,0.6968439495295036,100.0,1.0,100.0,0.7047244094488189,100.0,1.4566906728391311,0.0,15.307526377952758,100.0
20241022,20.0,extreme fear,0.5617994844722238,100.0,0.1857707509881423,0.0,-0.308300395256917,0.0,1.5109240367030707,0.0,-6.003165217391305,0.0
20241023,80.0,extreme greed,0.6203970236207839,100.0,0.857707509881423,100.0,0.1304347826086956,100.0,1.501118629713433,0.0,4.391915415019764,100.0
20241024,80.0,extreme greed,0.6780828793037552,100.0,0.8853754940711462,100.0,0.1660079051383399,100.0,1.4976894024206802,0.0,5.794040316205534,100.0
20241025,56.92,greed,0.6713270042301884,100.0,0.3557312252964427,25.95520421607377,0.067193675889328,100.0,1.4962525132028444,0.0,0.3455185770750988,58.637964426877474
20241028,77.22,extreme greed,0.677853883033608,100.0,0.7165354330708661,86.08923884514432,0.2204724409448819,100.0,1.4883548248895724,0.0,5.438533070866141,100.0
20241029,80.0,extreme greed,0.7299180913140755,100.0,0.8588235294117647,100.0,0.196078431372549,100.0,1.48804422842977,0.0,8.203081568627454,100.0
20241030,57.56,greed,0.6829762044475771,100.0,0.4745098039215686,45.75163398692809,0.0235294117647058,73.52941176470587,1.5021620918217733,0.0,0.7408117647058823,68.52029411764707
20241031,29.22,fear,0.6467814320475784,100.0,0.171875,0.0,-0.00390625,46.09375,1.5156823224354248,0.0,-2.200859375,0.0
20241101,20.0,extreme fear,0.4832428667823354,100.0,0.13671875,0.0,-0.37890625,0.0,1.5613414322406531,0.0,-6.897473046875,0.0
20241104,80.0,extreme greed,0.5697010268707323,100.0,0.9375,100.0,0.203125,100.0,1.379377535380602,0.0,7.281340624999999,100.0
20241105,80.0,extreme greed,0.6884416074316435,100.0,0.984375,100.0,0.3203125,100.0,1.1175763976122794,0.0,9.660009375,100.0
20241106,80.0,extreme greed,0.7391957637835362,100.0,0.875,100.0,0.17578125,100.0,1.003782404231721,0.0,6.0571578125,100.0
20241107,77.68,extreme greed,0.7874805512940957,100.0,0.73046875,88.41145833333333,0.1015625,100.0,1.0014345308887689,0.0,3.947873828125,100.0
20241108,25.16,fear,0.7550667548688585,100.0,0.21875,3.124999999999998,-0.02734375,22.656250000000004,0.9311994766026293,0.0,-2.9992855468750004,0.0
20241111,54.56,neutral,0.7584795201048293,100.0,0.3424124513618677,23.73540856031128,0.0350194552529182,85.01945525291829,0.9197342352956748,0.0,0.5623739299610894,64.05934824902724
20241112,39.06,fear,0.7140994143603356,100.0,0.3385214007782101,23.08690012970169,0.0038910505836575,53.89105058365759,0.9221269446413234,0.0,-1.266196887159533,18.345077821011675
20241113,73.57,greed,0.7180821628966749,100.0,0.6070038910505836,67.83398184176393,0.0661478599221789,100.0,0.9229271030237556,0.0,2.0962536964980547,100.0
20241114,31.37,fear,0.6701234168612764,100.0,0.2178988326848249,2.9831387808041487,0.0038910505836575,53.89105058365759,0.9311136254886926,0.0,-2.2234249027237354,0.0
20241115,72.27,greed,0.6486308025481948,100.0,0.5680933852140078,61.348897535667945,0.0894941634241245,100.0,0.8784083213478336,0.0,2.224770817120622,100.0
20241118,33.92,fear,0.5808543881952457,100.0,0.4591439688715953,43.19066147859921,-0.0778210116731517,0.0,0.6917237460898046,0.0,-0.9440568093385212,26.39857976653697
20241119,31.89,fear,0.5868490232667551,100.0,0.2325581395348837,5.426356589147284,-0.0155038759689922,34.49612403100775,0.6264928357244827,0.0,-1.219119379844961,19.522015503875974
20241120,80.0,extreme greed,0.6268438788645831,100.0,0.9534883720930232,100.0,0.1240310077519379,100.0,0.6190027502120693,0.0,5.336353100775193,100.0
20241121,80.0,extreme greed,0.6407951286758993,100.0,0.8333333333333334,100.0,0.0930232558139534,100.0,0.6064442576763249,0.0,4.590117054263565,100.0
20241122,26.12,fear,0.5484726847537988,100.0,0.1550387596899224,0.0,-0.0193798449612403,30.620155038759687,0.6387165740219554,0.0,-3.458476356589148,0.0
20241125,61.5,greed,0.5332769908877164,100.0,0.4341085271317829,39.01808785529715,0.065891472868217,100.0,0.638678944496621,0.0,0.7389701550387597,68.474253875969
20241126,20.0,extreme fear,0.467101544998977,100.0,0.1556420233463035,0.0,-0.0933852140077821,0.0,0.6399398575841108,0.0,-4.367216342412452,0.0
20241127,78.24,extreme greed,0.4690181257580361,100.0,0.7470817120622568,91.18028534370949,0.0700389105058365,100.0,0.6361170896493601,0.0,2.671635408560312,100.0
20241128,69.46,greed,0.461264967516682,100.0,0.5603112840466926,60.05188067444875,0.0544747081712062,100.0,0.6333425815277699,0.0,1.4898848249027237,87.2471206225681
20241129,77.24,extreme greed,0.4989414750770369,100.0,0.7170542635658915,86.17571059431523,0.0775193798449612,100.0,0.5299227289934899,0.0,4.21730542635659,100.0
20241202,80.0,extreme greed,0.5369234636817144,100.0,0.8333333333333334,100.0,0.0736434108527131,100.0,0.495517631191919,0.0,3.9468488372093034,100.0
20241203,50.44,neutral,0.53070129884266,100.0,0.5077519379844961,51.291989664082685,-0.003875968992248,46.12403100775194,0.4045031901295079,0.0,0.1908050387596899,54.77012596899225
20241204,27.67,fear,0.4898568058807002,100.0,0.189922480620155,0.0,-0.0116279069767441,38.372093023255815,0.3894411828117979,0.0,-2.8866255813953487,0.0
20241205,68.67,greed,0.4962654633875827,100.0,0.555984555984556,59.33075933075932,0.0386100386100386,88.6100386100386,0.3684017831622307,0.0,1.8154003861003856,95.38500965250964
20241206,29.51,fear,0.4745356712939861,100.0,0.2548262548262548,9.137709137709132,-0.0115830115830115,38.41698841698842,0.3676360784948688,0.0,-2.201261776061776,0.0
20241209,20.0,extreme fear,0.404696509219639,100.0,0.054054054054054,0.0,-0.2548262548262548,0.0,0.3907319881476264,0.0,-7.239675289575289,0.0
20241210,63.23,greed,0.4306840890030965,100.0,0.5,49.99999999999999,0.0423076923076923,92.3076923076923,0.4004481877276759,0.0,0.9533157692307692,73.83289423076923
20241211,27.31,fear,0.4039319571214068,100.0,0.2115384615384615,1.923076923076921,-0.0153846153846153,34.61538461538461,0.3994738386240848,0.0,-2.1434230769230767,0.0
20241212,54.61,neutral,0.3794065979399386,100.0,0.5307692307692308,55.12820512820512,0.0076923076923076,57.692307692307686,0.395363968040476,0.0,0.4088611538461538,60.22152884615385
20241213,52.23,neutral,0.3587902251384862,100.0,0.4807692307692308,46.79487179487179,0.0115384615384615,61.53846153846154,0.3958620868639174,0.0,0.1120696153846153,52.80174038461538
20241216,33.85,fear,0.3069619412402085,100.0,0.1653846153846153,0.0,0.0192307692307692,69.23076923076923,0.3938153140948787,0.0,-2.38018,0.0
20241217,20.77,extreme fear,0.2604162892588297,100.0,0.0961538461538461,0.0,-0.0461538461538461,3.8461538461538463,0.4022723482300708,0.0,-4.396827307692307,0.0
20241218,33.89,fear,0.2485201731932527,100.0,0.1532567049808429,0.0,0.0,50.0,0.3774957593395174,0.0,-1.2217877394636016,19.45530651340996
20241219,78.71,extreme greed,0.2844840245294167,100.0,0.7854406130268199,97.57343550446996,0.0459770114942528,95.97701149425288,0.39742854199905,0.0,2.277514176245211,100.0
20241220,47.61,neutral,0.2818810215989193,100.0,0.3639846743295019,27.33077905491698,0.0114942528735632,61.49425287356321,0.3623856575694635,0.0,-0.0301662835249042,49.24584291187739
20241223,28.47,fear,0.2434991475721486,100.0,0.10727969348659,0.0,-0.0076628352490421,42.33716475095786,0.3704178719081106,0.0,-4.567286973180077,0.0
20241224,61.86,greed,0.2486350921613103,100.0,0.632183908045977,72.03065134099616,0.0114942528735632,61.49425287356321,0.3513455978385855,0.0,1.030693486590038,75.76733716475094
20241225,26.93,fear,0.1971207459482726,100.0,0.0766283524904214,0.0,-0.0153256704980842,34.674329501915715,0.3698389496115651,0.0,-4.69143256704981,0.0
20241226,62.54,greed,0.1946758000311186,100.0,0.5076335877862596,51.27226463104325,0.0114503816793893,61.45038167938931,0.3703448674390255,0.0,2.638583969465649,100.0
20241227,49.8,neutral,0.1762498311934648,100.0,0.5,49.99999999999999,0.0,50.0,0.3453187533748216,1.73379504636236,-0.1095335877862594,47.26166030534351
20241230,27.9,fear,0.1212974732699405,100.0,0.0572519083969465,0.0,-0.015267175572519,34.73282442748092,0.3371366679079436,4.764197071131974,-5.084988549618321,0.0
20241231,57.13,greed,0.1092124381509176,100.0,0.5190839694656488,53.18066157760812,0.015267175572519,65.26717557251908,0.3342173702252055,5.8454184351090674,0.453545038167939,61.33862595419848
20250102,55.46,greed,0.0871635395533652,100.0,0.3612167300380228,26.869455006337127,0.0152091254752851,65.20912547528518,0.3327425226841032,6.391658265146944,1.1532490494296577,78.83122623574144
20250103,53.18,neutral,0.0824651816422994,100.0,0.4714828897338403,45.24714828897337,0.0114068441064638,61.40684410646388,0.3257135027540726,8.99499897997309,0.0106266159695818,50.265665399239545
20250106,41.94,fear,0.0642112190221655,100.0,0.3916349809885932,31.939163498098853,-0.0038022813688212,46.1977186311787,0.3256536421884868,9.017169559819692,-1.0991547528517112,22.521131178707225
20250107,77.2,extreme greed,0.0832134659501298,100.0,0.8897338403041825,100.0,0.026615969581749,76.61596958174904,0.3246344042969597,9.394665075200097,2.6690802281368824,100.0
20250108,71.17,greed,0.0937458187129911,100.0,0.6577946768060836,76.29911280101392,0.026615969581749,76.61596958174904,0.3122087958385683,13.996742282011738,1.5569148288973382,88.92287072243346
20250109,76.47,extreme greed,0.1071448060363942,100.0,0.870722433460076,100.0,0.0228136882129277,72.81368821292776,0.3242350397023221,9.54257788802883,2.258563498098859,100.0
20250110,21.5,extreme fear,0.0732440828441514,100.0,0.0646387832699619,0.0,-0.0494296577946768,0.5703422053231975,0.3312466416153334,6.945688290617241,-5.000917870722433,0.0
20250113,30.9,fear,0.0451994083877638,95.1994083877638,0.1444866920152091,0.0,0.0038022813688212,53.80228136882129,0.3351926429313922,5.48420632170658,-2.3589019011406847,0.0
20250114,80.0,extreme greed,0.1537389171757075,100.0,1.0,100.0,0.4486692015209125,100.0,0.5229330139048259,0.0,10.093368821292776,100.0
20250115,46.83,neutral,0.146589650095402,100.0,0.4296577946768061,38.27629911280101,0.0,50.0,0.5110633404725223,0.0,-0.16543536121673,45.86411596958175
20250116,69.38,greed,0.1656952393531208,100.0,0.8212927756653993,100.0,0.0114068441064638,61.40684410646388,0.5162290827645751,0.0,1.4204346007604562,85.5108650190114
20250117,36.74,fear,0.157170385371826,100.0,0.2053231939163498,0.8871989860583008,0.0114068441064638,61.40684410646388,0.5018172055740079,0.0,-1.1437904942965775,21.40523764258556
20250120,45.68,neutral,0.1564086920999612,100.0,0.3916349809885932,31.939163498098853,0.0,50.0,0.5018741903090242,0.0,-0.1422323193916349,46.444192015209126
20250121,43.91,fear,0.1468531549369753,100.0,0.3307984790874524,21.799746514575407,0.0076045627376425,57.60456273764258,0.4935311388189005,0.0,-0.3940608365019011,40.14847908745247
20250122,30.0,fear,0.0968827517884338,100.0,0.1140684410646387,0.0,0.0,50.0,0.5125248847325589,0.0,-3.1861577946768063,0.0
20250123,49.43,neutral,0.0923713230142913,100.0,0.4410646387832699,40.17743979721165,0.0076045627376425,57.60456273764258,0.4955763540460596,0.0,-0.0256889733840303,49.35777566539924
20250124,63.76,greed,0.095646533944522,100.0,0.6577946768060836,76.29911280101392,0.0152091254752851,65.20912547528518,0.4961496658519375,0.0,1.0917391634980989,77.29347908745248
20250127,26.96,fear,0.0709695596748756,100.0,0.1254752851711026,0.0,-0.0152091254752851,34.79087452471483,0.4990878840266209,0.0,-2.622015589353613,0.0
20250205,59.18,greed,0.0802045733414476,100.0,0.4904942965779467,48.415716096324445,0.0304182509505703,80.41825095057034,0.474401923115735,0.0,0.6830152091254753,67.07538022813688
20250206,80.0,extreme greed,0.1357596653254837,100.0,1.0,100.0,0.1022727272727272,100.0,0.5091071892596651,0.0,6.536673863636364,100.0
20250207,80.0,extreme greed,0.1873856625755017,100.0,0.9886363636363636,100.0,0.0568181818181818,100.0,0.5258586326416939,0.0,4.702371590909091,100.0
20250210,80.0,extreme greed,0.2224264684097507,100.0,0.9772727272727272,100.0,0.0909090909090909,100.0,0.5322220341081678,0.0,4.487196590909091,100.0
20250211,79.85,extreme greed,0.2420912011961824,100.0,0.7954545454545454,99.24242424242424,0.0643939393939393,100.0,0.5255973728276396,0.0,2.8328098484848483,100.0
20250212,75.28,extreme greed,0.251178114100357,100.0,0.6931818181818182,82.19696969696969,0.0492424242424242,99.24242424242424,0.5244913328008963,0.0,1.7990780303030305,94.97695075757576
20250213,32.27,fear,0.2239934300103858,100.0,0.1363636363636363,0.0,0.0113636363636363,61.36363636363637,0.5341792081348865,0.0,-2.949893939393939,0.0
20250214,53.87,neutral,0.2069602578497456,100.0,0.3560606060606061,26.010101010101007,0.0378787878787878,87.87878787878786,0.5379320801211304,0.0,0.2187696969696969,55.46924242424242
20250217,79.97,extreme greed,0.2228277501518574,100.0,0.7992424242424242,99.87373737373734,0.053030303030303,100.0,0.5213830644426273,0.0,2.4696465909090906,100.0
20250218,24.7,extreme fear,0.1902015209216769,100.0,0.1363636363636363,0.0,-0.0265151515151515,23.484848484848484,0.5206609896683195,0.0,-3.765357196969697,0.0
20250219,80.0,extreme greed,0.2482018863249315,100.0,0.9734848484848484,100.0,0.0643939393939393,100.0,0.4107699735829135,0.0,3.8260481060606057,100.0
20250220,76.41,extreme greed,0.2607372367847658,100.0,0.7878787878787878,97.97979797979797,0.034090909090909,84.09090909090908,0.4094371797087111,0.0,2.2884424242424246,100.0
20250221,76.04,extreme greed,0.2890949799193347,100.0,0.6856060606060606,80.93434343434342,0.0492424242424242,99.24242424242424,0.4129878666537701,0.0,2.139444696969697,100.0
20250224,48.27,neutral,0.2843430034471363,100.0,0.4507575757575757,41.79292929292928,0.0075757575757575,57.57575757575758,0.4111964385573107,0.0,-0.3203806818181818,41.990482954545456
20250225,37.2,fear,0.2601567313409603,100.0,0.2424242424242424,7.070707070707069,0.0113636363636363,61.36363636363637,0.418965919441392,0.0,-1.2973526515151514,17.566183712121212
20250226,77.05,extreme greed,0.2769730630267084,100.0,0.7840909090909091,97.34848484848482,0.0378787878787878,87.87878787878789,0.4170912454820599,0.0,2.3012257575757573,100.0
20250227,74.29,greed,0.2827667567898222,100.0,0.6287878787878788,71.46464646464645,0.0606060606060606,100.0,0.3718107854136682,0.0,2.1642469696969693,100.0
20250228,20.28,extreme fear,0.2214345945665785,100.0,0.2083333333333333,1.3888888888888884,-0.0568181818181818,0.0,0.4190520062324893,0.0,-2.434019696969697,0.0
20250303,80.0,extreme greed,0.2430097860462274,100.0,0.8825757575757576,100.0,0.125,100.0,0.4210072046002239,0.0,4.59580643939394,100.0
20250304,80.0,extreme greed,0.2764932955975232,100.0,0.8598484848484849,100.0,0.0795454545454545,100.0,0.4110308941004472,0.0,4.37454356060606,100.0
20250305,76.29,extreme greed,0.3051053006257571,100.0,0.7159090909090909,85.98484848484847,0.0454545454545454,95.45454545454544,0.4141355767511007,0.0,2.312625378787879,100.0
20250306,43.73,fear,0.2789730945435194,100.0,0.231060606060606,5.176767676767673,0.034090909090909,84.09090909090908,0.3971614939009744,0.0,-0.8255193181818181,29.362017045454547
20250307,58.76,greed,0.2658294744888276,100.0,0.5113636363636364,51.89393939393938,0.0227272727272727,72.72727272727272,0.3734033870233432,0.0,0.7670071969696969,69.17517992424243
20250310,79.07,extreme greed,0.2824604589673753,100.0,0.7765151515151515,96.08585858585856,0.0492424242424242,99.24242424242424,0.3634770057971816,0.0,2.697248863636364,100.0
20250311,53.87,neutral,0.2762791402691844,100.0,0.4810606060606061,46.84343434343434,0.0037878787878787,53.78787878787878,0.3609425322101222,0.0,0.7479568181818181,68.69892045454546
20250312,61.19,greed,0.2613945714014902,100.0,0.4810606060606061,46.84343434343434,0.0416666666666666,91.66666666666669,0.3631606459333833,0.0,0.6981117424242425,67.45279356060607
20250313,57.87,greed,0.2164157106077864,100.0,0.4242424242424242,37.37373737373737,0.0454545454545454,95.45454545454544,0.3771023318714343,0.0,0.2618143939393939,56.54535984848484
20250314,80.0,extreme greed,0.2480480552835315,100.0,0.8560606060606061,100.0,0.0568181818181818,100.0,0.3842233846516629,0.0,3.767729924242424,100.0
20250317,71.49,greed,0.2640642901219998,100.0,0.7765151515151515,96.08585858585856,0.0113636363636363,61.36363636363637,0.3845770976364998,0.0,2.3307670454545453,100.0
20250318,60.45,greed,0.2621489291328056,100.0,0.5303030303030303,55.05050505050504,0.0265151515151515,76.5151515151515,0.3684956387865332,0.0,0.8274174242424244,70.68543560606061
20250319,20.02,extreme fear,0.2196551324060724,100.0,0.0681818181818181,0.0,-0.2424242424242424,0.0,0.3497921423895631,0.0769843001617971,-6.86860643939394,0.0
20250320,22.42,extreme fear,0.1801577860811565,100.0,0.1174242424242424,0.0,-0.0378787878787878,12.121212121212125,0.364781881431095,0.0,-4.431331439393938,0.0
20250321,20.0,extreme fear,0.1254761542255156,100.0,0.1553030303030303,0.0,-0.0643939393939393,0.0,0.3833614686036125,0.0,-4.218741287878787,0.0
20250324,69.54,greed,0.1305536258420572,100.0,0.7462121212121212,91.03535353535352,0.0151515151515151,65.15151515151516,0.3851451208410751,0.0,1.6609136363636363,91.5228409090909
20250325,79.85,extreme greed,0.1458240388599021,100.0,0.8863636363636364,100.0,0.0492424242424242,99.24242424242424,0.3877207082752923,0.0,3.633436742424242,100.0
20250326,41.23,fear,0.138347041352173,100.0,0.2689393939393939,11.489898989898984,0.0151515151515151,65.15151515151516,0.3820676016575783,0.0,-0.8187905303030303,29.530236742424243
20250327,46.53,neutral,0.1249791914864995,100.0,0.4583333333333333,43.05555555555555,-0.0075757575757575,42.42424242424242,0.3808816254410087,0.0,-0.1141715909090909,47.14571022727272
20250328,20.94,extreme fear,0.0988906979821888,100.0,0.1358490566037735,0.0,-0.0452830188679245,4.716981132075471,0.3536716412731507,0.0,-3.3133022641509435,0.0
20250331,23.21,extreme fear,0.0644026746008379,100.0,0.1773584905660377,0.0,-0.0339622641509433,16.037735849056606,0.355792093291646,0.0,-3.3960649056603773,0.0
20250401,76.95,extreme greed,0.0640618613732091,100.0,0.7660377358490567,94.33962264150944,0.0377358490566037,87.73584905660378,0.3327038573894653,6.405978744642454,1.8515471698113208,96.28867924528302
20250402,53.03,neutral,0.0647242715857292,100.0,0.4716981132075472,45.28301886792452,0.0075471698113207,57.54716981132076,0.3128778868851684,13.748930783270936,-0.0577781132075471,48.55554716981132
20250403,67.17,greed,0.0513541814327158,100.0,0.5962264150943396,66.03773584905659,0.0264150943396226,76.41509433962264,0.3110524824838834,14.425006487450588,1.159295849056604,78.98239622641509
20250407,0.0,extreme fear,-0.1397048685912127,0.0,0.0528301886792452,0.0,-0.8528301886792453,0.0,0.6946275946833197,0.0,-18.29681358490566,0.0
20250408,60.0,greed,-0.1009051724154929,0.0,0.9886792452830188,100.0,0.2264150943396226,100.0,0.7199431440402138,0.0,8.104695094339622,100.0
20250409,67.64,greed,-0.0117777713525325,38.222228647467446,0.9622641509433962,100.0,0.5132075471698113,100.0,0.8264751820055248,0.0,10.43966566037736,100.0
20250410,76.72,extreme greed,0.0336063324970132,83.60633249701328,0.958490566037736,100.0,0.1132075471698113,100.0,0.8494389609412399,0.0,4.96076,100.0
20250411,50.44,neutral,0.0476836634693991,97.68366346939912,0.6075471698113207,67.92452830188678,-0.0226415094339622,27.358490566037734,0.8457713607452995,0.0,0.3700366037735849,59.25091509433962
20250414,80.0,extreme greed,0.0668994725980069,100.0,0.8528301886792453,100.0,0.060377358490566,100.0,0.8409040334096869,0.0,2.821493962264151,100.0
20250415,47.18,neutral,0.0608680132633896,100.0,0.3962264150943396,32.70440251572327,0.0113207547169811,61.32075471698113,0.8373223196458172,0.0,-0.3245230188679244,41.88692452830189
20250416,32.77,fear,0.0461425148584007,96.1425148584007,0.2113207547169811,1.886792452830188,0.0113207547169811,61.32075471698113,0.8372828239927561,0.0,-1.8205928301886791,4.485179245283022
20250417,77.3,extreme greed,0.0531428797592634,100.0,0.7471698113207547,91.19496855345908,0.0452830188679245,95.28301886792453,0.833381266367735,0.0,2.1989388679245288,100.0
20250418,63.01,greed,0.0711421403848764,100.0,0.720754716981132,86.79245283018865,-0.0037735849056603,46.22641509433962,0.8312929085244658,0.0,1.2820150943396225,82.05037735849056
20250421,73.95,greed,0.0963069477362774,100.0,0.769811320754717,94.9685534591195,0.030188679245283,80.18867924528303,0.8208413183433919,0.0,1.7839388679245285,94.5984716981132
20250422,40.71,fear,0.0866380202345082,100.0,0.2566037735849056,9.43396226415094,0.0226415094339622,72.64150943396226,0.8212646381479788,0.0,-1.1409316981132076,21.47670754716981
20250423,57.98,greed,0.0898568066725693,100.0,0.5811320754716981,63.52201257861634,0.0150943396226415,65.09433962264151,0.819189487954586,0.0,0.4508056603773586,61.27014150943396
20250424,30.75,fear,0.0519739257605891,100.0,0.1433962264150943,0.0,0.0037735849056603,53.77358490566038,0.8293447505238463,0.0,-3.757095094339623,0.0
20250425,42.42,fear,0.0394060310969639,89.40603109696394,0.3886792452830189,31.446540880503143,0.0075471698113207,57.54716981132076,0.8299653441880337,0.0,-0.6523686792452831,33.69078301886792
20250428,16.54,extreme fear,0.0204487023387294,70.44870233872942,0.120754716981132,0.0,-0.0377358490566037,12.264150943396231,0.8297534147595709,0.0,-3.8508132075471697,0.0
20250429,54.13,neutral,0.0328243934498659,82.82439344986598,0.6641509433962264,77.35849056603772,-0.0113207547169811,38.67924528301887,0.8243221255129136,0.0,0.8706249056603773,71.76562264150942
20250430,77.6,extreme greed,0.0629559741244267,100.0,0.9049429657794676,100.0,0.0380228136882129,88.02281368821293,0.8300622572864489,0.0,3.3876414448669205,100.0
20250506,78.3,extreme greed,0.0963857389366238,100.0,0.981132075471698,100.0,0.0415094339622641,91.50943396226415,0.8362776437549636,0.0,4.758964150943396,100.0
20250507,67.27,greed,0.0909845135779063,100.0,0.5660377358490566,61.006289308176086,0.0452830188679245,95.28301886792453,0.8356159068174067,0.0,1.2021852830188682,80.0546320754717
20250508,62.68,greed,0.1009895009274872,100.0,0.6075471698113207,67.92452830188678,0.0188679245283018,68.86792452830188,0.4726069531969655,0.0,1.0651305660377357,76.6282641509434
20250509,45.2,neutral,0.0989106088125801,100.0,0.3547169811320754,25.78616352201257,0.0113207547169811,61.32075471698113,0.4581722551697734,0.0,-0.443711320754717,38.90721698113207
20250512,80.68,extreme greed,0.1286594158615392,100.0,0.9169811320754716,100.0,0.0415094339622641,91.50943396226415,0.3179404225648009,11.873917568592262,2.724289433962264,100.0
20250513,49.42,neutral,0.1167166004233448,100.0,0.225563909774436,4.260651629072678,0.018796992481203,68.796992481203,0.2855790447674102,23.859613049107335,0.007230827067669,50.18077067669172
20250514,76.77,extreme greed,0.1279775466066994,100.0,0.6654135338345865,77.5689223057644,0.037593984962406,87.59398496240601,0.2841554686800192,24.386863451844743,1.7724511278195487,94.31127819548873
20250515,61.72,greed,0.1232682242563238,100.0,0.4924812030075188,48.74686716791979,0.018796992481203,68.796992481203,0.2797995985864424,26.00014867168801,0.6027296992481203,65.06824248120301
20250516,57.41,greed,0.1286950871013499,100.0,0.4924812030075188,48.74686716791979,0.0075187969924812,57.5187969924812,0.2784254563530733,26.509090239602457,0.1709063909774436,54.27265977443609
20250519,72.88,greed,0.1550072260199693,100.0,0.6240601503759399,70.67669172932331,0.037593984962406,87.59398496240601,0.2799984873030661,25.926486184049597,1.2075349624060152,80.18837406015038
20250520,84.91,extreme greed,0.1685970108389152,100.0,0.8909774436090225,100.0,0.0488721804511278,98.87218045112782,0.2806564328416079,25.68280265125631,3.1461954887218044,100.0
20250521,38.44,fear,0.1724264255595655,100.0,0.225563909774436,4.260651629072678,0.0,50.0,0.2762037943969423,27.331928001132468,-1.5753729323308272,10.61567669172932
20250522,21.73,extreme fear,0.1003262896674337,100.0,0.0789473684210526,0.0,-0.0413533834586466,8.646616541353389,0.3535796776235208,0.0,-4.913221428571428,0.0
20250523,34.07,fear,0.0853331196544677,100.0,0.2142857142857142,2.3809523809523765,0.0112781954887218,61.2781954887218,0.3564854697655489,0.0,-1.7321545112781955,6.696137218045112
20250526,77.55,extreme greed,0.1059942501650872,100.0,0.9283018867924528,100.0,0.0377358490566037,87.73584905660378,0.3623671199992081,0.0,3.2065694339622643,100.0
20250527,46.71,neutral,0.1061129462941734,100.0,0.3698113207547169,28.30188679245282,0.0075471698113207,57.54716981132076,0.3367362320482105,4.912506648810904,-0.2891305660377358,42.77173584905661
20250528,34.29,fear,0.0902565240797215,100.0,0.2113207547169811,1.886792452830188,0.0037735849056603,53.77358490566038,0.3384804849487017,4.266487056036411,-1.5389796226415096,11.52550943396226
20250529,77.58,extreme greed,0.1195239857134446,100.0,0.9283018867924528,100.0,0.0339622641509433,83.9622641509434,0.339317454807552,3.9564982194251854,3.4780683018867924,100.0
20250530,29.22,fear,0.1135671258335484,100.0,0.1509433962264151,0.0,-0.0075471698113207,42.45283018867924,0.3402068904280466,3.6270776192419873,-2.119506037735849,0.0
20250603,67.59,greed,0.1240929327174835,100.0,0.7547169811320755,92.45283018867924,0.0037735849056603,53.77358490566038,0.3279589105011496,8.163366481055661,1.3422245283018863,83.55561320754717
20250604,64.5,greed,0.1353325627983466,100.0,0.6754716981132075,79.24528301886791,0.0037735849056603,53.77358490566038,0.3116968361648231,14.186356975991444,1.0112222641509432,75.28055660377358
20250605,52.31,neutral,0.1306916038939432,100.0,0.4150943396226415,35.84905660377358,0.0150943396226415,65.09433962264151,0.3112290096606096,14.359626051626066,-0.1499981132075471,46.25004716981132
20250606,53.83,neutral,0.1234424837467407,100.0,0.4452830188679245,40.880503144654085,0.0075471698113207,57.54716981132076,0.3112034024909159,14.36911018854967,0.2533743396226414,56.33435849056604
20250609,76.03,extreme greed,0.1341955670709311,100.0,0.8113207547169812,100.0,0.0226415094339622,72.64150943396226,0.3125813088378705,13.858774504492402,1.74592,93.648
20250610,56.32,greed,0.1216991441904147,100.0,0.3295880149812734,21.59800249687889,0.0299625468164794,79.9625468164794,0.2991940242374144,18.817028060216884,0.4493430711610484,61.23357677902621
20250611,71.7,greed,0.120938997169486,100.0,0.6966292134831461,82.77153558052433,0.0224719101123595,72.47191011235955,0.296932932496758,19.654469445645177,1.344392134831461,83.60980337078652
20250612,62.79,greed,0.1174548446908663,100.0,0.4906367041198501,48.439450686641685,0.0262172284644194,76.21722846441948,0.2948425270580844,20.428693682190957,0.7549479400749064,68.87369850187267
20250613,34.33,fear,0.0841822540370369,100.0,0.2022471910112359,0.3745318352059896,0.0074906367041198,57.49063670411984,0.312791856975356,13.780793712831112,-2.3026131086142323,0.0
20250616,68.52,greed,0.1034049151484806,100.0,0.6842105263157895,80.7017543859649,0.018796992481203,68.796992481203,0.3197335695206284,11.2097890664339,1.2758093984962406,81.89523496240602
20250617,49.19,neutral,0.0982581664183492,100.0,0.3558052434456928,25.96754057428214,0.0112359550561797,61.23595505617977,0.3069749040470843,15.935220723302097,-0.2869022471910112,42.82744382022472
20250618,44.33,fear,0.0900618862196618,100.0,0.3146067415730337,19.10112359550561,0.0037453183520599,53.745318352059925,0.3028811187903059,17.451437485071892,-0.746881647940075,31.327958801498124
20250619,33.88,fear,0.0677708524150211,100.0,0.097378277153558,0.0,0.0037453183520599,53.745318352059925,0.3077622870093162,15.64359740395696,-3.08770786516854,0.0
20250620,42.39,fear,0.0527948055334939,100.0,0.2808988764044944,13.48314606741573,-0.0149812734082396,35.018726591760306,0.2243084954704272,46.552409085026966,-1.3243258426966291,16.891853932584272
20250623,83.6,extreme greed,0.0680531775233315,100.0,0.8726591760299626,100.0,0.0224719101123595,72.47191011235955,0.2270348823580571,45.54263616368254,2.395549812734082,100.0
20250624,79.44,extreme greed,0.1056167904555891,100.0,0.902621722846442,100.0,0.0112359550561797,61.23595505617977,0.2529555559707669,35.94238667749373,2.753306741573034,100.0
20250625,78.79,extreme greed,0.1190866324229251,100.0,0.6891385767790262,81.5230961298377,0.0374531835205992,87.45318352059924,0.2570900835500975,34.41108016663054,1.6228887640449436,90.57221910112358
20250626,68.68,greed,0.1069485905688141,100.0,0.376865671641791,29.477611940298495,0.0298507462686567,79.8507462686567,0.2538134810274515,35.62463665649945,1.9384145522388063,98.46036380597016
20250627,66.14,greed,0.1165230269579962,100.0,0.5692883895131086,61.548064918851416,0.0187265917602996,68.72659176029963,0.2379664487672192,41.49390786399288,0.3581138576779025,58.95284644194756
20250630,72.37,greed,0.1204541633273312,100.0,0.6816479400749064,80.27465667915105,0.0149812734082397,64.98127340823969,0.2373339419962853,41.72816963100543,0.9936898876404494,74.84224719101124
20250701,58.26,greed,0.1261208232875121,100.0,0.4232209737827715,37.20349563046192,0.0149812734082397,64.98127340823969,0.2359528108536529,42.23969968383222,-0.1259513108614232,46.85121722846442
20250702,51.72,neutral,0.110223726572906,100.0,0.3295880149812734,21.59800249687889,0.0074906367041198,57.49063670411984,0.2377426174240336,41.57680836146902,-0.483032584269663,37.924185393258426
20250703,61.15,greed,0.1105462637074097,100.0,0.5393258426966292,56.55430711610485,0.0037453183520599,53.745318352059925,0.2375700583917281,41.640719114174765,0.1520460674157303,53.80115168539326
20250704,38.41,fear,0.087590279182379,100.0,0.0970149253731343,0.0,0.003731343283582,53.73134328358209,0.2465212690031104,38.32545592477389,-2.25734552238806,0.0
20250707,52.79,neutral,0.0755600494414439,100.0,0.3947368421052631,32.45614035087719,0.0,50.0,0.2447954829536063,38.964635943108746,-0.2991999999999999,42.52
20250708,75.81,extreme greed,0.0880101691640122,100.0,0.8383458646616542,100.0,0.0075187969924812,57.5187969924812,0.2479442812001457,37.79841437031638,1.3487214285714286,83.7180357142857
20250709,42.24,fear,0.0774679129252924,100.0,0.1729323308270676,0.0,0.0037593984962406,53.75939849624059,0.249311419113677,37.2920669949344,-1.193666917293233,20.158327067669173
20250710,68.39,greed,0.0733638379267631,100.0,0.5939849624060151,65.6641604010025,0.0150375939849624,65.0375939849624,0.2492362793421898,37.31989653992969,0.95683007518797,73.92075187969924
20250711,74.05,greed,0.0803563849374331,100.0,0.7180451127819549,86.34085213032581,0.0112781954887218,61.2781954887218,0.2265939470171589,45.70594554920039,1.0769293233082708,76.92323308270676
20250714,65.91,greed,0.0835513123465405,100.0,0.5970149253731343,66.1691542288557,0.003731343283582,53.73134328358209,0.2182820456075331,48.78442755276551,0.4338522388059702,60.84630597014925
20250715,49.12,neutral,0.0684259355198118,100.0,0.2238805970149253,3.980099502487561,0.0149253731343283,64.92537313432835,0.2220793968927484,47.378001150833896,-0.8282850746268656,29.29287313432836
20250716,61.07,greed,0.0688115420723662,100.0,0.4514925373134328,41.91542288557213,0.0111940298507462,61.19402985074627,0.2206726227599132,47.89902860743954,0.1735858208955223,54.33964552238806
20250717,66.34,greed,0.0754321799792132,100.0,0.5243445692883895,54.05742821473156,0.0149812734082397,64.98127340823969,0.2079399634139919,52.61482836518818,0.4021629213483145,60.054073033707866
20250718,54.73,neutral,0.0659320621227681,100.0,0.2771535580524344,12.858926342072408,0.0112359550561797,61.23595505617977,0.2024666731415838,54.6419729105245,-0.2030426966292135,44.92393258426966
20250721,88.55,extreme greed,0.0884782308655751,100.0,0.7790262172284644,96.50436953807738,0.0449438202247191,94.9438202247191,0.2114853711549992,51.30171438703731,2.356611235955056,100.0
20250722,87.31,extreme greed,0.0903636605992577,100.0,0.6329588014981273,72.15980024968788,0.0524344569288389,100.0,0.1711605418287331,66.23683635972847,1.9268614232209735,98.17153558052432
20250723,41.97,fear,0.0709830287976085,100.0,0.1797752808988764,0.0,-0.0112359550561797,38.764044943820224,0.1751279355760623,64.76743126812508,-1.7476842696629211,6.307893258426967
20250724,83.17,extreme greed,0.0804853586120912,100.0,0.8614232209737828,100.0,0.0074906367041198,57.49063670411984,0.1757971868782119,64.51956041547706,1.7544460674157305,93.86115168539328
20250725,54.18,neutral,0.0839346141063082,100.0,0.299625468164794,16.60424469413233,0.0037453183520599,53.745318352059925,0.1729152955239229,65.58692758373223,-0.6011704119850186,34.97073970037453
20250728,59.72,greed,0.0791201894689896,100.0,0.3970037453183521,32.833957553058674,0.0,50.0,0.1724076250672257,65.77495367880528,-0.0012104868913858,49.96973782771536
20250729,61.82,greed,0.0843115881559442,100.0,0.3670411985018726,27.840199750312102,0.0149812734082397,64.98127340823969,0.1724087044319896,65.7745539140779,0.0198835205992509,50.49708801498127
20250730,53.68,neutral,0.0632971657704097,100.0,0.3033707865168539,17.228464419475653,0.0037453183520599,53.745318352059925,0.1783830630588283,63.56182849673023,-0.6456913857677904,33.85771535580524
20250731,55.03,greed,0.0487521688003829,98.75216880038292,0.1672862453531598,0.0,0.0074349442379182,57.43494423791821,0.1829323280419157,61.87691554003119,0.284033457249071,57.10083643122677
20250801,68.06,greed,0.0442139508168084,94.21395081680843,0.587360594795539,64.56009913258983,0.0074349442379182,57.43494423791821,0.170084503465825,66.63536908673146,0.2982486988847584,57.456217472118965
20250804,68.79,greed,0.0520513489746572,100.0,0.587360594795539,64.56009913258983,0.0037174721189591,53.71747211895911,0.1693146719925046,66.92049185462791,0.3490895910780669,58.72723977695167
20250805,65.13,greed,0.052306073398934,100.0,0.5055762081784386,50.92936802973976,0.0037174721189591,53.71747211895911,0.1629533971969624,69.27651955668057,0.0691416356877323,51.72854089219331
20250806,81.54,extreme greed,0.066522449806976,100.0,0.7360594795539034,89.3432465923172,0.0185873605947955,68.58736059479554,0.1685193295043263,67.21506314654579,1.3020486988847584,82.55121747211895
20250807,66.46,greed,0.0644314159497061,100.0,0.4275092936802974,37.91821561338289,0.0223048327137546,72.30483271375465,0.1682080782039831,67.33034140593216,0.1897750929368029,54.74437732342008
20250808,57.69,greed,0.0499231170599734,99.92311705997344,0.2444444444444444,7.407407407407403,0.0148148148148148,64.81481481481481,0.1729802675350417,65.56286387591047,0.0296492592592592,50.741231481481485
20250811,74.53,greed,0.0608579074731645,100.0,0.7,83.33333333333331,0.0074074074074074,57.407407407407405,0.1766663641377006,64.19764291196273,0.7087051851851851,67.71762962962963
20250812,52.5,neutral,0.0530244509050157,100.0,0.237037037037037,6.172839506172839,0.0074074074074074,57.407407407407405,0.1726112342117449,65.69954288453891,-0.6707344444444444,33.231638888888895
20250813,59.16,greed,0.0606979781111192,100.0,0.3333333333333333,22.22222222222221,0.0111111111111111,61.11111111111112,0.1743891678617328,65.04104894009893,-0.1035625925925925,47.41093518518519
20250814,41.98,fear,0.0384668720104666,88.46687201046662,0.092250922509225,0.0,0.011070110701107,61.07011070110702,0.1881225283284492,59.9546191376114,-1.9839029520295204,0.4024261992619904
20250815,88.17,extreme greed,0.0684935908610071,100.0,0.970479704797048,100.0,0.040590405904059,90.59040590405904,0.2142595007890009,50.27425896703668,3.135355350553505,100.0
20250818,82.99,extreme greed,0.1389512051471768,100.0,0.981549815498155,100.0,0.081180811808118,100.0,0.3096739948177635,14.935557474902396,4.895869741697417,100.0
20250819,71.75,greed,0.1509526033764787,100.0,0.6937269372693727,82.28782287822878,0.033210332103321,83.21033210332104,0.3111164122850269,14.401328783323336,1.1538785977859778,78.84696494464944
20250820,72.73,greed,0.1621021351058351,100.0,0.6213235294117647,70.22058823529412,0.025735294117647,75.73529411764707,0.302193031514327,17.706284624323317,2.130426838235294,100.0
20250821,37.23,fear,0.1417190839396056,100.0,0.2610294117647059,10.17156862745098,-0.0073529411764705,42.64705882352941,0.3113825477433704,14.302760095048,-1.2380242647058823,19.049393382352942
20250822,54.25,neutral,0.1478523869508339,100.0,0.304029304029304,17.33821733821733,0.0146520146520146,64.65201465201466,0.3114708326937879,14.270061965263736,0.9994945054945054,74.98736263736264
20250825,54.89,neutral,0.1488407841854113,100.0,0.4432234432234432,40.53724053724053,0.0109890109890109,60.98901098901099,0.3104447040083731,14.650109626528476,0.3309509157509157,58.27377289377289
20250826,45.1,neutral,0.1384452521202674,100.0,0.282051282051282,13.675213675213673,0.0146520146520146,64.65201465201466,0.3135333666850473,13.506160487019528,-0.6527879120879121,33.6803021978022
20250827,33.48,fear,0.1075387070664497,100.0,0.1245421245421245,0.0,0.0073260073260073,57.32600732600732,0.3227393245801208,10.096546451807086,-2.420367032967033,0.0
20250828,64.9,greed,0.109196125999192,100.0,0.5567765567765568,59.46275946275945,0.0183150183150183,68.31501831501832,0.3175559635475038,12.0163097972208,1.3889007326007328,84.72251831501832
20250829,59.94,greed,0.1216290711234215,100.0,0.5384615384615384,56.4102564102564,0.0183150183150183,68.31501831501832,0.3177049530263259,11.961128508768155,0.5210054945054946,63.02513736263736
20250901,63.58,greed,0.1161469793878,100.0,0.5457875457875457,57.63125763125762,0.0293040293040293,79.3040293040293,0.318816195590374,11.549557188750342,0.7775575091575092,69.43893772893773
20250902,76.26,extreme greed,0.1193578715717307,100.0,0.717948717948718,86.3247863247863,0.0366300366300366,86.63003663003663,0.3187198706979535,11.585233074832018,1.871302564102564,96.78256410256412
20250903,28.32,fear,0.1018704721989378,100.0,0.1684981684981685,0.0,-0.0183150183150183,31.684981684981683,0.3232224680346897,9.917604431596388,-2.3872175824175828,0.0
20250904,74.18,greed,0.092144125721252,100.0,0.6996336996336996,83.27228327228326,0.0329670329670329,82.96703296703298,0.3255401133185845,9.05921728941314,1.8238545787545783,95.59636446886446
20250905,80.0,extreme greed,0.1468679035174986,100.0,0.9230769230769232,100.0,0.0549450549450549,100.0,0.3628270093178886,0.0,4.060597435897435,100.0
20250908,57.2,greed,0.1657865252265915,100.0,0.4817518248175182,46.95863746958637,-0.010948905109489,39.05109489051095,0.3647222939467956,0.0,2.626140145985402,100.0
20250909,30.73,fear,0.1400467718779789,100.0,0.1678832116788321,0.0,0.0036496350364963,53.64963503649636,0.375095707112079,0.0,-2.42927299270073,0.0
20250910,36.51,fear,0.1369235894993654,100.0,0.2481751824817518,8.029197080291969,0.0036496350364963,53.64963503649636,0.3757809830999563,0.0,-1.1656211678832118,20.859470802919702
20250911,64.09,greed,0.1532585770692365,100.0,0.6981818181818182,83.03030303030302,0.0145454545454545,64.54545454545453,0.3655717382611271,0.0,0.9146847272727272,72.86711818181819
20250912,35.79,fear,0.1276784394465997,100.0,0.2218181818181818,3.636363636363636,0.0,50.0,0.3673764385809694,0.0,-0.9877480000000002,25.306299999999997
20250915,57.87,greed,0.1308745493409604,100.0,0.4708029197080292,45.13381995133819,0.0145985401459854,64.5985401459854,0.2802377201556384,25.83788142383761,0.1506875912408758,53.7671897810219
20250916,58.64,greed,0.1369121679423306,100.0,0.4468864468864469,41.14774114774114,0.0219780219780219,71.97802197802197,0.2776336515214054,26.80235128836837,0.1300010989010989,53.25002747252747
20250917,62.24,greed,0.1287854172402223,100.0,0.5384615384615384,56.4102564102564,0.0109890109890109,60.98901098901099,0.2755669164203261,27.567808733212544,0.6493945054945055,66.23486263736264
20250918,46.07,neutral,0.1159237252078995,100.0,0.2893772893772894,14.896214896214897,0.0036630036630036,53.663003663003664,0.2718698419408654,28.937095577457256,-0.6865065934065936,32.83733516483516
20250919,46.14,neutral,0.1050020997552829,100.0,0.2372262773722627,6.204379562043791,0.0072992700729927,57.29927007299271,0.2722602312803978,28.792506933186004,-0.4632339416058393,38.41915145985402
20250922,42.22,fear,0.1111485999221464,100.0,0.2591240875912409,9.854014598540145,0.010948905109489,60.94890510948905,0.2734520005039688,28.35111092445598,-1.5213839416058397,11.965401459854014
20250923,34.61,fear,0.080724188483668,100.0,0.069090909090909,0.0,0.0,50.0,0.2877085010615153,23.070925532772108,-3.359972727272727,0.0
20250924,75.55,extreme greed,0.1012375940085243,100.0,0.8581818181818182,100.0,0.0109090909090909,60.909090909090914,0.2817586443399036,25.27457617040608,1.6617756363636362,91.54439090909092
20250925,38.58,fear,0.0847315355106046,100.0,0.144927536231884,0.0,0.0036231884057971,53.62318840579711,0.2865099358052083,23.51483859066357,-1.369145652173913,15.771358695652175
20250926,41.77,fear,0.0637398356039355,100.0,0.2898550724637681,14.975845410628017,0.0,50.0,0.289585808329682,22.375626544562195,-1.1409869565217392,21.47532608695652
20250929,61.32,greed,0.0694462305285052,100.0,0.6014492753623188,66.90821256038646,0.0072463768115942,57.2463768115942,0.2908678657713837,21.90079045504308,0.4225945652173913,60.56486413043479
20250930,48.53,neutral,0.0604248158542783,100.0,0.391304347826087,31.88405797101449,0.0,50.0,0.291105528695961,21.81276714964405,-0.4409731884057971,38.97567028985507
20251009,57.42,greed,0.0570461692046488,100.0,0.4528985507246377,42.14975845410628,0.0144927536231884,64.4927536231884,0.2867024717486819,23.443528981969635,0.2805329710144927,57.01332427536232
20251010,66.83,greed,0.0425949655095636,92.59496550956364,0.6606498194945848,76.77496991576412,0.003610108303249,53.61010830324911,0.2885949167058091,22.742623442292924,1.5370992779783397,88.42748194945848
20251013,52.0,neutral,0.026588123944246,76.58812394424604,0.2635379061371841,10.58965102286402,0.0324909747292418,82.49097472924188,0.2147133705780448,50.10615904516859,-0.3915169675090252,40.21207581227437
20251014,53.29,neutral,0.0221666176331729,72.16661763317296,0.4368231046931408,39.47051744885679,0.003610108303249,53.61010830324911,0.1987605125087112,56.0146249967736,-0.1931469314079422,45.171326714801445
20251015,75.76,extreme greed,0.0370508051042697,87.05080510426973,0.7689530685920578,94.82551143200962,0.0144404332129963,64.44043321299638,0.2031990376278377,54.370726804504535,1.1254620938628157,78.1365523465704
20251016,40.68,fear,0.0223220218084212,72.32202180842124,0.1546762589928057,0.0,-0.0035971223021582,46.40287769784173,0.2059753500635661,53.342462939419946,-0.746485251798561,31.337868705035977
20251017,26.65,fear,-0.0168304381543559,33.16956184564408,0.0755395683453237,0.0,0.0035971223021582,53.59712230215828,0.2245496505874783,46.46309237500802,-2.742155395683453,0.0
20251020,59.03,greed,-0.0199324212149741,30.067578785025816,0.6726618705035972,78.77697841726618,0.0179856115107913,67.98561151079137,0.2180909614761307,48.85519945328491,0.7788690647482014,69.47172661870503
20251021,72.69,greed,-0.0007808371212203,49.219162878779656,0.9316546762589928,100.0,0.0215827338129496,71.58273381294964,0.2348476429384137,42.64902113392085,3.119380575539569,100.0
20251022,58.75,greed,0.0068932363411728,56.893236341172894,0.6007194244604317,66.78657074340528,0.014388489208633,64.3884892086331,0.2364521894111826,42.05474466252493,0.544988129496403,63.62470323741008
20251023,33.81,fear,-0.0046820294426097,45.31797055739024,0.2661870503597122,11.031175059952036,-0.0071942446043165,42.80575539568346,0.2373949483438845,41.705574687450174,-0.8726964028776979,28.18258992805756
20251024,54.55,neutral,0.0059543839477926,55.954383947792685,0.5611510791366906,60.19184652278176,0.0071942446043165,57.19424460431655,0.2433392807158745,39.50397010523166,0.3968597122302158,59.92149280575539
20251027,47.19,neutral,0.0033780050535123,53.37800505351238,0.4316546762589928,38.609112709832125,0.0035971223021582,53.59712230215828,0.2428186537357156,39.69679491269793,0.0276093525179856,50.69023381294964
20251028,45.25,neutral,-0.0091546344827676,40.845365517232345,0.2939068100358423,15.65113500597371,0.017921146953405,67.92114695340501,0.2412599847695512,40.27407971498101,0.4623372759856631,61.558431899641576
20251029,80.0,extreme greed,0.0729791333417777,100.0,0.989247311827957,100.0,0.078853046594982,100.0,0.3844432842065818,0.0,5.506882078853046,100.0
20251030,34.79,fear,0.0576978812481321,100.0,0.2329749103942652,5.495818399044204,0.003584229390681,53.584229390681,0.3805053714846971,0.0,-1.405768458781362,14.855788530465952
20251031,68.69,greed,0.0760585049848852,100.0,0.7849462365591398,97.49103942652329,0.017921146953405,67.92114695340501,0.3831442163549218,0.0,1.1209594982078854,78.02398745519714
20251103,54.36,neutral,0.0638532324843992,100.0,0.3571428571428571,26.190476190476183,0.0107142857142857,60.71428571428572,0.3787087233470375,0.0,1.3963232142857145,84.90808035714285
20251104,29.93,fear,0.0364273054121824,86.42730541218242,0.1214285714285714,0.0,0.0035714285714285,53.57142857142857,0.389064191263454,0.0,-1.6130846428571428,9.67288392857143
20251105,58.61,greed,0.033156800912707,83.15680091270701,0.65,74.99999999999999,0.0142857142857142,64.28571428571429,0.3882839212871322,0.0,0.8247589285714287,70.61897321428572
20251106,30.24,fear,0.0284468124814709,78.44681248147096,0.1892857142857142,0.0,0.0,50.0,0.3884772410655873,0.0,-1.0904042857142855,22.739892857142856
20251107,39.88,fear,0.0295574069891106,79.55740698911069,0.2419928825622775,6.998813760379593,0.0106761565836298,60.67615658362989,0.3856963752880526,0.0,0.0864252669039145,52.160631672597866
20251110,44.49,fear,0.021926165639474,71.92616563947402,0.4519572953736654,41.99288256227757,0.0071174377224199,57.11743772241993,0.3833813845501533,0.0,0.0566056939501779,51.41514234875445
20251111,49.04,neutral,0.0108891260674315,60.88912606743153,0.5480427046263345,58.007117437722414,0.0142348754448398,64.23487544483986,0.3853355501187979,0.0,0.4826078291814946,62.06519572953737
20251112,39.63,fear,0.0061060297275203,56.1060297275204,0.4555160142348754,42.58600237247923,0.0071174377224199,57.11743772241993,0.3812315769841385,0.0,-0.3061391459074733,42.34652135231317
20251113,68.17,greed,0.0317343180635716,81.73431806357164,0.8149466192170819,100.0,0.0213523131672597,71.35231316725978,0.3892225548692845,0.0,1.511340925266904,87.7835231316726
20251114,25.32,fear,0.0208194237701855,70.81942377018552,0.1779359430604982,0.0,-0.0035587188612099,46.44128113879004,0.3639935513688804,0.0,-1.627362633451957,9.315934163701073
20251117,34.94,fear,0.0284688531332228,78.4688531332229,0.2633451957295373,10.557532621589557,0.0071174377224199,57.11743772241993,0.3638099733985034,0.0,-0.857353024911032,28.5661743772242
20251118,25.28,fear,-0.0019294978799611,48.070502120038896,0.1134751773049645,0.0,0.0,50.0,0.3757762414542202,0.0,-0.8671744680851063,28.320638297872343
20251119,18.76,extreme fear,-0.0158980098186517,34.10199018134825,0.1843971631205673,0.0,0.0,50.0,0.3782740661468141,0.0,-1.6124017730496454,9.689955673758863
20251120,19.33,extreme fear,-0.0262432673579903,23.756732642009684,0.2163120567375886,2.7186761229314413,0.0035460992907801,53.54609929078013,0.3782710929576737,0.0,-1.3353847517730495,16.615381205673764
20251121,20.44,extreme fear,-0.0716354142816513,0.0,0.07773851590106,0.0,-0.0035335689045936,46.46643109540637,0.4103857444351099,0.0,0.2295469964664308,55.738674911660766
20251124,43.36,fear,-0.0657948600640316,0.0,0.7773851590106007,96.2308598351001,0.0,50.0,0.4117047613840317,0.0,0.8222289752650177,70.55572438162544
20251125,44.6,fear,-0.0586534116882012,0.0,0.823321554770318,100.0,0.0035335689045936,53.53356890459363,0.4117124392251042,0.0,0.7786127208480565,69.46531802120141
20251126,24.56,extreme fear,-0.0625594019218848,0.0,0.215547703180212,2.5912838633686675,0.0070671378091872,57.06713780918729,0.258620279938684,33.844340763450376,-0.828025441696113,29.299363957597173
20251127,26.92,fear,-0.0683339833958376,0.0,0.204225352112676,0.704225352112675,0.0070422535211267,57.04225352112676,0.2573272872820882,34.32322693255992,-0.2989401408450704,42.52649647887324
20251128,39.01,fear,-0.0647544527216705,0.0,0.4929577464788732,48.8262910798122,0.0035211267605633,53.52112676056338,0.2434136337770063,39.47643193444208,0.1298595070422535,53.24648767605634
20251201,59.17,greed,-0.0505030096080801,0.0,0.9295774647887324,100.0,0.0105633802816901,60.56338028169014,0.2547528269360105,35.27673076444056,2.434047535211268,100.0
20251202,27.47,fear,-0.0576310695158232,0.0,0.1228070175438596,0.0,0.0035087719298245,53.50877192982456,0.244584689051636,39.042707758653314,-0.2076649122807016,44.80837719298246
20251203,19.81,extreme fear,-0.0612811988561202,0.0,0.1508771929824561,0.0,-0.0035087719298245,46.491228070175445,0.2444462618479033,39.09397709336911,-1.4615214035087718,13.461964912280704
20251204,19.99,extreme fear,-0.0645272650267064,0.0,0.1578947368421052,0.0,0.0035087719298245,53.50877192982456,0.2444476536255306,39.09346162017384,-1.7058245614035086,7.354385964912286
20251205,57.62,greed,-0.050194761497943,0.0,0.9017543859649124,100.0,0.0105263157894736,60.526315789473685,0.2533864700607109,35.782788866403365,1.6715950877192982,91.78987719298246
20251208,53.57,neutral,-0.0381157136489639,11.884286351036067,0.7859649122807018,97.66081871345028,0.0035087719298245,53.50877192982456,0.2597039660653827,33.44297553133971,0.854982456140351,71.37456140350878
20251209,17.77,extreme fear,-0.0544389764548161,0.0,0.0982456140350877,0.0,0.0035087719298245,53.50877192982456,0.2635097878221496,32.03341191772236,-1.867161052631579,3.3209736842105264
20251210,28.91,fear,-0.062296580300201,0.0,0.3298245614035088,21.6374269005848,0.0035087719298245,53.50877192982456,0.2641741998095754,31.78733340386096,-0.4945901754385965,37.635245614035085
20251211,65.83,greed,-0.0263669524066485,23.633047593351456,0.9825174825174824,100.0,0.0314685314685314,81.46853146853147,0.2850698640157826,24.04819851267308,3.299493006993007,100.0
20251212,45.85,neutral,-0.0234400143300599,26.55998566994007,0.5,49.99999999999999,0.0174825174825174,67.4825174825175,0.2844210999736602,24.28848149123695,0.4364905594405595,60.91226398601399
20251215,39.5,fear,-0.0343136490599647,15.686350940035302,0.4265734265734265,37.76223776223775,0.0174825174825174,67.4825174825175,0.2833785776808063,24.674600858960616,0.0753576923076923,51.88394230769231
20251216,61.19,greed,-0.0292865177710547,20.71348222894527,0.7657342657342657,94.28904428904428,0.0209790209790209,70.97902097902097,0.2670914203287368,30.70688135972709,1.5710751748251748,89.27687937062937
20251217,40.06,fear,-0.0299033255472646,20.0966744527354,0.5104895104895105,51.74825174825174,0.0,50.0,0.2628687259260484,32.27084224961169,-0.1534503496503496,46.16374125874126
20251218,37.23,fear,-0.0350293874873757,14.970612512624283,0.3391608391608391,23.19347319347319,0.0174825174825174,67.4825174825175,0.2607805738835977,33.04423189496379,-0.1017038461538461,47.457403846153845
20251219,59.21,greed,-0.0259280682909929,24.07193170900708,0.8321678321678322,100.0,-0.0104895104895104,39.51048951048951,0.1954452669478647,57.242493723013055,1.0082146853146852,75.20536713286712
20251222,50.01,neutral,-0.0241426934267557,25.85730657324421,0.5174825174825175,52.91375291375291,0.0069930069930069,56.993006993006986,0.1949352854219502,57.43137576964805,0.274143006993007,56.85357517482517
20251223,22.44,extreme fear,-0.0308076997652243,19.19230023477565,0.1153846153846153,0.0,-0.0139860139860139,36.01398601398601,0.1961676511612261,56.9749440143607,-2.0519772727272727,0.0
20251224,49.55,neutral,-0.027179210123897,22.82078987610299,0.486013986013986,47.668997668997655,0.0104895104895104,60.48951048951049,0.1951072496322226,57.36768532139904,0.3754451048951048,59.38612762237763
20251225,57.59,greed,-0.0189323886823227,31.06761131767728,0.5679442508710801,61.32404181184668,0.0104529616724738,60.45296167247386,0.1938997187605201,57.81491897758512,1.090989198606272,77.27472996515681
20251226,40.42,fear,-0.0157217952627931,34.27820473720684,0.2787456445993031,13.12427409988385,0.0034843205574912,53.48432055749128,0.1938726111054012,57.8249588498514,-0.2649731707317073,43.37567073170732
20251229,29.84,fear,-0.0202412042859077,29.7587957140923,0.1428571428571428,0.0,-0.0034843205574912,46.51567944250871,0.1896145658560477,59.40201264590826,-1.459959581881533,13.501010452961676
20251230,42.78,fear,-0.0241691747170849,25.830825282915093,0.3693379790940767,28.22299651567944,0.0069686411149825,56.968641114982574,0.1877059040205996,60.10892443681495,-0.2901080139372822,42.74729965156794
20251231,52.99,neutral,-0.0309479542385539,19.052045761446102,0.397212543554007,32.86875725900116,0.0034843205574912,53.48432055749128,0.1892609934843853,59.53296537615357,2.8454306620209064,100.0
20260105,67.64,greed,-0.013606513241412,36.393486758587954,0.7902097902097902,98.36829836829835,0.0139860139860139,63.98601398601398,0.1965238396020463,56.84302236961247,1.305233916083916,82.6308479020979
20260106,77.56,extreme greed,0.0040218882678473,54.02188826784733,0.9230769230769232,100.0,0.0279720279720279,77.97202797202797,0.1992616022566517,55.82903620124008,2.3816125874125875,100.0
20260107,43.77,fear,0.0057590049266109,55.75900492661097,0.3321678321678322,22.027972027972027,-0.0069930069930069,43.00699300699301,0.1959308222590605,57.06265842257015,-0.3600202797202796,40.999493006993006
20260108,69.14,greed,0.0133123197452444,63.312319745244494,0.6923076923076923,82.05128205128204,0.0139860139860139,63.98601398601398,0.1823691346543481,62.085505683574745,0.9702786713286712,74.25696678321678
20260109,69.74,greed,0.0234169863968143,73.41698639681434,0.7038327526132404,83.97212543554006,0.0034843205574912,53.48432055749128,0.1778789283340168,63.748545061475255,0.9632620209059234,74.08155052264809
20260112,89.7,extreme greed,0.0770112097826662,100.0,0.9477351916376306,100.0,0.1045296167247386,100.0,0.2190445535526781,48.50201720271181,4.401617770034844,100.0
20260113,47.28,neutral,0.0491702270945717,99.17022709457174,0.3554006968641115,25.900116144018583,-0.0034843205574912,46.51567944250871,0.2443280029688092,39.13777667821879,-0.9720919860627176,25.69770034843206
20260114,78.71,extreme greed,0.0585053509433997,100.0,0.6445993031358885,74.0998838559814,0.03832752613240418,88.32752613240419,0.23854353124154276,41.280173614243424,1.5938425087108015,89.84606271777004
20260115,28.68,fear,0.03373669939346491,83.7366993934649,0.21254355400696864,2.0905923344947714,-0.0313588850174216,18.6411149825784,0.258199566751693,34.00016046233593,-1.802645993031359,4.933850174216026
20260116,56.01,greed,0.03531948335710955,85.31948335710955,0.4166666666666667,36.11111111111111,0.003472222222222222,53.47222222222222,0.2578092205338401,34.144733135614786,0.8395704861111113,70.98926215277778
20260119,54.04,neutral,0.03478871797551464,84.78871797551464,0.4097222222222222,34.953703703703695,0.01388888888888889,63.88888888888889,0.25607628017744727,34.78656289724175,0.07104375,51.776093749999994
20260120,42.66,fear,0.013569290660514932,63.56929066051493,0.3263888888888889,21.06481481481481,0.010416666666666666,60.416666666666664,0.26876057215443827,30.088676979837672,-0.472825,38.179375
20260121,52.4,neutral,0.014455338023912079,64.45533802391208,0.46366782006920415,43.94463667820068,0.006920415224913494,56.9204152249135,0.26879095981164736,30.077422291982458,0.6643799307958478,66.60949826989619
20260122,69.03,greed,0.021033820155917704,71.03382015591771,0.7034482758620689,83.90804597701147,0.013793103448275862,63.79310344827586,0.26706223673522234,30.717690098065802,1.828273448275862,95.70683620689655
20260123,79.72,extreme greed,0.059279649615730845,100.0,0.8068965517241379,100.0,0.03103448275862069,81.03448275862068,0.29458737597446355,20.52319408353202,1.881433793103448,97.0358448275862
20260126,36.07,fear,0.04324527211663942,93.24527211663943,0.22758620689655173,4.597701149425286,0.006896551724137931,56.896551724137936,0.30201503305308036,17.772209980340605,-1.6864768965517243,7.838077586206893
20260127,38.53,fear,0.042106187962832387,92.1061879628324,0.2482758620689655,8.045977011494248,-0.0034482758620689655,46.55172413793103,0.302388612086422,17.633847375399256,-0.8683037931034482,28.292405172413794
20260128,48.93,neutral,0.03987781081171371,89.87781081171372,0.3711340206185567,28.52233676975945,0.006872852233676976,56.87285223367697,0.30153643450790474,17.949468700776023,0.0580192439862543,51.45048109965635
20260129,38.43,fear,0.021838351284630075,71.83835128463008,0.2920962199312715,15.349369988545245,0.006872852233676976,56.87285223367697,0.3093010213505619,15.073695796088174,-0.6789058419243986,33.027353951890035
